ISO-10303-21;
HEADER;
FILE_DESCRIPTION(('KiCad electronic assembly'),'2;1');
FILE_NAME('LevelsFaceplate.step','2026-10-08T16:59:02',('Pcbnew'),(
    'Kicad'),'Open CASCADE STEP processor 7.9','KiCad to STEP converter'
  ,'Unknown');
FILE_SCHEMA(('AUTOMOTIVE_DESIGN { 1 0 10303 214 1 1 1 1 }'));
ENDSEC;
DATA;
#1 = APPLICATION_PROTOCOL_DEFINITION('international standard',
  'automotive_design',2000,#2);
#2 = APPLICATION_CONTEXT(
  'core data for automotive mechanical design processes');
#3 = SHAPE_DEFINITION_REPRESENTATION(#4,#10);
#4 = PRODUCT_DEFINITION_SHAPE('','',#5);
#5 = PRODUCT_DEFINITION('design','',#6,#9);
#6 = PRODUCT_DEFINITION_FORMATION('','',#7);
#7 = PRODUCT('LevelsFaceplate 1','LevelsFaceplate 1','',(#8));
#8 = PRODUCT_CONTEXT('',#2,'mechanical');
#9 = PRODUCT_DEFINITION_CONTEXT('part definition',#2,'design');
#10 = SHAPE_REPRESENTATION('',(#11,#15,#19,#23,#27,#31),#35);
#11 = AXIS2_PLACEMENT_3D('',#12,#13,#14);
#12 = CARTESIAN_POINT('',(0.,0.,0.));
#13 = DIRECTION('',(0.,0.,1.));
#14 = DIRECTION('',(1.,0.,-0.));
#15 = AXIS2_PLACEMENT_3D('',#16,#17,#18);
#16 = CARTESIAN_POINT('',(0.,0.,0.));
#17 = DIRECTION('',(0.,0.,1.));
#18 = DIRECTION('',(1.,0.,-0.));
#19 = AXIS2_PLACEMENT_3D('',#20,#21,#22);
#20 = CARTESIAN_POINT('',(0.,0.,0.));
#21 = DIRECTION('',(0.,0.,1.));
#22 = DIRECTION('',(1.,0.,-0.));
#23 = AXIS2_PLACEMENT_3D('',#24,#25,#26);
#24 = CARTESIAN_POINT('',(0.,0.,0.));
#25 = DIRECTION('',(0.,0.,1.));
#26 = DIRECTION('',(1.,0.,-0.));
#27 = AXIS2_PLACEMENT_3D('',#28,#29,#30);
#28 = CARTESIAN_POINT('',(0.,0.,0.));
#29 = DIRECTION('',(0.,0.,1.));
#30 = DIRECTION('',(1.,0.,-0.));
#31 = AXIS2_PLACEMENT_3D('',#32,#33,#34);
#32 = CARTESIAN_POINT('',(0.,0.,0.));
#33 = DIRECTION('',(0.,0.,1.));
#34 = DIRECTION('',(1.,0.,-0.));
#35 = ( GEOMETRIC_REPRESENTATION_CONTEXT(3) 
GLOBAL_UNCERTAINTY_ASSIGNED_CONTEXT((#39)) GLOBAL_UNIT_ASSIGNED_CONTEXT(
(#36,#37,#38)) REPRESENTATION_CONTEXT('Context #1',
  '3D Context with UNIT and UNCERTAINTY') );
#36 = ( LENGTH_UNIT() NAMED_UNIT(*) SI_UNIT(.MILLI.,.METRE.) );
#37 = ( NAMED_UNIT(*) PLANE_ANGLE_UNIT() SI_UNIT($,.RADIAN.) );
#38 = ( NAMED_UNIT(*) SI_UNIT($,.STERADIAN.) SOLID_ANGLE_UNIT() );
#39 = UNCERTAINTY_MEASURE_WITH_UNIT(LENGTH_MEASURE(2.E-07),#36,
  'distance_accuracy_value','confusion accuracy');
#40 = PRODUCT_RELATED_PRODUCT_CATEGORY('part',$,(#7));
#41 = SHAPE_DEFINITION_REPRESENTATION(#42,#48);
#42 = PRODUCT_DEFINITION_SHAPE('','',#43);
#43 = PRODUCT_DEFINITION('design','',#44,#47);
#44 = PRODUCT_DEFINITION_FORMATION('','',#45);
#45 = PRODUCT('LevelsFaceplate-unsaved-export-oxjU8a_copper',
  'LevelsFaceplate-unsaved-export-oxjU8a_copper','',(#46));
#46 = PRODUCT_CONTEXT('',#2,'mechanical');
#47 = PRODUCT_DEFINITION_CONTEXT('part definition',#2,'design');
#48 = ADVANCED_BREP_SHAPE_REPRESENTATION('',(#11,#49),#651);
#49 = MANIFOLD_SOLID_BREP('',#50);
#50 = CLOSED_SHELL('',(#51,#93,#124,#157,#188,#221,#252,#285,#307,#340,
    #373,#406,#439,#472,#505,#538,#571,#611));
#51 = ADVANCED_FACE('',(#52),#88,.T.);
#52 = FACE_BOUND('',#53,.T.);
#53 = EDGE_LOOP('',(#54,#64,#73,#81));
#54 = ORIENTED_EDGE('',*,*,#55,.T.);
#55 = EDGE_CURVE('',#56,#58,#60,.T.);
#56 = VERTEX_POINT('',#57);
#57 = CARTESIAN_POINT('',(142.6005,-23.474501,1.51));
#58 = VERTEX_POINT('',#59);
#59 = CARTESIAN_POINT('',(142.6005,-23.474501,1.545));
#60 = LINE('',#61,#62);
#61 = CARTESIAN_POINT('',(142.6005,-23.474501,1.51));
#62 = VECTOR('',#63,1.);
#63 = DIRECTION('',(0.,0.,1.));
#64 = ORIENTED_EDGE('',*,*,#65,.T.);
#65 = EDGE_CURVE('',#58,#66,#68,.T.);
#66 = VERTEX_POINT('',#67);
#67 = CARTESIAN_POINT('',(142.7245,-23.350501,1.545));
#68 = CIRCLE('',#69,0.124001618184);
#69 = AXIS2_PLACEMENT_3D('',#70,#71,#72);
#70 = CARTESIAN_POINT('',(142.72450161817,-23.47450261817,1.545));
#71 = DIRECTION('',(0.,0.,-1.));
#72 = DIRECTION('',(-0.999999999915,1.304961773569E-05,0.));
#73 = ORIENTED_EDGE('',*,*,#74,.F.);
#74 = EDGE_CURVE('',#75,#66,#77,.T.);
#75 = VERTEX_POINT('',#76);
#76 = CARTESIAN_POINT('',(142.7245,-23.350501,1.51));
#77 = LINE('',#78,#79);
#78 = CARTESIAN_POINT('',(142.7245,-23.350501,1.51));
#79 = VECTOR('',#80,1.);
#80 = DIRECTION('',(0.,0.,1.));
#81 = ORIENTED_EDGE('',*,*,#82,.F.);
#82 = EDGE_CURVE('',#56,#75,#83,.T.);
#83 = CIRCLE('',#84,0.124001618184);
#84 = AXIS2_PLACEMENT_3D('',#85,#86,#87);
#85 = CARTESIAN_POINT('',(142.72450161817,-23.47450261817,1.51));
#86 = DIRECTION('',(0.,0.,-1.));
#87 = DIRECTION('',(-0.999999999915,1.304961773569E-05,0.));
#88 = CYLINDRICAL_SURFACE('',#89,0.124001618184);
#89 = AXIS2_PLACEMENT_3D('',#90,#91,#92);
#90 = CARTESIAN_POINT('',(142.72450161817,-23.47450261817,1.51));
#91 = DIRECTION('',(0.,0.,-1.));
#92 = DIRECTION('',(-0.999999999915,1.304961773569E-05,0.));
#93 = ADVANCED_FACE('',(#94),#119,.T.);
#94 = FACE_BOUND('',#95,.T.);
#95 = EDGE_LOOP('',(#96,#97,#105,#113));
#96 = ORIENTED_EDGE('',*,*,#74,.T.);
#97 = ORIENTED_EDGE('',*,*,#98,.T.);
#98 = EDGE_CURVE('',#66,#99,#101,.T.);
#99 = VERTEX_POINT('',#100);
#100 = CARTESIAN_POINT('',(157.2755,-23.350501,1.545));
#101 = LINE('',#102,#103);
#102 = CARTESIAN_POINT('',(142.7245,-23.350501,1.545));
#103 = VECTOR('',#104,1.);
#104 = DIRECTION('',(1.,0.,0.));
#105 = ORIENTED_EDGE('',*,*,#106,.F.);
#106 = EDGE_CURVE('',#107,#99,#109,.T.);
#107 = VERTEX_POINT('',#108);
#108 = CARTESIAN_POINT('',(157.2755,-23.350501,1.51));
#109 = LINE('',#110,#111);
#110 = CARTESIAN_POINT('',(157.2755,-23.350501,1.51));
#111 = VECTOR('',#112,1.);
#112 = DIRECTION('',(0.,0.,1.));
#113 = ORIENTED_EDGE('',*,*,#114,.F.);
#114 = EDGE_CURVE('',#75,#107,#115,.T.);
#115 = LINE('',#116,#117);
#116 = CARTESIAN_POINT('',(142.7245,-23.350501,1.51));
#117 = VECTOR('',#118,1.);
#118 = DIRECTION('',(1.,0.,0.));
#119 = PLANE('',#120);
#120 = AXIS2_PLACEMENT_3D('',#121,#122,#123);
#121 = CARTESIAN_POINT('',(142.7245,-23.350501,1.51));
#122 = DIRECTION('',(0.,1.,0.));
#123 = DIRECTION('',(1.,0.,0.));
#124 = ADVANCED_FACE('',(#125),#152,.T.);
#125 = FACE_BOUND('',#126,.T.);
#126 = EDGE_LOOP('',(#127,#128,#137,#145));
#127 = ORIENTED_EDGE('',*,*,#106,.T.);
#128 = ORIENTED_EDGE('',*,*,#129,.T.);
#129 = EDGE_CURVE('',#99,#130,#132,.T.);
#130 = VERTEX_POINT('',#131);
#131 = CARTESIAN_POINT('',(157.3995,-23.474501,1.545));
#132 = CIRCLE('',#133,0.124001618184);
#133 = AXIS2_PLACEMENT_3D('',#134,#135,#136);
#134 = CARTESIAN_POINT('',(157.27549838182,-23.47450261817,1.545));
#135 = DIRECTION('',(0.,0.,-1.));
#136 = DIRECTION('',(1.304961816544E-05,0.999999999915,0.));
#137 = ORIENTED_EDGE('',*,*,#138,.F.);
#138 = EDGE_CURVE('',#139,#130,#141,.T.);
#139 = VERTEX_POINT('',#140);
#140 = CARTESIAN_POINT('',(157.3995,-23.474501,1.51));
#141 = LINE('',#142,#143);
#142 = CARTESIAN_POINT('',(157.3995,-23.474501,1.51));
#143 = VECTOR('',#144,1.);
#144 = DIRECTION('',(0.,0.,1.));
#145 = ORIENTED_EDGE('',*,*,#146,.F.);
#146 = EDGE_CURVE('',#107,#139,#147,.T.);
#147 = CIRCLE('',#148,0.124001618184);
#148 = AXIS2_PLACEMENT_3D('',#149,#150,#151);
#149 = CARTESIAN_POINT('',(157.27549838182,-23.47450261817,1.51));
#150 = DIRECTION('',(0.,0.,-1.));
#151 = DIRECTION('',(1.304961816544E-05,0.999999999915,0.));
#152 = CYLINDRICAL_SURFACE('',#153,0.124001618184);
#153 = AXIS2_PLACEMENT_3D('',#154,#155,#156);
#154 = CARTESIAN_POINT('',(157.27549838182,-23.47450261817,1.51));
#155 = DIRECTION('',(0.,0.,-1.));
#156 = DIRECTION('',(1.304961816544E-05,0.999999999915,0.));
#157 = ADVANCED_FACE('',(#158),#183,.T.);
#158 = FACE_BOUND('',#159,.T.);
#159 = EDGE_LOOP('',(#160,#161,#169,#177));
#160 = ORIENTED_EDGE('',*,*,#138,.T.);
#161 = ORIENTED_EDGE('',*,*,#162,.T.);
#162 = EDGE_CURVE('',#130,#163,#165,.T.);
#163 = VERTEX_POINT('',#164);
#164 = CARTESIAN_POINT('',(157.3995,-151.525501,1.545));
#165 = LINE('',#166,#167);
#166 = CARTESIAN_POINT('',(157.3995,-23.474501,1.545));
#167 = VECTOR('',#168,1.);
#168 = DIRECTION('',(0.,-1.,0.));
#169 = ORIENTED_EDGE('',*,*,#170,.F.);
#170 = EDGE_CURVE('',#171,#163,#173,.T.);
#171 = VERTEX_POINT('',#172);
#172 = CARTESIAN_POINT('',(157.3995,-151.525501,1.51));
#173 = LINE('',#174,#175);
#174 = CARTESIAN_POINT('',(157.3995,-151.525501,1.51));
#175 = VECTOR('',#176,1.);
#176 = DIRECTION('',(0.,0.,1.));
#177 = ORIENTED_EDGE('',*,*,#178,.F.);
#178 = EDGE_CURVE('',#139,#171,#179,.T.);
#179 = LINE('',#180,#181);
#180 = CARTESIAN_POINT('',(157.3995,-23.474501,1.51));
#181 = VECTOR('',#182,1.);
#182 = DIRECTION('',(0.,-1.,0.));
#183 = PLANE('',#184);
#184 = AXIS2_PLACEMENT_3D('',#185,#186,#187);
#185 = CARTESIAN_POINT('',(157.3995,-23.474501,1.51));
#186 = DIRECTION('',(1.,0.,-0.));
#187 = DIRECTION('',(0.,-1.,0.));
#188 = ADVANCED_FACE('',(#189),#216,.T.);
#189 = FACE_BOUND('',#190,.T.);
#190 = EDGE_LOOP('',(#191,#192,#201,#209));
#191 = ORIENTED_EDGE('',*,*,#170,.T.);
#192 = ORIENTED_EDGE('',*,*,#193,.T.);
#193 = EDGE_CURVE('',#163,#194,#196,.T.);
#194 = VERTEX_POINT('',#195);
#195 = CARTESIAN_POINT('',(157.2755,-151.649501,1.545));
#196 = CIRCLE('',#197,0.124001618184);
#197 = AXIS2_PLACEMENT_3D('',#198,#199,#200);
#198 = CARTESIAN_POINT('',(157.27549838182,-151.5254993818,1.545));
#199 = DIRECTION('',(0.,0.,-1.));
#200 = DIRECTION('',(0.999999999915,-1.304961747784E-05,0.));
#201 = ORIENTED_EDGE('',*,*,#202,.F.);
#202 = EDGE_CURVE('',#203,#194,#205,.T.);
#203 = VERTEX_POINT('',#204);
#204 = CARTESIAN_POINT('',(157.2755,-151.649501,1.51));
#205 = LINE('',#206,#207);
#206 = CARTESIAN_POINT('',(157.2755,-151.649501,1.51));
#207 = VECTOR('',#208,1.);
#208 = DIRECTION('',(0.,0.,1.));
#209 = ORIENTED_EDGE('',*,*,#210,.F.);
#210 = EDGE_CURVE('',#171,#203,#211,.T.);
#211 = CIRCLE('',#212,0.124001618184);
#212 = AXIS2_PLACEMENT_3D('',#213,#214,#215);
#213 = CARTESIAN_POINT('',(157.27549838182,-151.5254993818,1.51));
#214 = DIRECTION('',(0.,0.,-1.));
#215 = DIRECTION('',(0.999999999915,-1.304961747784E-05,0.));
#216 = CYLINDRICAL_SURFACE('',#217,0.124001618184);
#217 = AXIS2_PLACEMENT_3D('',#218,#219,#220);
#218 = CARTESIAN_POINT('',(157.27549838182,-151.5254993818,1.51));
#219 = DIRECTION('',(0.,0.,-1.));
#220 = DIRECTION('',(0.999999999915,-1.304961747784E-05,0.));
#221 = ADVANCED_FACE('',(#222),#247,.T.);
#222 = FACE_BOUND('',#223,.T.);
#223 = EDGE_LOOP('',(#224,#225,#233,#241));
#224 = ORIENTED_EDGE('',*,*,#202,.T.);
#225 = ORIENTED_EDGE('',*,*,#226,.T.);
#226 = EDGE_CURVE('',#194,#227,#229,.T.);
#227 = VERTEX_POINT('',#228);
#228 = CARTESIAN_POINT('',(142.7245,-151.649501,1.545));
#229 = LINE('',#230,#231);
#230 = CARTESIAN_POINT('',(157.2755,-151.649501,1.545));
#231 = VECTOR('',#232,1.);
#232 = DIRECTION('',(-1.,0.,0.));
#233 = ORIENTED_EDGE('',*,*,#234,.F.);
#234 = EDGE_CURVE('',#235,#227,#237,.T.);
#235 = VERTEX_POINT('',#236);
#236 = CARTESIAN_POINT('',(142.7245,-151.649501,1.51));
#237 = LINE('',#238,#239);
#238 = CARTESIAN_POINT('',(142.7245,-151.649501,1.51));
#239 = VECTOR('',#240,1.);
#240 = DIRECTION('',(0.,0.,1.));
#241 = ORIENTED_EDGE('',*,*,#242,.F.);
#242 = EDGE_CURVE('',#203,#235,#243,.T.);
#243 = LINE('',#244,#245);
#244 = CARTESIAN_POINT('',(157.2755,-151.649501,1.51));
#245 = VECTOR('',#246,1.);
#246 = DIRECTION('',(-1.,0.,0.));
#247 = PLANE('',#248);
#248 = AXIS2_PLACEMENT_3D('',#249,#250,#251);
#249 = CARTESIAN_POINT('',(157.2755,-151.649501,1.51));
#250 = DIRECTION('',(0.,-1.,0.));
#251 = DIRECTION('',(-1.,0.,0.));
#252 = ADVANCED_FACE('',(#253),#280,.T.);
#253 = FACE_BOUND('',#254,.T.);
#254 = EDGE_LOOP('',(#255,#256,#265,#273));
#255 = ORIENTED_EDGE('',*,*,#234,.T.);
#256 = ORIENTED_EDGE('',*,*,#257,.T.);
#257 = EDGE_CURVE('',#227,#258,#260,.T.);
#258 = VERTEX_POINT('',#259);
#259 = CARTESIAN_POINT('',(142.6005,-151.525501,1.545));
#260 = CIRCLE('',#261,0.124001618184);
#261 = AXIS2_PLACEMENT_3D('',#262,#263,#264);
#262 = CARTESIAN_POINT('',(142.72450161817,-151.5254993818,1.545));
#263 = DIRECTION('',(0.,0.,-1.));
#264 = DIRECTION('',(-1.304961793624E-05,-0.999999999915,-0.));
#265 = ORIENTED_EDGE('',*,*,#266,.F.);
#266 = EDGE_CURVE('',#267,#258,#269,.T.);
#267 = VERTEX_POINT('',#268);
#268 = CARTESIAN_POINT('',(142.6005,-151.525501,1.51));
#269 = LINE('',#270,#271);
#270 = CARTESIAN_POINT('',(142.6005,-151.525501,1.51));
#271 = VECTOR('',#272,1.);
#272 = DIRECTION('',(0.,0.,1.));
#273 = ORIENTED_EDGE('',*,*,#274,.F.);
#274 = EDGE_CURVE('',#235,#267,#275,.T.);
#275 = CIRCLE('',#276,0.124001618184);
#276 = AXIS2_PLACEMENT_3D('',#277,#278,#279);
#277 = CARTESIAN_POINT('',(142.72450161817,-151.5254993818,1.51));
#278 = DIRECTION('',(0.,0.,-1.));
#279 = DIRECTION('',(-1.304961793624E-05,-0.999999999915,-0.));
#280 = CYLINDRICAL_SURFACE('',#281,0.124001618184);
#281 = AXIS2_PLACEMENT_3D('',#282,#283,#284);
#282 = CARTESIAN_POINT('',(142.72450161817,-151.5254993818,1.51));
#283 = DIRECTION('',(0.,0.,-1.));
#284 = DIRECTION('',(-1.304961793624E-05,-0.999999999915,-0.));
#285 = ADVANCED_FACE('',(#286),#302,.T.);
#286 = FACE_BOUND('',#287,.T.);
#287 = EDGE_LOOP('',(#288,#289,#295,#296));
#288 = ORIENTED_EDGE('',*,*,#266,.T.);
#289 = ORIENTED_EDGE('',*,*,#290,.T.);
#290 = EDGE_CURVE('',#258,#58,#291,.T.);
#291 = LINE('',#292,#293);
#292 = CARTESIAN_POINT('',(142.6005,-151.525501,1.545));
#293 = VECTOR('',#294,1.);
#294 = DIRECTION('',(0.,1.,0.));
#295 = ORIENTED_EDGE('',*,*,#55,.F.);
#296 = ORIENTED_EDGE('',*,*,#297,.F.);
#297 = EDGE_CURVE('',#267,#56,#298,.T.);
#298 = LINE('',#299,#300);
#299 = CARTESIAN_POINT('',(142.6005,-151.525501,1.51));
#300 = VECTOR('',#301,1.);
#301 = DIRECTION('',(0.,1.,0.));
#302 = PLANE('',#303);
#303 = AXIS2_PLACEMENT_3D('',#304,#305,#306);
#304 = CARTESIAN_POINT('',(142.6005,-151.525501,1.51));
#305 = DIRECTION('',(-1.,0.,0.));
#306 = DIRECTION('',(0.,1.,0.));
#307 = ADVANCED_FACE('',(#308),#335,.F.);
#308 = FACE_BOUND('',#309,.T.);
#309 = EDGE_LOOP('',(#310,#320,#327,#328));
#310 = ORIENTED_EDGE('',*,*,#311,.T.);
#311 = EDGE_CURVE('',#312,#314,#316,.T.);
#312 = VERTEX_POINT('',#313);
#313 = CARTESIAN_POINT('',(151.854469,-148.75,1.51));
#314 = VERTEX_POINT('',#315);
#315 = CARTESIAN_POINT('',(151.854469,-148.75,1.545));
#316 = LINE('',#317,#318);
#317 = CARTESIAN_POINT('',(151.854469,-148.75,1.51));
#318 = VECTOR('',#319,1.);
#319 = DIRECTION('',(0.,0.,1.));
#320 = ORIENTED_EDGE('',*,*,#321,.T.);
#321 = EDGE_CURVE('',#314,#314,#322,.T.);
#322 = CIRCLE('',#323,1.854471);
#323 = AXIS2_PLACEMENT_3D('',#324,#325,#326);
#324 = CARTESIAN_POINT('',(149.999998,-148.75,1.545));
#325 = DIRECTION('',(0.,0.,1.));
#326 = DIRECTION('',(1.,0.,-0.));
#327 = ORIENTED_EDGE('',*,*,#311,.F.);
#328 = ORIENTED_EDGE('',*,*,#329,.F.);
#329 = EDGE_CURVE('',#312,#312,#330,.T.);
#330 = CIRCLE('',#331,1.854471);
#331 = AXIS2_PLACEMENT_3D('',#332,#333,#334);
#332 = CARTESIAN_POINT('',(149.999998,-148.75,1.51));
#333 = DIRECTION('',(0.,0.,1.));
#334 = DIRECTION('',(1.,0.,-0.));
#335 = CYLINDRICAL_SURFACE('',#336,1.854471);
#336 = AXIS2_PLACEMENT_3D('',#337,#338,#339);
#337 = CARTESIAN_POINT('',(149.999998,-148.75,1.51));
#338 = DIRECTION('',(-0.,-0.,-1.));
#339 = DIRECTION('',(1.,0.,-0.));
#340 = ADVANCED_FACE('',(#341),#368,.F.);
#341 = FACE_BOUND('',#342,.T.);
#342 = EDGE_LOOP('',(#343,#353,#360,#361));
#343 = ORIENTED_EDGE('',*,*,#344,.T.);
#344 = EDGE_CURVE('',#345,#347,#349,.T.);
#345 = VERTEX_POINT('',#346);
#346 = CARTESIAN_POINT('',(153.254421,-132.499999,1.51));
#347 = VERTEX_POINT('',#348);
#348 = CARTESIAN_POINT('',(153.254421,-132.499999,1.545));
#349 = LINE('',#350,#351);
#350 = CARTESIAN_POINT('',(153.254421,-132.499999,1.51));
#351 = VECTOR('',#352,1.);
#352 = DIRECTION('',(0.,0.,1.));
#353 = ORIENTED_EDGE('',*,*,#354,.T.);
#354 = EDGE_CURVE('',#347,#347,#355,.T.);
#355 = CIRCLE('',#356,3.254421);
#356 = AXIS2_PLACEMENT_3D('',#357,#358,#359);
#357 = CARTESIAN_POINT('',(150.,-132.499999,1.545));
#358 = DIRECTION('',(0.,0.,1.));
#359 = DIRECTION('',(1.,0.,-0.));
#360 = ORIENTED_EDGE('',*,*,#344,.F.);
#361 = ORIENTED_EDGE('',*,*,#362,.F.);
#362 = EDGE_CURVE('',#345,#345,#363,.T.);
#363 = CIRCLE('',#364,3.254421);
#364 = AXIS2_PLACEMENT_3D('',#365,#366,#367);
#365 = CARTESIAN_POINT('',(150.,-132.499999,1.51));
#366 = DIRECTION('',(0.,0.,1.));
#367 = DIRECTION('',(1.,0.,-0.));
#368 = CYLINDRICAL_SURFACE('',#369,3.254421);
#369 = AXIS2_PLACEMENT_3D('',#370,#371,#372);
#370 = CARTESIAN_POINT('',(150.,-132.499999,1.51));
#371 = DIRECTION('',(-0.,-0.,-1.));
#372 = DIRECTION('',(1.,0.,-0.));
#373 = ADVANCED_FACE('',(#374),#401,.F.);
#374 = FACE_BOUND('',#375,.T.);
#375 = EDGE_LOOP('',(#376,#386,#393,#394));
#376 = ORIENTED_EDGE('',*,*,#377,.T.);
#377 = EDGE_CURVE('',#378,#380,#382,.T.);
#378 = VERTEX_POINT('',#379);
#379 = CARTESIAN_POINT('',(153.254421,-117.499999,1.51));
#380 = VERTEX_POINT('',#381);
#381 = CARTESIAN_POINT('',(153.254421,-117.499999,1.545));
#382 = LINE('',#383,#384);
#383 = CARTESIAN_POINT('',(153.254421,-117.499999,1.51));
#384 = VECTOR('',#385,1.);
#385 = DIRECTION('',(0.,0.,1.));
#386 = ORIENTED_EDGE('',*,*,#387,.T.);
#387 = EDGE_CURVE('',#380,#380,#388,.T.);
#388 = CIRCLE('',#389,3.254421);
#389 = AXIS2_PLACEMENT_3D('',#390,#391,#392);
#390 = CARTESIAN_POINT('',(150.,-117.499999,1.545));
#391 = DIRECTION('',(0.,0.,1.));
#392 = DIRECTION('',(1.,0.,-0.));
#393 = ORIENTED_EDGE('',*,*,#377,.F.);
#394 = ORIENTED_EDGE('',*,*,#395,.F.);
#395 = EDGE_CURVE('',#378,#378,#396,.T.);
#396 = CIRCLE('',#397,3.254421);
#397 = AXIS2_PLACEMENT_3D('',#398,#399,#400);
#398 = CARTESIAN_POINT('',(150.,-117.499999,1.51));
#399 = DIRECTION('',(0.,0.,1.));
#400 = DIRECTION('',(1.,0.,-0.));
#401 = CYLINDRICAL_SURFACE('',#402,3.254421);
#402 = AXIS2_PLACEMENT_3D('',#403,#404,#405);
#403 = CARTESIAN_POINT('',(150.,-117.499999,1.51));
#404 = DIRECTION('',(-0.,-0.,-1.));
#405 = DIRECTION('',(1.,0.,-0.));
#406 = ADVANCED_FACE('',(#407),#434,.F.);
#407 = FACE_BOUND('',#408,.T.);
#408 = EDGE_LOOP('',(#409,#419,#426,#427));
#409 = ORIENTED_EDGE('',*,*,#410,.T.);
#410 = EDGE_CURVE('',#411,#413,#415,.T.);
#411 = VERTEX_POINT('',#412);
#412 = CARTESIAN_POINT('',(153.755024,-97.499999,1.51));
#413 = VERTEX_POINT('',#414);
#414 = CARTESIAN_POINT('',(153.755024,-97.499999,1.545));
#415 = LINE('',#416,#417);
#416 = CARTESIAN_POINT('',(153.755024,-97.499999,1.51));
#417 = VECTOR('',#418,1.);
#418 = DIRECTION('',(0.,0.,1.));
#419 = ORIENTED_EDGE('',*,*,#420,.T.);
#420 = EDGE_CURVE('',#413,#413,#421,.T.);
#421 = CIRCLE('',#422,3.755024);
#422 = AXIS2_PLACEMENT_3D('',#423,#424,#425);
#423 = CARTESIAN_POINT('',(150.,-97.499999,1.545));
#424 = DIRECTION('',(0.,0.,1.));
#425 = DIRECTION('',(1.,0.,-0.));
#426 = ORIENTED_EDGE('',*,*,#410,.F.);
#427 = ORIENTED_EDGE('',*,*,#428,.F.);
#428 = EDGE_CURVE('',#411,#411,#429,.T.);
#429 = CIRCLE('',#430,3.755024);
#430 = AXIS2_PLACEMENT_3D('',#431,#432,#433);
#431 = CARTESIAN_POINT('',(150.,-97.499999,1.51));
#432 = DIRECTION('',(0.,0.,1.));
#433 = DIRECTION('',(1.,0.,-0.));
#434 = CYLINDRICAL_SURFACE('',#435,3.755024);
#435 = AXIS2_PLACEMENT_3D('',#436,#437,#438);
#436 = CARTESIAN_POINT('',(150.,-97.499999,1.51));
#437 = DIRECTION('',(-0.,-0.,-1.));
#438 = DIRECTION('',(1.,0.,-0.));
#439 = ADVANCED_FACE('',(#440),#467,.F.);
#440 = FACE_BOUND('',#441,.T.);
#441 = EDGE_LOOP('',(#442,#452,#459,#460));
#442 = ORIENTED_EDGE('',*,*,#443,.T.);
#443 = EDGE_CURVE('',#444,#446,#448,.T.);
#444 = VERTEX_POINT('',#445);
#445 = CARTESIAN_POINT('',(153.254421,-77.499999,1.51));
#446 = VERTEX_POINT('',#447);
#447 = CARTESIAN_POINT('',(153.254421,-77.499999,1.545));
#448 = LINE('',#449,#450);
#449 = CARTESIAN_POINT('',(153.254421,-77.499999,1.51));
#450 = VECTOR('',#451,1.);
#451 = DIRECTION('',(0.,0.,1.));
#452 = ORIENTED_EDGE('',*,*,#453,.T.);
#453 = EDGE_CURVE('',#446,#446,#454,.T.);
#454 = CIRCLE('',#455,3.254421);
#455 = AXIS2_PLACEMENT_3D('',#456,#457,#458);
#456 = CARTESIAN_POINT('',(150.,-77.499999,1.545));
#457 = DIRECTION('',(0.,0.,1.));
#458 = DIRECTION('',(1.,0.,-0.));
#459 = ORIENTED_EDGE('',*,*,#443,.F.);
#460 = ORIENTED_EDGE('',*,*,#461,.F.);
#461 = EDGE_CURVE('',#444,#444,#462,.T.);
#462 = CIRCLE('',#463,3.254421);
#463 = AXIS2_PLACEMENT_3D('',#464,#465,#466);
#464 = CARTESIAN_POINT('',(150.,-77.499999,1.51));
#465 = DIRECTION('',(0.,0.,1.));
#466 = DIRECTION('',(1.,0.,-0.));
#467 = CYLINDRICAL_SURFACE('',#468,3.254421);
#468 = AXIS2_PLACEMENT_3D('',#469,#470,#471);
#469 = CARTESIAN_POINT('',(150.,-77.499999,1.51));
#470 = DIRECTION('',(-0.,-0.,-1.));
#471 = DIRECTION('',(1.,0.,-0.));
#472 = ADVANCED_FACE('',(#473),#500,.F.);
#473 = FACE_BOUND('',#474,.T.);
#474 = EDGE_LOOP('',(#475,#485,#492,#493));
#475 = ORIENTED_EDGE('',*,*,#476,.T.);
#476 = EDGE_CURVE('',#477,#479,#481,.T.);
#477 = VERTEX_POINT('',#478);
#478 = CARTESIAN_POINT('',(153.254421,-62.499999,1.51));
#479 = VERTEX_POINT('',#480);
#480 = CARTESIAN_POINT('',(153.254421,-62.499999,1.545));
#481 = LINE('',#482,#483);
#482 = CARTESIAN_POINT('',(153.254421,-62.499999,1.51));
#483 = VECTOR('',#484,1.);
#484 = DIRECTION('',(0.,0.,1.));
#485 = ORIENTED_EDGE('',*,*,#486,.T.);
#486 = EDGE_CURVE('',#479,#479,#487,.T.);
#487 = CIRCLE('',#488,3.254421);
#488 = AXIS2_PLACEMENT_3D('',#489,#490,#491);
#489 = CARTESIAN_POINT('',(150.,-62.499999,1.545));
#490 = DIRECTION('',(0.,0.,1.));
#491 = DIRECTION('',(1.,0.,-0.));
#492 = ORIENTED_EDGE('',*,*,#476,.F.);
#493 = ORIENTED_EDGE('',*,*,#494,.F.);
#494 = EDGE_CURVE('',#477,#477,#495,.T.);
#495 = CIRCLE('',#496,3.254421);
#496 = AXIS2_PLACEMENT_3D('',#497,#498,#499);
#497 = CARTESIAN_POINT('',(150.,-62.499999,1.51));
#498 = DIRECTION('',(0.,0.,1.));
#499 = DIRECTION('',(1.,0.,-0.));
#500 = CYLINDRICAL_SURFACE('',#501,3.254421);
#501 = AXIS2_PLACEMENT_3D('',#502,#503,#504);
#502 = CARTESIAN_POINT('',(150.,-62.499999,1.51));
#503 = DIRECTION('',(-0.,-0.,-1.));
#504 = DIRECTION('',(1.,0.,-0.));
#505 = ADVANCED_FACE('',(#506),#533,.F.);
#506 = FACE_BOUND('',#507,.T.);
#507 = EDGE_LOOP('',(#508,#518,#525,#526));
#508 = ORIENTED_EDGE('',*,*,#509,.T.);
#509 = EDGE_CURVE('',#510,#512,#514,.T.);
#510 = VERTEX_POINT('',#511);
#511 = CARTESIAN_POINT('',(153.755024,-42.499999,1.51));
#512 = VERTEX_POINT('',#513);
#513 = CARTESIAN_POINT('',(153.755024,-42.499999,1.545));
#514 = LINE('',#515,#516);
#515 = CARTESIAN_POINT('',(153.755024,-42.499999,1.51));
#516 = VECTOR('',#517,1.);
#517 = DIRECTION('',(0.,0.,1.));
#518 = ORIENTED_EDGE('',*,*,#519,.T.);
#519 = EDGE_CURVE('',#512,#512,#520,.T.);
#520 = CIRCLE('',#521,3.755024);
#521 = AXIS2_PLACEMENT_3D('',#522,#523,#524);
#522 = CARTESIAN_POINT('',(150.,-42.499999,1.545));
#523 = DIRECTION('',(0.,0.,1.));
#524 = DIRECTION('',(1.,0.,-0.));
#525 = ORIENTED_EDGE('',*,*,#509,.F.);
#526 = ORIENTED_EDGE('',*,*,#527,.F.);
#527 = EDGE_CURVE('',#510,#510,#528,.T.);
#528 = CIRCLE('',#529,3.755024);
#529 = AXIS2_PLACEMENT_3D('',#530,#531,#532);
#530 = CARTESIAN_POINT('',(150.,-42.499999,1.51));
#531 = DIRECTION('',(0.,0.,1.));
#532 = DIRECTION('',(1.,0.,-0.));
#533 = CYLINDRICAL_SURFACE('',#534,3.755024);
#534 = AXIS2_PLACEMENT_3D('',#535,#536,#537);
#535 = CARTESIAN_POINT('',(150.,-42.499999,1.51));
#536 = DIRECTION('',(-0.,-0.,-1.));
#537 = DIRECTION('',(1.,0.,-0.));
#538 = ADVANCED_FACE('',(#539),#566,.F.);
#539 = FACE_BOUND('',#540,.T.);
#540 = EDGE_LOOP('',(#541,#551,#558,#559));
#541 = ORIENTED_EDGE('',*,*,#542,.T.);
#542 = EDGE_CURVE('',#543,#545,#547,.T.);
#543 = VERTEX_POINT('',#544);
#544 = CARTESIAN_POINT('',(151.854469,-26.249999,1.51));
#545 = VERTEX_POINT('',#546);
#546 = CARTESIAN_POINT('',(151.854469,-26.249999,1.545));
#547 = LINE('',#548,#549);
#548 = CARTESIAN_POINT('',(151.854469,-26.249999,1.51));
#549 = VECTOR('',#550,1.);
#550 = DIRECTION('',(0.,0.,1.));
#551 = ORIENTED_EDGE('',*,*,#552,.T.);
#552 = EDGE_CURVE('',#545,#545,#553,.T.);
#553 = CIRCLE('',#554,1.854471);
#554 = AXIS2_PLACEMENT_3D('',#555,#556,#557);
#555 = CARTESIAN_POINT('',(149.999998,-26.249999,1.545));
#556 = DIRECTION('',(0.,0.,1.));
#557 = DIRECTION('',(1.,0.,-0.));
#558 = ORIENTED_EDGE('',*,*,#542,.F.);
#559 = ORIENTED_EDGE('',*,*,#560,.F.);
#560 = EDGE_CURVE('',#543,#543,#561,.T.);
#561 = CIRCLE('',#562,1.854471);
#562 = AXIS2_PLACEMENT_3D('',#563,#564,#565);
#563 = CARTESIAN_POINT('',(149.999998,-26.249999,1.51));
#564 = DIRECTION('',(0.,0.,1.));
#565 = DIRECTION('',(1.,0.,-0.));
#566 = CYLINDRICAL_SURFACE('',#567,1.854471);
#567 = AXIS2_PLACEMENT_3D('',#568,#569,#570);
#568 = CARTESIAN_POINT('',(149.999998,-26.249999,1.51));
#569 = DIRECTION('',(-0.,-0.,-1.));
#570 = DIRECTION('',(1.,0.,-0.));
#571 = ADVANCED_FACE('',(#572,#582,#585,#588,#591,#594,#597,#600,#603),
  #606,.F.);
#572 = FACE_BOUND('',#573,.T.);
#573 = EDGE_LOOP('',(#574,#575,#576,#577,#578,#579,#580,#581));
#574 = ORIENTED_EDGE('',*,*,#82,.T.);
#575 = ORIENTED_EDGE('',*,*,#114,.T.);
#576 = ORIENTED_EDGE('',*,*,#146,.T.);
#577 = ORIENTED_EDGE('',*,*,#178,.T.);
#578 = ORIENTED_EDGE('',*,*,#210,.T.);
#579 = ORIENTED_EDGE('',*,*,#242,.T.);
#580 = ORIENTED_EDGE('',*,*,#274,.T.);
#581 = ORIENTED_EDGE('',*,*,#297,.T.);
#582 = FACE_BOUND('',#583,.T.);
#583 = EDGE_LOOP('',(#584));
#584 = ORIENTED_EDGE('',*,*,#329,.T.);
#585 = FACE_BOUND('',#586,.T.);
#586 = EDGE_LOOP('',(#587));
#587 = ORIENTED_EDGE('',*,*,#362,.T.);
#588 = FACE_BOUND('',#589,.T.);
#589 = EDGE_LOOP('',(#590));
#590 = ORIENTED_EDGE('',*,*,#395,.T.);
#591 = FACE_BOUND('',#592,.T.);
#592 = EDGE_LOOP('',(#593));
#593 = ORIENTED_EDGE('',*,*,#428,.T.);
#594 = FACE_BOUND('',#595,.T.);
#595 = EDGE_LOOP('',(#596));
#596 = ORIENTED_EDGE('',*,*,#461,.T.);
#597 = FACE_BOUND('',#598,.T.);
#598 = EDGE_LOOP('',(#599));
#599 = ORIENTED_EDGE('',*,*,#494,.T.);
#600 = FACE_BOUND('',#601,.T.);
#601 = EDGE_LOOP('',(#602));
#602 = ORIENTED_EDGE('',*,*,#527,.T.);
#603 = FACE_BOUND('',#604,.T.);
#604 = EDGE_LOOP('',(#605));
#605 = ORIENTED_EDGE('',*,*,#560,.T.);
#606 = PLANE('',#607);
#607 = AXIS2_PLACEMENT_3D('',#608,#609,#610);
#608 = CARTESIAN_POINT('',(0.,0.,1.51));
#609 = DIRECTION('',(0.,0.,1.));
#610 = DIRECTION('',(1.,0.,-0.));
#611 = ADVANCED_FACE('',(#612,#622,#625,#628,#631,#634,#637,#640,#643),
  #646,.T.);
#612 = FACE_BOUND('',#613,.F.);
#613 = EDGE_LOOP('',(#614,#615,#616,#617,#618,#619,#620,#621));
#614 = ORIENTED_EDGE('',*,*,#65,.T.);
#615 = ORIENTED_EDGE('',*,*,#98,.T.);
#616 = ORIENTED_EDGE('',*,*,#129,.T.);
#617 = ORIENTED_EDGE('',*,*,#162,.T.);
#618 = ORIENTED_EDGE('',*,*,#193,.T.);
#619 = ORIENTED_EDGE('',*,*,#226,.T.);
#620 = ORIENTED_EDGE('',*,*,#257,.T.);
#621 = ORIENTED_EDGE('',*,*,#290,.T.);
#622 = FACE_BOUND('',#623,.F.);
#623 = EDGE_LOOP('',(#624));
#624 = ORIENTED_EDGE('',*,*,#321,.T.);
#625 = FACE_BOUND('',#626,.F.);
#626 = EDGE_LOOP('',(#627));
#627 = ORIENTED_EDGE('',*,*,#354,.T.);
#628 = FACE_BOUND('',#629,.F.);
#629 = EDGE_LOOP('',(#630));
#630 = ORIENTED_EDGE('',*,*,#387,.T.);
#631 = FACE_BOUND('',#632,.F.);
#632 = EDGE_LOOP('',(#633));
#633 = ORIENTED_EDGE('',*,*,#420,.T.);
#634 = FACE_BOUND('',#635,.F.);
#635 = EDGE_LOOP('',(#636));
#636 = ORIENTED_EDGE('',*,*,#453,.T.);
#637 = FACE_BOUND('',#638,.F.);
#638 = EDGE_LOOP('',(#639));
#639 = ORIENTED_EDGE('',*,*,#486,.T.);
#640 = FACE_BOUND('',#641,.F.);
#641 = EDGE_LOOP('',(#642));
#642 = ORIENTED_EDGE('',*,*,#519,.T.);
#643 = FACE_BOUND('',#644,.F.);
#644 = EDGE_LOOP('',(#645));
#645 = ORIENTED_EDGE('',*,*,#552,.T.);
#646 = PLANE('',#647);
#647 = AXIS2_PLACEMENT_3D('',#648,#649,#650);
#648 = CARTESIAN_POINT('',(0.,0.,1.545));
#649 = DIRECTION('',(0.,0.,1.));
#650 = DIRECTION('',(1.,0.,-0.));
#651 = ( GEOMETRIC_REPRESENTATION_CONTEXT(3) 
GLOBAL_UNCERTAINTY_ASSIGNED_CONTEXT((#655)) GLOBAL_UNIT_ASSIGNED_CONTEXT
((#652,#653,#654)) REPRESENTATION_CONTEXT('Context #1',
  '3D Context with UNIT and UNCERTAINTY') );
#652 = ( LENGTH_UNIT() NAMED_UNIT(*) SI_UNIT(.MILLI.,.METRE.) );
#653 = ( NAMED_UNIT(*) PLANE_ANGLE_UNIT() SI_UNIT($,.RADIAN.) );
#654 = ( NAMED_UNIT(*) SI_UNIT($,.STERADIAN.) SOLID_ANGLE_UNIT() );
#655 = UNCERTAINTY_MEASURE_WITH_UNIT(LENGTH_MEASURE(1.E-07),#652,
  'distance_accuracy_value','confusion accuracy');
#656 = CONTEXT_DEPENDENT_SHAPE_REPRESENTATION(#657,#659);
#657 = ( REPRESENTATION_RELATIONSHIP('','',#48,#10) 
REPRESENTATION_RELATIONSHIP_WITH_TRANSFORMATION(#658) 
SHAPE_REPRESENTATION_RELATIONSHIP() );
#658 = ITEM_DEFINED_TRANSFORMATION('','',#11,#15);
#659 = PRODUCT_DEFINITION_SHAPE('Placement','Placement of an item',#660
  );
#660 = NEXT_ASSEMBLY_USAGE_OCCURRENCE('1','=>[0:1:1:2]','',#5,#43,$);
#661 = PRODUCT_RELATED_PRODUCT_CATEGORY('part',$,(#45));
#662 = SHAPE_DEFINITION_REPRESENTATION(#663,#669);
#663 = PRODUCT_DEFINITION_SHAPE('','',#664);
#664 = PRODUCT_DEFINITION('design','',#665,#668);
#665 = PRODUCT_DEFINITION_FORMATION('','',#666);
#666 = PRODUCT('LevelsFaceplate-unsaved-export-oxjU8a_silkscreen',
  'LevelsFaceplate-unsaved-export-oxjU8a_silkscreen','',(#667));
#667 = PRODUCT_CONTEXT('',#2,'mechanical');
#668 = PRODUCT_DEFINITION_CONTEXT('part definition',#2,'design');
#669 = SHAPE_REPRESENTATION('',(#11,#670,#1688,#2130,#2204,#2246,#2496,
    #2862,#2892,#2959,#3010,#3077,#3128,#3195,#3246,#3313,#3364,#3423,
    #3466,#3533,#3584,#3651,#3702,#3769,#3820,#3887,#3930,#3989,#4048,
    #4131,#4173,#4203,#4270,#4321,#4388,#4439,#4506,#4557,#4624,#4675,
    #4734,#4777,#4844,#4895,#4962,#5013,#5080,#5131,#5198,#5241,#5300,
    #5359,#5442,#5500,#5803,#5869,#6172,#6295),#6807);
#670 = SHELL_BASED_SURFACE_MODEL('',(#671));
#671 = OPEN_SHELL('',(#672));
#672 = ADVANCED_FACE('',(#673,#1463,#1569),#1683,.T.);
#673 = FACE_BOUND('',#674,.F.);
#674 = EDGE_LOOP('',(#675,#685,#693,#701,#709,#717,#725,#733,#741,#749,
    #757,#765,#773,#781,#789,#797,#805,#813,#821,#829,#837,#845,#853,
    #861,#869,#877,#885,#893,#901,#910,#918,#926,#934,#942,#950,#958,
    #966,#975,#983,#991,#999,#1007,#1015,#1023,#1031,#1039,#1047,#1055,
    #1063,#1071,#1080,#1088,#1096,#1104,#1112,#1120,#1128,#1136,#1144,
    #1152,#1160,#1168,#1176,#1184,#1192,#1200,#1208,#1216,#1224,#1232,
    #1241,#1249,#1257,#1265,#1273,#1281,#1289,#1297,#1305,#1313,#1321,
    #1329,#1337,#1345,#1353,#1361,#1369,#1377,#1385,#1393,#1401,#1409,
    #1417,#1425,#1433,#1441,#1449,#1457));
#675 = ORIENTED_EDGE('',*,*,#676,.T.);
#676 = EDGE_CURVE('',#677,#679,#681,.T.);
#677 = VERTEX_POINT('',#678);
#678 = CARTESIAN_POINT('',(155.798005,-147.532573,1.585));
#679 = VERTEX_POINT('',#680);
#680 = CARTESIAN_POINT('',(155.955992,-147.461063,1.585));
#681 = LINE('',#682,#683);
#682 = CARTESIAN_POINT('',(155.798005,-147.532573,1.585));
#683 = VECTOR('',#684,1.);
#684 = DIRECTION('',(0.911021954637,0.412357852077,0.));
#685 = ORIENTED_EDGE('',*,*,#686,.T.);
#686 = EDGE_CURVE('',#679,#687,#689,.T.);
#687 = VERTEX_POINT('',#688);
#688 = CARTESIAN_POINT('',(156.060494,-147.446983,1.585));
#689 = LINE('',#690,#691);
#690 = CARTESIAN_POINT('',(155.955992,-147.461063,1.585));
#691 = VECTOR('',#692,1.);
#692 = DIRECTION('',(0.991045077532,0.133527728576,0.));
#693 = ORIENTED_EDGE('',*,*,#694,.T.);
#694 = EDGE_CURVE('',#687,#695,#697,.T.);
#695 = VERTEX_POINT('',#696);
#696 = CARTESIAN_POINT('',(156.142484,-147.454305,1.585));
#697 = LINE('',#698,#699);
#698 = CARTESIAN_POINT('',(156.060494,-147.446983,1.585));
#699 = VECTOR('',#700,1.);
#700 = DIRECTION('',(0.996036129458,-8.894958580203E-02,0.));
#701 = ORIENTED_EDGE('',*,*,#702,.T.);
#702 = EDGE_CURVE('',#695,#703,#705,.T.);
#703 = VERTEX_POINT('',#704);
#704 = CARTESIAN_POINT('',(156.209685,-147.485646,1.585));
#705 = LINE('',#706,#707);
#706 = CARTESIAN_POINT('',(156.142484,-147.454305,1.585));
#707 = VECTOR('',#708,1.);
#708 = DIRECTION('',(0.906283719168,-0.422669871615,0.));
#709 = ORIENTED_EDGE('',*,*,#710,.T.);
#710 = EDGE_CURVE('',#703,#711,#713,.T.);
#711 = VERTEX_POINT('',#712);
#712 = CARTESIAN_POINT('',(156.282583,-147.551648,1.585));
#713 = LINE('',#714,#715);
#714 = CARTESIAN_POINT('',(156.209685,-147.485646,1.585));
#715 = VECTOR('',#716,1.);
#716 = DIRECTION('',(0.741299640008,-0.671174227548,0.));
#717 = ORIENTED_EDGE('',*,*,#718,.T.);
#718 = EDGE_CURVE('',#711,#719,#721,.T.);
#719 = VERTEX_POINT('',#720);
#720 = CARTESIAN_POINT('',(156.347071,-147.6279,1.585));
#721 = LINE('',#722,#723);
#722 = CARTESIAN_POINT('',(156.282583,-147.551648,1.585));
#723 = VECTOR('',#724,1.);
#724 = DIRECTION('',(0.645750100072,-0.763548825064,0.));
#725 = ORIENTED_EDGE('',*,*,#726,.T.);
#726 = EDGE_CURVE('',#719,#727,#729,.T.);
#727 = VERTEX_POINT('',#728);
#728 = CARTESIAN_POINT('',(156.376982,-147.697452,1.585));
#729 = LINE('',#730,#731);
#730 = CARTESIAN_POINT('',(156.347071,-147.6279,1.585));
#731 = VECTOR('',#732,1.);
#732 = DIRECTION('',(0.395068325502,-0.918651739336,0.));
#733 = ORIENTED_EDGE('',*,*,#734,.T.);
#734 = EDGE_CURVE('',#727,#735,#737,.T.);
#735 = VERTEX_POINT('',#736);
#736 = CARTESIAN_POINT('',(156.383888,-147.780168,1.585));
#737 = LINE('',#738,#739);
#738 = CARTESIAN_POINT('',(156.376982,-147.697452,1.585));
#739 = VECTOR('',#740,1.);
#740 = DIRECTION('',(8.320101805948E-02,-0.996532784505,0.));
#741 = ORIENTED_EDGE('',*,*,#742,.T.);
#742 = EDGE_CURVE('',#735,#743,#745,.T.);
#743 = VERTEX_POINT('',#744);
#744 = CARTESIAN_POINT('',(156.375808,-147.867185,1.585));
#745 = LINE('',#746,#747);
#746 = CARTESIAN_POINT('',(156.383888,-147.780168,1.585));
#747 = VECTOR('',#748,1.);
#748 = DIRECTION('',(-9.245768351766E-02,-0.995716614684,0.));
#749 = ORIENTED_EDGE('',*,*,#750,.T.);
#750 = EDGE_CURVE('',#743,#751,#753,.T.);
#751 = VERTEX_POINT('',#752);
#752 = CARTESIAN_POINT('',(156.344215,-147.93495,1.585));
#753 = LINE('',#754,#755);
#754 = CARTESIAN_POINT('',(156.375808,-147.867185,1.585));
#755 = VECTOR('',#756,1.);
#756 = DIRECTION('',(-0.422548626604,-0.906340255177,0.));
#757 = ORIENTED_EDGE('',*,*,#758,.T.);
#758 = EDGE_CURVE('',#751,#759,#761,.T.);
#759 = VERTEX_POINT('',#760);
#760 = CARTESIAN_POINT('',(156.282471,-148.004942,1.585));
#761 = LINE('',#762,#763);
#762 = CARTESIAN_POINT('',(156.344215,-147.93495,1.585));
#763 = VECTOR('',#764,1.);
#764 = DIRECTION('',(-0.661539421197,-0.749910390782,0.));
#765 = ORIENTED_EDGE('',*,*,#766,.T.);
#766 = EDGE_CURVE('',#759,#767,#769,.T.);
#767 = VERTEX_POINT('',#768);
#768 = CARTESIAN_POINT('',(156.207708,-148.069675,1.585));
#769 = LINE('',#770,#771);
#770 = CARTESIAN_POINT('',(156.282471,-148.004942,1.585));
#771 = VECTOR('',#772,1.);
#772 = DIRECTION('',(-0.755997284228,-0.654574752216,0.));
#773 = ORIENTED_EDGE('',*,*,#774,.T.);
#774 = EDGE_CURVE('',#767,#775,#777,.T.);
#775 = VERTEX_POINT('',#776);
#776 = CARTESIAN_POINT('',(156.1388,-148.099326,1.585));
#777 = LINE('',#778,#779);
#778 = CARTESIAN_POINT('',(156.207708,-148.069675,1.585));
#779 = VECTOR('',#780,1.);
#780 = DIRECTION('',(-0.918569697572,-0.395259042531,0.));
#781 = ORIENTED_EDGE('',*,*,#782,.T.);
#782 = EDGE_CURVE('',#775,#783,#785,.T.);
#783 = VERTEX_POINT('',#784);
#784 = CARTESIAN_POINT('',(156.059746,-148.105731,1.585));
#785 = LINE('',#786,#787);
#786 = CARTESIAN_POINT('',(156.1388,-148.099326,1.585));
#787 = VECTOR('',#788,1.);
#788 = DIRECTION('',(-0.996733904796,-8.075594732994E-02,0.));
#789 = ORIENTED_EDGE('',*,*,#790,.T.);
#790 = EDGE_CURVE('',#783,#791,#793,.T.);
#791 = VERTEX_POINT('',#792);
#792 = CARTESIAN_POINT('',(155.944837,-148.088828,1.585));
#793 = LINE('',#794,#795);
#794 = CARTESIAN_POINT('',(156.059746,-148.105731,1.585));
#795 = VECTOR('',#796,1.);
#796 = DIRECTION('',(-0.989353411686,0.145532906193,0.));
#797 = ORIENTED_EDGE('',*,*,#798,.T.);
#798 = EDGE_CURVE('',#791,#799,#801,.T.);
#799 = VERTEX_POINT('',#800);
#800 = CARTESIAN_POINT('',(155.846703,-148.048749,1.585));
#801 = LINE('',#802,#803);
#802 = CARTESIAN_POINT('',(155.944837,-148.088828,1.585));
#803 = VECTOR('',#804,1.);
#804 = DIRECTION('',(-0.925767397591,0.378093540751,0.));
#805 = ORIENTED_EDGE('',*,*,#806,.T.);
#806 = EDGE_CURVE('',#799,#807,#809,.T.);
#807 = VERTEX_POINT('',#808);
#808 = CARTESIAN_POINT('',(155.80975,-148.029003,1.585));
#809 = LINE('',#810,#811);
#810 = CARTESIAN_POINT('',(155.846703,-148.048749,1.585));
#811 = VECTOR('',#812,1.);
#812 = DIRECTION('',(-0.881978709627,0.471289248513,0.));
#813 = ORIENTED_EDGE('',*,*,#814,.T.);
#814 = EDGE_CURVE('',#807,#815,#817,.T.);
#815 = VERTEX_POINT('',#816);
#816 = CARTESIAN_POINT('',(155.76761,-148.014634,1.585));
#817 = LINE('',#818,#819);
#818 = CARTESIAN_POINT('',(155.80975,-148.029003,1.585));
#819 = VECTOR('',#820,1.);
#820 = DIRECTION('',(-0.946488983178,0.322736122432,0.));
#821 = ORIENTED_EDGE('',*,*,#822,.T.);
#822 = EDGE_CURVE('',#815,#823,#825,.T.);
#823 = VERTEX_POINT('',#824);
#824 = CARTESIAN_POINT('',(155.710816,-148.004617,1.585));
#825 = LINE('',#826,#827);
#826 = CARTESIAN_POINT('',(155.76761,-148.014634,1.585));
#827 = VECTOR('',#828,1.);
#828 = DIRECTION('',(-0.984799788816,0.173693338814,0.));
#829 = ORIENTED_EDGE('',*,*,#830,.T.);
#830 = EDGE_CURVE('',#823,#831,#833,.T.);
#831 = VERTEX_POINT('',#832);
#832 = CARTESIAN_POINT('',(155.517294,-147.994679,1.585));
#833 = LINE('',#834,#835);
#834 = CARTESIAN_POINT('',(155.710816,-148.004617,1.585));
#835 = VECTOR('',#836,1.);
#836 = DIRECTION('',(-0.998684019789,5.128575453266E-02,0.));
#837 = ORIENTED_EDGE('',*,*,#838,.T.);
#838 = EDGE_CURVE('',#831,#839,#841,.T.);
#839 = VERTEX_POINT('',#840);
#840 = CARTESIAN_POINT('',(154.903163,-147.99458,1.585));
#841 = LINE('',#842,#843);
#842 = CARTESIAN_POINT('',(155.517294,-147.994679,1.585));
#843 = VECTOR('',#844,1.);
#844 = DIRECTION('',(-0.999999987007,1.612033893275E-04,0.));
#845 = ORIENTED_EDGE('',*,*,#846,.T.);
#846 = EDGE_CURVE('',#839,#847,#849,.T.);
#847 = VERTEX_POINT('',#848);
#848 = CARTESIAN_POINT('',(154.739371,-148.004221,1.585));
#849 = LINE('',#850,#851);
#850 = CARTESIAN_POINT('',(154.903163,-147.99458,1.585));
#851 = VECTOR('',#852,1.);
#852 = DIRECTION('',(-0.998272165748,-5.875953617984E-02,0.));
#853 = ORIENTED_EDGE('',*,*,#854,.T.);
#854 = EDGE_CURVE('',#847,#855,#857,.T.);
#855 = VERTEX_POINT('',#856);
#856 = CARTESIAN_POINT('',(154.696437,-148.014216,1.585));
#857 = LINE('',#858,#859);
#858 = CARTESIAN_POINT('',(154.739371,-148.004221,1.585));
#859 = VECTOR('',#860,1.);
#860 = DIRECTION('',(-0.973956206765,-0.226736206424,0.));
#861 = ORIENTED_EDGE('',*,*,#862,.T.);
#862 = EDGE_CURVE('',#855,#863,#865,.T.);
#863 = VERTEX_POINT('',#864);
#864 = CARTESIAN_POINT('',(154.668067,-148.028676,1.585));
#865 = LINE('',#866,#867);
#866 = CARTESIAN_POINT('',(154.696437,-148.014216,1.585));
#867 = VECTOR('',#868,1.);
#868 = DIRECTION('',(-0.890946010046,-0.454109245867,0.));
#869 = ORIENTED_EDGE('',*,*,#870,.T.);
#870 = EDGE_CURVE('',#863,#871,#873,.T.);
#871 = VERTEX_POINT('',#872);
#872 = CARTESIAN_POINT('',(154.63809,-148.056327,1.585));
#873 = LINE('',#874,#875);
#874 = CARTESIAN_POINT('',(154.668067,-148.028676,1.585));
#875 = VECTOR('',#876,1.);
#876 = DIRECTION('',(-0.735048757473,-0.678014250689,0.));
#877 = ORIENTED_EDGE('',*,*,#878,.T.);
#878 = EDGE_CURVE('',#871,#879,#881,.T.);
#879 = VERTEX_POINT('',#880);
#880 = CARTESIAN_POINT('',(154.588402,-148.143324,1.585));
#881 = LINE('',#882,#883);
#882 = CARTESIAN_POINT('',(154.63809,-148.056327,1.585));
#883 = VECTOR('',#884,1.);
#884 = DIRECTION('',(-0.495954041525,-0.868348771344,0.));
#885 = ORIENTED_EDGE('',*,*,#886,.T.);
#886 = EDGE_CURVE('',#879,#887,#889,.T.);
#887 = VERTEX_POINT('',#888);
#888 = CARTESIAN_POINT('',(154.57325,-148.247712,1.585));
#889 = LINE('',#890,#891);
#890 = CARTESIAN_POINT('',(154.588402,-148.143324,1.585));
#891 = VECTOR('',#892,1.);
#892 = DIRECTION('',(-0.143645456029,-0.989629214889,0.));
#893 = ORIENTED_EDGE('',*,*,#894,.T.);
#894 = EDGE_CURVE('',#887,#895,#897,.T.);
#895 = VERTEX_POINT('',#896);
#896 = CARTESIAN_POINT('',(154.591875,-148.349326,1.585));
#897 = LINE('',#898,#899);
#898 = CARTESIAN_POINT('',(154.57325,-148.247712,1.585));
#899 = VECTOR('',#900,1.);
#900 = DIRECTION('',(0.18028822298,-0.983613824961,0.));
#901 = ORIENTED_EDGE('',*,*,#902,.T.);
#902 = EDGE_CURVE('',#895,#903,#905,.T.);
#903 = VERTEX_POINT('',#904);
#904 = CARTESIAN_POINT('',(154.757793,-148.477972,1.585));
#905 = CIRCLE('',#906,0.193306968302);
#906 = AXIS2_PLACEMENT_3D('',#907,#908,#909);
#907 = CARTESIAN_POINT('',(154.77429569174,-148.2853707405,1.585));
#908 = DIRECTION('',(0.,0.,1.));
#909 = DIRECTION('',(-0.943683993123,-0.330848184404,0.));
#910 = ORIENTED_EDGE('',*,*,#911,.T.);
#911 = EDGE_CURVE('',#903,#912,#914,.T.);
#912 = VERTEX_POINT('',#913);
#913 = CARTESIAN_POINT('',(154.925039,-148.488671,1.585));
#914 = LINE('',#915,#916);
#915 = CARTESIAN_POINT('',(154.757793,-148.477972,1.585));
#916 = VECTOR('',#917,1.);
#917 = DIRECTION('',(0.997960073952,-6.384113719447E-02,0.));
#918 = ORIENTED_EDGE('',*,*,#919,.T.);
#919 = EDGE_CURVE('',#912,#920,#922,.T.);
#920 = VERTEX_POINT('',#921);
#921 = CARTESIAN_POINT('',(155.629638,-148.493872,1.585));
#922 = LINE('',#923,#924);
#923 = CARTESIAN_POINT('',(154.925039,-148.488671,1.585));
#924 = VECTOR('',#925,1.);
#925 = DIRECTION('',(0.999972757816,-7.381302433585E-03,0.));
#926 = ORIENTED_EDGE('',*,*,#927,.T.);
#927 = EDGE_CURVE('',#920,#928,#930,.T.);
#928 = VERTEX_POINT('',#929);
#929 = CARTESIAN_POINT('',(155.830138,-148.506716,1.585));
#930 = LINE('',#931,#932);
#931 = CARTESIAN_POINT('',(155.629638,-148.493872,1.585));
#932 = VECTOR('',#933,1.);
#933 = DIRECTION('',(0.99795446129,-6.392881347036E-02,0.));
#934 = ORIENTED_EDGE('',*,*,#935,.T.);
#935 = EDGE_CURVE('',#928,#936,#938,.T.);
#936 = VERTEX_POINT('',#937);
#937 = CARTESIAN_POINT('',(155.898924,-148.518877,1.585));
#938 = LINE('',#939,#940);
#939 = CARTESIAN_POINT('',(155.830138,-148.506716,1.585));
#940 = VECTOR('',#941,1.);
#941 = DIRECTION('',(0.984728889028,-0.174094845164,0.));
#942 = ORIENTED_EDGE('',*,*,#943,.T.);
#943 = EDGE_CURVE('',#936,#944,#946,.T.);
#944 = VERTEX_POINT('',#945);
#945 = CARTESIAN_POINT('',(155.99752,-148.549434,1.585));
#946 = LINE('',#947,#948);
#947 = CARTESIAN_POINT('',(155.898924,-148.518877,1.585));
#948 = VECTOR('',#949,1.);
#949 = DIRECTION('',(0.955178585438,-0.296030184137,0.));
#950 = ORIENTED_EDGE('',*,*,#951,.T.);
#951 = EDGE_CURVE('',#944,#952,#954,.T.);
#952 = VERTEX_POINT('',#953);
#953 = CARTESIAN_POINT('',(156.165984,-148.640496,1.585));
#954 = LINE('',#955,#956);
#955 = CARTESIAN_POINT('',(155.99752,-148.549434,1.585));
#956 = VECTOR('',#957,1.);
#957 = DIRECTION('',(0.879705687041,-0.475518563452,0.));
#958 = ORIENTED_EDGE('',*,*,#959,.T.);
#959 = EDGE_CURVE('',#952,#960,#962,.T.);
#960 = VERTEX_POINT('',#961);
#961 = CARTESIAN_POINT('',(156.293592,-148.769282,1.585));
#962 = LINE('',#963,#964);
#963 = CARTESIAN_POINT('',(156.165984,-148.640496,1.585));
#964 = VECTOR('',#965,1.);
#965 = DIRECTION('',(0.703850556364,-0.710348079681,0.));
#966 = ORIENTED_EDGE('',*,*,#967,.T.);
#967 = EDGE_CURVE('',#960,#968,#970,.T.);
#968 = VERTEX_POINT('',#969);
#969 = CARTESIAN_POINT('',(156.412101,-149.154638,1.585));
#970 = CIRCLE('',#971,0.64340324711);
#971 = AXIS2_PLACEMENT_3D('',#972,#973,#974);
#972 = CARTESIAN_POINT('',(155.76883061688,-149.1415631158,1.585));
#973 = DIRECTION('',(0.,0.,-1.));
#974 = DIRECTION('',(0.815602634077,0.578612429254,0.));
#975 = ORIENTED_EDGE('',*,*,#976,.T.);
#976 = EDGE_CURVE('',#968,#977,#979,.T.);
#977 = VERTEX_POINT('',#978);
#978 = CARTESIAN_POINT('',(156.390152,-149.357204,1.585));
#979 = LINE('',#980,#981);
#980 = CARTESIAN_POINT('',(156.412101,-149.154638,1.585));
#981 = VECTOR('',#982,1.);
#982 = DIRECTION('',(-0.107724270524,-0.99418080928,0.));
#983 = ORIENTED_EDGE('',*,*,#984,.T.);
#984 = EDGE_CURVE('',#977,#985,#987,.T.);
#985 = VERTEX_POINT('',#986);
#986 = CARTESIAN_POINT('',(156.323457,-149.52561,1.585));
#987 = LINE('',#988,#989);
#988 = CARTESIAN_POINT('',(156.390152,-149.357204,1.585));
#989 = VECTOR('',#990,1.);
#990 = DIRECTION('',(-0.368212118913,-0.929741811196,0.));
#991 = ORIENTED_EDGE('',*,*,#992,.T.);
#992 = EDGE_CURVE('',#985,#993,#995,.T.);
#993 = VERTEX_POINT('',#994);
#994 = CARTESIAN_POINT('',(156.210716,-149.662072,1.585));
#995 = LINE('',#996,#997);
#996 = CARTESIAN_POINT('',(156.323457,-149.52561,1.585));
#997 = VECTOR('',#998,1.);
#998 = DIRECTION('',(-0.636920135132,-0.77092979023,0.));
#999 = ORIENTED_EDGE('',*,*,#1000,.T.);
#1000 = EDGE_CURVE('',#993,#1001,#1003,.T.);
#1001 = VERTEX_POINT('',#1002);
#1002 = CARTESIAN_POINT('',(156.061921,-149.763444,1.585));
#1003 = LINE('',#1004,#1005);
#1004 = CARTESIAN_POINT('',(156.210716,-149.662072,1.585));
#1005 = VECTOR('',#1006,1.);
#1006 = DIRECTION('',(-0.826431868013,-0.563036737285,0.));
#1007 = ORIENTED_EDGE('',*,*,#1008,.T.);
#1008 = EDGE_CURVE('',#1001,#1009,#1011,.T.);
#1009 = VERTEX_POINT('',#1010);
#1010 = CARTESIAN_POINT('',(155.964775,-149.808461,1.585));
#1011 = LINE('',#1012,#1013);
#1012 = CARTESIAN_POINT('',(156.061921,-149.763444,1.585));
#1013 = VECTOR('',#1014,1.);
#1014 = DIRECTION('',(-0.907317297909,-0.420446573199,0.));
#1015 = ORIENTED_EDGE('',*,*,#1016,.T.);
#1016 = EDGE_CURVE('',#1009,#1017,#1019,.T.);
#1017 = VERTEX_POINT('',#1018);
#1018 = CARTESIAN_POINT('',(155.913195,-149.822653,1.585));
#1019 = LINE('',#1020,#1021);
#1020 = CARTESIAN_POINT('',(155.964775,-149.808461,1.585));
#1021 = VECTOR('',#1022,1.);
#1022 = DIRECTION('',(-0.964169540929,-0.265286819017,0.));
#1023 = ORIENTED_EDGE('',*,*,#1024,.T.);
#1024 = EDGE_CURVE('',#1017,#1025,#1027,.T.);
#1025 = VERTEX_POINT('',#1026);
#1026 = CARTESIAN_POINT('',(155.76075,-149.83943,1.585));
#1027 = LINE('',#1028,#1029);
#1028 = CARTESIAN_POINT('',(155.913195,-149.822653,1.585));
#1029 = VECTOR('',#1030,1.);
#1030 = DIRECTION('',(-0.993998649818,-0.109392340503,0.));
#1031 = ORIENTED_EDGE('',*,*,#1032,.T.);
#1032 = EDGE_CURVE('',#1025,#1033,#1035,.T.);
#1033 = VERTEX_POINT('',#1034);
#1034 = CARTESIAN_POINT('',(154.836524,-149.86465,1.585));
#1035 = LINE('',#1036,#1037);
#1036 = CARTESIAN_POINT('',(155.76075,-149.83943,1.585));
#1037 = VECTOR('',#1038,1.);
#1038 = DIRECTION('',(-0.99962789856,-2.727754423887E-02,0.));
#1039 = ORIENTED_EDGE('',*,*,#1040,.T.);
#1040 = EDGE_CURVE('',#1033,#1041,#1043,.T.);
#1041 = VERTEX_POINT('',#1042);
#1042 = CARTESIAN_POINT('',(154.695697,-149.882939,1.585));
#1043 = LINE('',#1044,#1045);
#1044 = CARTESIAN_POINT('',(154.836524,-149.86465,1.585));
#1045 = VECTOR('',#1046,1.);
#1046 = DIRECTION('',(-0.991672272081,-0.128787052086,0.));
#1047 = ORIENTED_EDGE('',*,*,#1048,.T.);
#1048 = EDGE_CURVE('',#1041,#1049,#1051,.T.);
#1049 = VERTEX_POINT('',#1050);
#1050 = CARTESIAN_POINT('',(154.653549,-149.896888,1.585));
#1051 = LINE('',#1052,#1053);
#1052 = CARTESIAN_POINT('',(154.695697,-149.882939,1.585));
#1053 = VECTOR('',#1054,1.);
#1054 = DIRECTION('',(-0.949359102606,-0.314193084423,0.));
#1055 = ORIENTED_EDGE('',*,*,#1056,.T.);
#1056 = EDGE_CURVE('',#1049,#1057,#1059,.T.);
#1057 = VERTEX_POINT('',#1058);
#1058 = CARTESIAN_POINT('',(154.620481,-149.914145,1.585));
#1059 = LINE('',#1060,#1061);
#1060 = CARTESIAN_POINT('',(154.653549,-149.896888,1.585));
#1061 = VECTOR('',#1062,1.);
#1062 = DIRECTION('',(-0.886539428922,-0.462653045993,0.));
#1063 = ORIENTED_EDGE('',*,*,#1064,.T.);
#1064 = EDGE_CURVE('',#1057,#1065,#1067,.T.);
#1065 = VERTEX_POINT('',#1066);
#1066 = CARTESIAN_POINT('',(154.487183,-149.96467,1.585));
#1067 = LINE('',#1068,#1069);
#1068 = CARTESIAN_POINT('',(154.620481,-149.914145,1.585));
#1069 = VECTOR('',#1070,1.);
#1070 = DIRECTION('',(-0.935081963877,-0.354431546046,0.));
#1071 = ORIENTED_EDGE('',*,*,#1072,.T.);
#1072 = EDGE_CURVE('',#1065,#1073,#1075,.T.);
#1073 = VERTEX_POINT('',#1074);
#1074 = CARTESIAN_POINT('',(154.189154,-149.879522,1.585));
#1075 = CIRCLE('',#1076,0.35535005868);
#1076 = AXIS2_PLACEMENT_3D('',#1077,#1078,#1079);
#1077 = CARTESIAN_POINT('',(154.42601434222,-149.6146242036,1.585));
#1078 = DIRECTION('',(0.,0.,-1.));
#1079 = DIRECTION('',(0.172136337911,-0.985073134935,0.));
#1080 = ORIENTED_EDGE('',*,*,#1081,.T.);
#1081 = EDGE_CURVE('',#1073,#1082,#1084,.T.);
#1082 = VERTEX_POINT('',#1083);
#1083 = CARTESIAN_POINT('',(154.126998,-149.817762,1.585));
#1084 = LINE('',#1085,#1086);
#1085 = CARTESIAN_POINT('',(154.189154,-149.879522,1.585));
#1086 = VECTOR('',#1087,1.);
#1087 = DIRECTION('',(-0.709362869474,0.704843471567,0.));
#1088 = ORIENTED_EDGE('',*,*,#1089,.T.);
#1089 = EDGE_CURVE('',#1082,#1090,#1092,.T.);
#1090 = VERTEX_POINT('',#1091);
#1091 = CARTESIAN_POINT('',(154.097095,-149.759311,1.585));
#1092 = LINE('',#1093,#1094);
#1093 = CARTESIAN_POINT('',(154.126998,-149.817762,1.585));
#1094 = VECTOR('',#1095,1.);
#1095 = DIRECTION('',(-0.455449696796,0.890261519829,0.));
#1096 = ORIENTED_EDGE('',*,*,#1097,.T.);
#1097 = EDGE_CURVE('',#1090,#1098,#1100,.T.);
#1098 = VERTEX_POINT('',#1099);
#1099 = CARTESIAN_POINT('',(154.087915,-149.646671,1.585));
#1100 = LINE('',#1101,#1102);
#1101 = CARTESIAN_POINT('',(154.097095,-149.759311,1.585));
#1102 = VECTOR('',#1103,1.);
#1103 = DIRECTION('',(-8.122926287471E-02,0.996695443379,0.));
#1104 = ORIENTED_EDGE('',*,*,#1105,.T.);
#1105 = EDGE_CURVE('',#1098,#1106,#1108,.T.);
#1106 = VERTEX_POINT('',#1107);
#1107 = CARTESIAN_POINT('',(154.093096,-149.553859,1.585));
#1108 = LINE('',#1109,#1110);
#1109 = CARTESIAN_POINT('',(154.087915,-149.646671,1.585));
#1110 = VECTOR('',#1111,1.);
#1111 = DIRECTION('',(5.573574990459E-02,0.998445554942,0.));
#1112 = ORIENTED_EDGE('',*,*,#1113,.T.);
#1113 = EDGE_CURVE('',#1106,#1114,#1116,.T.);
#1114 = VERTEX_POINT('',#1115);
#1115 = CARTESIAN_POINT('',(154.116628,-149.489981,1.585));
#1116 = LINE('',#1117,#1118);
#1117 = CARTESIAN_POINT('',(154.093096,-149.553859,1.585));
#1118 = VECTOR('',#1119,1.);
#1119 = DIRECTION('',(0.345679490382,0.938352646892,0.));
#1120 = ORIENTED_EDGE('',*,*,#1121,.T.);
#1121 = EDGE_CURVE('',#1114,#1122,#1124,.T.);
#1122 = VERTEX_POINT('',#1123);
#1123 = CARTESIAN_POINT('',(154.194491,-149.405771,1.585));
#1124 = LINE('',#1125,#1126);
#1125 = CARTESIAN_POINT('',(154.116628,-149.489981,1.585));
#1126 = VECTOR('',#1127,1.);
#1127 = DIRECTION('',(0.678895132431,0.734235247833,0.));
#1128 = ORIENTED_EDGE('',*,*,#1129,.T.);
#1129 = EDGE_CURVE('',#1122,#1130,#1132,.T.);
#1130 = VERTEX_POINT('',#1131);
#1131 = CARTESIAN_POINT('',(154.310151,-149.331564,1.585));
#1132 = LINE('',#1133,#1134);
#1133 = CARTESIAN_POINT('',(154.194491,-149.405771,1.585));
#1134 = VECTOR('',#1135,1.);
#1135 = DIRECTION('',(0.84166094589,0.540006344559,0.));
#1136 = ORIENTED_EDGE('',*,*,#1137,.T.);
#1137 = EDGE_CURVE('',#1130,#1138,#1140,.T.);
#1138 = VERTEX_POINT('',#1139);
#1139 = CARTESIAN_POINT('',(154.433667,-149.30623,1.585));
#1140 = LINE('',#1141,#1142);
#1141 = CARTESIAN_POINT('',(154.310151,-149.331564,1.585));
#1142 = VECTOR('',#1143,1.);
#1143 = DIRECTION('',(0.979606783534,0.200924238593,0.));
#1144 = ORIENTED_EDGE('',*,*,#1145,.T.);
#1145 = EDGE_CURVE('',#1138,#1146,#1148,.T.);
#1146 = VERTEX_POINT('',#1147);
#1147 = CARTESIAN_POINT('',(154.552018,-149.330861,1.585));
#1148 = LINE('',#1149,#1150);
#1149 = CARTESIAN_POINT('',(154.433667,-149.30623,1.585));
#1150 = VECTOR('',#1151,1.);
#1151 = DIRECTION('',(0.979022448105,-0.203752413746,0.));
#1152 = ORIENTED_EDGE('',*,*,#1153,.T.);
#1153 = EDGE_CURVE('',#1146,#1154,#1156,.T.);
#1154 = VERTEX_POINT('',#1155);
#1155 = CARTESIAN_POINT('',(154.638583,-149.385347,1.585));
#1156 = LINE('',#1157,#1158);
#1157 = CARTESIAN_POINT('',(154.552018,-149.330861,1.585));
#1158 = VECTOR('',#1159,1.);
#1159 = DIRECTION('',(0.846311687101,-0.532688021526,0.));
#1160 = ORIENTED_EDGE('',*,*,#1161,.T.);
#1161 = EDGE_CURVE('',#1154,#1162,#1164,.T.);
#1162 = VERTEX_POINT('',#1163);
#1163 = CARTESIAN_POINT('',(154.67115,-149.399105,1.585));
#1164 = LINE('',#1165,#1166);
#1165 = CARTESIAN_POINT('',(154.638583,-149.385347,1.585));
#1166 = VECTOR('',#1167,1.);
#1167 = DIRECTION('',(0.921173637747,-0.389151807293,0.));
#1168 = ORIENTED_EDGE('',*,*,#1169,.T.);
#1169 = EDGE_CURVE('',#1162,#1170,#1172,.T.);
#1170 = VERTEX_POINT('',#1171);
#1171 = CARTESIAN_POINT('',(154.717753,-149.40903,1.585));
#1172 = LINE('',#1173,#1174);
#1173 = CARTESIAN_POINT('',(154.67115,-149.399105,1.585));
#1174 = VECTOR('',#1175,1.);
#1175 = DIRECTION('',(0.978065463156,-0.208297743103,0.));
#1176 = ORIENTED_EDGE('',*,*,#1177,.T.);
#1177 = EDGE_CURVE('',#1170,#1178,#1180,.T.);
#1178 = VERTEX_POINT('',#1179);
#1179 = CARTESIAN_POINT('',(154.885503,-149.419695,1.585));
#1180 = LINE('',#1181,#1182);
#1181 = CARTESIAN_POINT('',(154.717753,-149.40903,1.585));
#1182 = VECTOR('',#1183,1.);
#1183 = DIRECTION('',(0.997985104466,-6.344865060578E-02,0.));
#1184 = ORIENTED_EDGE('',*,*,#1185,.T.);
#1185 = EDGE_CURVE('',#1178,#1186,#1188,.T.);
#1186 = VERTEX_POINT('',#1187);
#1187 = CARTESIAN_POINT('',(155.624859,-149.420615,1.585));
#1188 = LINE('',#1189,#1190);
#1189 = CARTESIAN_POINT('',(154.885503,-149.419695,1.585));
#1190 = VECTOR('',#1191,1.);
#1191 = DIRECTION('',(0.999999225827,-1.244325179979E-03,0.));
#1192 = ORIENTED_EDGE('',*,*,#1193,.T.);
#1193 = EDGE_CURVE('',#1186,#1194,#1196,.T.);
#1194 = VERTEX_POINT('',#1195);
#1195 = CARTESIAN_POINT('',(155.810102,-149.411938,1.585));
#1196 = LINE('',#1197,#1198);
#1197 = CARTESIAN_POINT('',(155.624859,-149.420615,1.585));
#1198 = VECTOR('',#1199,1.);
#1199 = DIRECTION('',(0.998904754083,4.678987357788E-02,0.));
#1200 = ORIENTED_EDGE('',*,*,#1201,.T.);
#1201 = EDGE_CURVE('',#1194,#1202,#1204,.T.);
#1202 = VERTEX_POINT('',#1203);
#1203 = CARTESIAN_POINT('',(155.860395,-149.403418,1.585));
#1204 = LINE('',#1205,#1206);
#1205 = CARTESIAN_POINT('',(155.810102,-149.411938,1.585));
#1206 = VECTOR('',#1207,1.);
#1207 = DIRECTION('',(0.985952240564,0.167027480755,0.));
#1208 = ORIENTED_EDGE('',*,*,#1209,.T.);
#1209 = EDGE_CURVE('',#1202,#1210,#1212,.T.);
#1210 = VERTEX_POINT('',#1211);
#1211 = CARTESIAN_POINT('',(155.89277,-149.391428,1.585));
#1212 = LINE('',#1213,#1214);
#1213 = CARTESIAN_POINT('',(155.860395,-149.403418,1.585));
#1214 = VECTOR('',#1215,1.);
#1215 = DIRECTION('',(0.937755748575,0.347295488043,0.));
#1216 = ORIENTED_EDGE('',*,*,#1217,.T.);
#1217 = EDGE_CURVE('',#1210,#1218,#1220,.T.);
#1218 = VERTEX_POINT('',#1219);
#1219 = CARTESIAN_POINT('',(155.922748,-149.368403,1.585));
#1220 = LINE('',#1221,#1222);
#1221 = CARTESIAN_POINT('',(155.89277,-149.391428,1.585));
#1222 = VECTOR('',#1223,1.);
#1223 = DIRECTION('',(0.793071250528,0.609128879291,0.));
#1224 = ORIENTED_EDGE('',*,*,#1225,.T.);
#1225 = EDGE_CURVE('',#1218,#1226,#1228,.T.);
#1226 = VERTEX_POINT('',#1227);
#1227 = CARTESIAN_POINT('',(155.986786,-149.268374,1.585));
#1228 = LINE('',#1229,#1230);
#1229 = CARTESIAN_POINT('',(155.922748,-149.368403,1.585));
#1230 = VECTOR('',#1231,1.);
#1231 = DIRECTION('',(0.53916980626,0.842197079084,0.));
#1232 = ORIENTED_EDGE('',*,*,#1233,.T.);
#1233 = EDGE_CURVE('',#1226,#1234,#1236,.T.);
#1234 = VERTEX_POINT('',#1235);
#1235 = CARTESIAN_POINT('',(155.92509,-148.975389,1.585));
#1236 = CIRCLE('',#1237,0.290692579028);
#1237 = AXIS2_PLACEMENT_3D('',#1238,#1239,#1240);
#1238 = CARTESIAN_POINT('',(155.7121057643,-149.1732270419,1.585));
#1239 = DIRECTION('',(0.,-0.,1.));
#1240 = DIRECTION('',(0.944916573409,-0.327311272793,-0.));
#1241 = ORIENTED_EDGE('',*,*,#1242,.T.);
#1242 = EDGE_CURVE('',#1234,#1243,#1245,.T.);
#1243 = VERTEX_POINT('',#1244);
#1244 = CARTESIAN_POINT('',(155.901496,-148.961835,1.585));
#1245 = LINE('',#1246,#1247);
#1246 = CARTESIAN_POINT('',(155.92509,-148.975389,1.585));
#1247 = VECTOR('',#1248,1.);
#1248 = DIRECTION('',(-0.867105542471,0.498124460568,0.));
#1249 = ORIENTED_EDGE('',*,*,#1250,.T.);
#1250 = EDGE_CURVE('',#1243,#1251,#1253,.T.);
#1251 = VERTEX_POINT('',#1252);
#1252 = CARTESIAN_POINT('',(155.862207,-148.951204,1.585));
#1253 = LINE('',#1254,#1255);
#1254 = CARTESIAN_POINT('',(155.901496,-148.961835,1.585));
#1255 = VECTOR('',#1256,1.);
#1256 = DIRECTION('',(-0.965286918791,0.26119181536,0.));
#1257 = ORIENTED_EDGE('',*,*,#1258,.T.);
#1258 = EDGE_CURVE('',#1251,#1259,#1261,.T.);
#1259 = VERTEX_POINT('',#1260);
#1260 = CARTESIAN_POINT('',(155.706894,-148.936483,1.585));
#1261 = LINE('',#1262,#1263);
#1262 = CARTESIAN_POINT('',(155.862207,-148.951204,1.585));
#1263 = VECTOR('',#1264,1.);
#1264 = DIRECTION('',(-0.995538151816,9.435988702082E-02,0.));
#1265 = ORIENTED_EDGE('',*,*,#1266,.T.);
#1266 = EDGE_CURVE('',#1259,#1267,#1269,.T.);
#1267 = VERTEX_POINT('',#1268);
#1268 = CARTESIAN_POINT('',(154.865991,-148.907628,1.585));
#1269 = LINE('',#1270,#1271);
#1270 = CARTESIAN_POINT('',(155.706894,-148.936483,1.585));
#1271 = VECTOR('',#1272,1.);
#1272 = DIRECTION('',(-0.999411783723,3.429411836961E-02,0.));
#1273 = ORIENTED_EDGE('',*,*,#1274,.T.);
#1274 = EDGE_CURVE('',#1267,#1275,#1277,.T.);
#1275 = VERTEX_POINT('',#1276);
#1276 = CARTESIAN_POINT('',(154.726694,-148.896394,1.585));
#1277 = LINE('',#1278,#1279);
#1278 = CARTESIAN_POINT('',(154.865991,-148.907628,1.585));
#1279 = VECTOR('',#1280,1.);
#1280 = DIRECTION('',(-0.996763742317,8.038682729127E-02,0.));
#1281 = ORIENTED_EDGE('',*,*,#1282,.T.);
#1282 = EDGE_CURVE('',#1275,#1283,#1285,.T.);
#1283 = VERTEX_POINT('',#1284);
#1284 = CARTESIAN_POINT('',(154.619538,-148.880227,1.585));
#1285 = LINE('',#1286,#1287);
#1286 = CARTESIAN_POINT('',(154.726694,-148.896394,1.585));
#1287 = VECTOR('',#1288,1.);
#1288 = DIRECTION('',(-0.988809285334,0.149185110642,0.));
#1289 = ORIENTED_EDGE('',*,*,#1290,.T.);
#1290 = EDGE_CURVE('',#1283,#1291,#1293,.T.);
#1291 = VERTEX_POINT('',#1292);
#1292 = CARTESIAN_POINT('',(154.536528,-148.857326,1.585));
#1293 = LINE('',#1294,#1295);
#1294 = CARTESIAN_POINT('',(154.619538,-148.880227,1.585));
#1295 = VECTOR('',#1296,1.);
#1296 = DIRECTION('',(-0.963987587912,0.26594723227,0.));
#1297 = ORIENTED_EDGE('',*,*,#1298,.T.);
#1298 = EDGE_CURVE('',#1291,#1299,#1301,.T.);
#1299 = VERTEX_POINT('',#1300);
#1300 = CARTESIAN_POINT('',(154.469883,-148.825988,1.585));
#1301 = LINE('',#1302,#1303);
#1302 = CARTESIAN_POINT('',(154.536528,-148.857326,1.585));
#1303 = VECTOR('',#1304,1.);
#1304 = DIRECTION('',(-0.904946062086,0.42552629145,0.));
#1305 = ORIENTED_EDGE('',*,*,#1306,.T.);
#1306 = EDGE_CURVE('',#1299,#1307,#1309,.T.);
#1307 = VERTEX_POINT('',#1308);
#1308 = CARTESIAN_POINT('',(154.411841,-148.784712,1.585));
#1309 = LINE('',#1310,#1311);
#1310 = CARTESIAN_POINT('',(154.469883,-148.825988,1.585));
#1311 = VECTOR('',#1312,1.);
#1312 = DIRECTION('',(-0.814944125098,0.579539535294,0.));
#1313 = ORIENTED_EDGE('',*,*,#1314,.T.);
#1314 = EDGE_CURVE('',#1307,#1315,#1317,.T.);
#1315 = VERTEX_POINT('',#1316);
#1316 = CARTESIAN_POINT('',(154.345393,-148.722976,1.585));
#1317 = LINE('',#1318,#1319);
#1318 = CARTESIAN_POINT('',(154.411841,-148.784712,1.585));
#1319 = VECTOR('',#1320,1.);
#1320 = DIRECTION('',(-0.732604977262,0.680654058455,0.));
#1321 = ORIENTED_EDGE('',*,*,#1322,.T.);
#1322 = EDGE_CURVE('',#1315,#1323,#1325,.T.);
#1323 = VERTEX_POINT('',#1324);
#1324 = CARTESIAN_POINT('',(154.251838,-148.615483,1.585));
#1325 = LINE('',#1326,#1327);
#1326 = CARTESIAN_POINT('',(154.345393,-148.722976,1.585));
#1327 = VECTOR('',#1328,1.);
#1328 = DIRECTION('',(-0.656509616143,0.754317654514,0.));
#1329 = ORIENTED_EDGE('',*,*,#1330,.T.);
#1330 = EDGE_CURVE('',#1323,#1331,#1333,.T.);
#1331 = VERTEX_POINT('',#1332);
#1332 = CARTESIAN_POINT('',(154.194496,-148.508558,1.585));
#1333 = LINE('',#1334,#1335);
#1334 = CARTESIAN_POINT('',(154.251838,-148.615483,1.585));
#1335 = VECTOR('',#1336,1.);
#1336 = DIRECTION('',(-0.472610413126,0.881271466351,0.));
#1337 = ORIENTED_EDGE('',*,*,#1338,.T.);
#1338 = EDGE_CURVE('',#1331,#1339,#1341,.T.);
#1339 = VERTEX_POINT('',#1340);
#1340 = CARTESIAN_POINT('',(154.166125,-148.383768,1.585));
#1341 = LINE('',#1342,#1343);
#1342 = CARTESIAN_POINT('',(154.194496,-148.508558,1.585));
#1343 = VECTOR('',#1344,1.);
#1344 = DIRECTION('',(-0.221692703732,0.975116580267,0.));
#1345 = ORIENTED_EDGE('',*,*,#1346,.T.);
#1346 = EDGE_CURVE('',#1339,#1347,#1349,.T.);
#1347 = VERTEX_POINT('',#1348);
#1348 = CARTESIAN_POINT('',(154.159026,-148.241877,1.585));
#1349 = LINE('',#1350,#1351);
#1350 = CARTESIAN_POINT('',(154.166125,-148.383768,1.585));
#1351 = VECTOR('',#1352,1.);
#1352 = DIRECTION('',(-4.996886173091E-02,0.998750776149,0.));
#1353 = ORIENTED_EDGE('',*,*,#1354,.T.);
#1354 = EDGE_CURVE('',#1347,#1355,#1357,.T.);
#1355 = VERTEX_POINT('',#1356);
#1356 = CARTESIAN_POINT('',(154.162058,-148.12037,1.585));
#1357 = LINE('',#1358,#1359);
#1358 = CARTESIAN_POINT('',(154.159026,-148.241877,1.585));
#1359 = VECTOR('',#1360,1.);
#1360 = DIRECTION('',(2.494552970228E-02,0.999688811855,0.));
#1361 = ORIENTED_EDGE('',*,*,#1362,.T.);
#1362 = EDGE_CURVE('',#1355,#1363,#1365,.T.);
#1363 = VERTEX_POINT('',#1364);
#1364 = CARTESIAN_POINT('',(154.175359,-148.032397,1.585));
#1365 = LINE('',#1366,#1367);
#1366 = CARTESIAN_POINT('',(154.162058,-148.12037,1.585));
#1367 = VECTOR('',#1368,1.);
#1368 = DIRECTION('',(0.14949506815,0.988762471273,0.));
#1369 = ORIENTED_EDGE('',*,*,#1370,.T.);
#1370 = EDGE_CURVE('',#1363,#1371,#1373,.T.);
#1371 = VERTEX_POINT('',#1372);
#1372 = CARTESIAN_POINT('',(154.203757,-147.956416,1.585));
#1373 = LINE('',#1374,#1375);
#1374 = CARTESIAN_POINT('',(154.175359,-148.032397,1.585));
#1375 = VECTOR('',#1376,1.);
#1376 = DIRECTION('',(0.350097790398,0.936713156286,0.));
#1377 = ORIENTED_EDGE('',*,*,#1378,.T.);
#1378 = EDGE_CURVE('',#1371,#1379,#1381,.T.);
#1379 = VERTEX_POINT('',#1380);
#1380 = CARTESIAN_POINT('',(154.237024,-147.895347,1.585));
#1381 = LINE('',#1382,#1383);
#1382 = CARTESIAN_POINT('',(154.203757,-147.956416,1.585));
#1383 = VECTOR('',#1384,1.);
#1384 = DIRECTION('',(0.478371481852,0.878157574329,0.));
#1385 = ORIENTED_EDGE('',*,*,#1386,.T.);
#1386 = EDGE_CURVE('',#1379,#1387,#1389,.T.);
#1387 = VERTEX_POINT('',#1388);
#1388 = CARTESIAN_POINT('',(154.304302,-147.794642,1.585));
#1389 = LINE('',#1390,#1391);
#1390 = CARTESIAN_POINT('',(154.237024,-147.895347,1.585));
#1391 = VECTOR('',#1392,1.);
#1392 = DIRECTION('',(0.555507840824,0.831511298049,0.));
#1393 = ORIENTED_EDGE('',*,*,#1394,.T.);
#1394 = EDGE_CURVE('',#1387,#1395,#1397,.T.);
#1395 = VERTEX_POINT('',#1396);
#1396 = CARTESIAN_POINT('',(154.379148,-147.715455,1.585));
#1397 = LINE('',#1398,#1399);
#1398 = CARTESIAN_POINT('',(154.304302,-147.794642,1.585));
#1399 = VECTOR('',#1400,1.);
#1400 = DIRECTION('',(0.686906174894,0.726746108962,0.));
#1401 = ORIENTED_EDGE('',*,*,#1402,.T.);
#1402 = EDGE_CURVE('',#1395,#1403,#1405,.T.);
#1403 = VERTEX_POINT('',#1404);
#1404 = CARTESIAN_POINT('',(154.468843,-147.655621,1.585));
#1405 = LINE('',#1406,#1407);
#1406 = CARTESIAN_POINT('',(154.379148,-147.715455,1.585));
#1407 = VECTOR('',#1408,1.);
#1408 = DIRECTION('',(0.831890450315,0.554939887442,0.));
#1409 = ORIENTED_EDGE('',*,*,#1410,.T.);
#1410 = EDGE_CURVE('',#1403,#1411,#1413,.T.);
#1411 = VERTEX_POINT('',#1412);
#1412 = CARTESIAN_POINT('',(154.580573,-147.612753,1.585));
#1413 = LINE('',#1414,#1415);
#1414 = CARTESIAN_POINT('',(154.468843,-147.655621,1.585));
#1415 = VECTOR('',#1416,1.);
#1416 = DIRECTION('',(0.933639483104,0.358214063919,0.));
#1417 = ORIENTED_EDGE('',*,*,#1418,.T.);
#1418 = EDGE_CURVE('',#1411,#1419,#1421,.T.);
#1419 = VERTEX_POINT('',#1420);
#1420 = CARTESIAN_POINT('',(154.721731,-147.584281,1.585));
#1421 = LINE('',#1422,#1423);
#1422 = CARTESIAN_POINT('',(154.580573,-147.612753,1.585));
#1423 = VECTOR('',#1424,1.);
#1424 = DIRECTION('',(0.980258316617,0.197721098278,0.));
#1425 = ORIENTED_EDGE('',*,*,#1426,.T.);
#1426 = EDGE_CURVE('',#1419,#1427,#1429,.T.);
#1427 = VERTEX_POINT('',#1428);
#1428 = CARTESIAN_POINT('',(154.899867,-147.567655,1.585));
#1429 = LINE('',#1430,#1431);
#1430 = CARTESIAN_POINT('',(154.721731,-147.584281,1.585));
#1431 = VECTOR('',#1432,1.);
#1432 = DIRECTION('',(0.995672709523,9.292930383822E-02,0.));
#1433 = ORIENTED_EDGE('',*,*,#1434,.T.);
#1434 = EDGE_CURVE('',#1427,#1435,#1437,.T.);
#1435 = VERTEX_POINT('',#1436);
#1436 = CARTESIAN_POINT('',(155.261544,-147.55948,1.585));
#1437 = LINE('',#1438,#1439);
#1438 = CARTESIAN_POINT('',(154.899867,-147.567655,1.585));
#1439 = VECTOR('',#1440,1.);
#1440 = DIRECTION('',(0.999744649112,2.259726912821E-02,0.));
#1441 = ORIENTED_EDGE('',*,*,#1442,.T.);
#1442 = EDGE_CURVE('',#1435,#1443,#1445,.T.);
#1443 = VERTEX_POINT('',#1444);
#1444 = CARTESIAN_POINT('',(155.681167,-147.55218,1.585));
#1445 = LINE('',#1446,#1447);
#1446 = CARTESIAN_POINT('',(155.261544,-147.55948,1.585));
#1447 = VECTOR('',#1448,1.);
#1448 = DIRECTION('',(0.999848714051,1.73939360154E-02,0.));
#1449 = ORIENTED_EDGE('',*,*,#1450,.T.);
#1450 = EDGE_CURVE('',#1443,#1451,#1453,.T.);
#1451 = VERTEX_POINT('',#1452);
#1452 = CARTESIAN_POINT('',(155.749898,-147.544377,1.585));
#1453 = LINE('',#1454,#1455);
#1454 = CARTESIAN_POINT('',(155.681167,-147.55218,1.585));
#1455 = VECTOR('',#1456,1.);
#1456 = DIRECTION('',(0.993617155142,0.112804915709,0.));
#1457 = ORIENTED_EDGE('',*,*,#1458,.T.);
#1458 = EDGE_CURVE('',#1451,#677,#1459,.T.);
#1459 = LINE('',#1460,#1461);
#1460 = CARTESIAN_POINT('',(155.749898,-147.544377,1.585));
#1461 = VECTOR('',#1462,1.);
#1462 = DIRECTION('',(0.971191364507,0.238300930564,0.));
#1463 = FACE_BOUND('',#1464,.F.);
#1464 = EDGE_LOOP('',(#1465,#1475,#1483,#1491,#1499,#1507,#1515,#1523,
    #1531,#1539,#1547,#1555,#1563));
#1465 = ORIENTED_EDGE('',*,*,#1466,.T.);
#1466 = EDGE_CURVE('',#1467,#1469,#1471,.T.);
#1467 = VERTEX_POINT('',#1468);
#1468 = CARTESIAN_POINT('',(154.518457,-149.556712,1.585));
#1469 = VERTEX_POINT('',#1470);
#1470 = CARTESIAN_POINT('',(154.454982,-149.521622,1.585));
#1471 = LINE('',#1472,#1473);
#1472 = CARTESIAN_POINT('',(154.518457,-149.556712,1.585));
#1473 = VECTOR('',#1474,1.);
#1474 = DIRECTION('',(-0.875173173439,0.483809793713,0.));
#1475 = ORIENTED_EDGE('',*,*,#1476,.T.);
#1476 = EDGE_CURVE('',#1469,#1477,#1479,.T.);
#1477 = VERTEX_POINT('',#1478);
#1478 = CARTESIAN_POINT('',(154.420228,-149.517095,1.585));
#1479 = LINE('',#1480,#1481);
#1480 = CARTESIAN_POINT('',(154.454982,-149.521622,1.585));
#1481 = VECTOR('',#1482,1.);
#1482 = DIRECTION('',(-0.991622829914,0.129167190856,0.));
#1483 = ORIENTED_EDGE('',*,*,#1484,.T.);
#1484 = EDGE_CURVE('',#1477,#1485,#1487,.T.);
#1485 = VERTEX_POINT('',#1486);
#1486 = CARTESIAN_POINT('',(154.35042,-149.537861,1.585));
#1487 = LINE('',#1488,#1489);
#1488 = CARTESIAN_POINT('',(154.420228,-149.517095,1.585));
#1489 = VECTOR('',#1490,1.);
#1490 = DIRECTION('',(-0.958490323972,-0.285125058268,0.));
#1491 = ORIENTED_EDGE('',*,*,#1492,.T.);
#1492 = EDGE_CURVE('',#1485,#1493,#1495,.T.);
#1493 = VERTEX_POINT('',#1494);
#1494 = CARTESIAN_POINT('',(154.297158,-149.588423,1.585));
#1495 = LINE('',#1496,#1497);
#1496 = CARTESIAN_POINT('',(154.35042,-149.537861,1.585));
#1497 = VECTOR('',#1498,1.);
#1498 = DIRECTION('',(-0.725250282649,-0.688485313944,0.));
#1499 = ORIENTED_EDGE('',*,*,#1500,.T.);
#1500 = EDGE_CURVE('',#1493,#1501,#1503,.T.);
#1501 = VERTEX_POINT('',#1502);
#1502 = CARTESIAN_POINT('',(154.275888,-149.651174,1.585));
#1503 = LINE('',#1504,#1505);
#1504 = CARTESIAN_POINT('',(154.297158,-149.588423,1.585));
#1505 = VECTOR('',#1506,1.);
#1506 = DIRECTION('',(-0.321018631387,-0.947072879087,0.));
#1507 = ORIENTED_EDGE('',*,*,#1508,.T.);
#1508 = EDGE_CURVE('',#1501,#1509,#1511,.T.);
#1509 = VERTEX_POINT('',#1510);
#1510 = CARTESIAN_POINT('',(154.279199,-149.673362,1.585));
#1511 = LINE('',#1512,#1513);
#1512 = CARTESIAN_POINT('',(154.275888,-149.651174,1.585));
#1513 = VECTOR('',#1514,1.);
#1514 = DIRECTION('',(0.147590577236,-0.989048543556,0.));
#1515 = ORIENTED_EDGE('',*,*,#1516,.T.);
#1516 = EDGE_CURVE('',#1509,#1517,#1519,.T.);
#1517 = VERTEX_POINT('',#1518);
#1518 = CARTESIAN_POINT('',(154.324032,-149.736909,1.585));
#1519 = LINE('',#1520,#1521);
#1520 = CARTESIAN_POINT('',(154.279199,-149.673362,1.585));
#1521 = VECTOR('',#1522,1.);
#1522 = DIRECTION('',(0.576479732238,-0.817111447918,0.));
#1523 = ORIENTED_EDGE('',*,*,#1524,.T.);
#1524 = EDGE_CURVE('',#1517,#1525,#1527,.T.);
#1525 = VERTEX_POINT('',#1526);
#1526 = CARTESIAN_POINT('',(154.396586,-149.76546,1.585));
#1527 = LINE('',#1528,#1529);
#1528 = CARTESIAN_POINT('',(154.324032,-149.736909,1.585));
#1529 = VECTOR('',#1530,1.);
#1530 = DIRECTION('',(0.930543385119,-0.366181660398,0.));
#1531 = ORIENTED_EDGE('',*,*,#1532,.T.);
#1532 = EDGE_CURVE('',#1525,#1533,#1535,.T.);
#1533 = VERTEX_POINT('',#1534);
#1534 = CARTESIAN_POINT('',(154.480848,-149.75549,1.585));
#1535 = LINE('',#1536,#1537);
#1536 = CARTESIAN_POINT('',(154.396586,-149.76546,1.585));
#1537 = VECTOR('',#1538,1.);
#1538 = DIRECTION('',(0.993072672531,0.117501774763,0.));
#1539 = ORIENTED_EDGE('',*,*,#1540,.T.);
#1540 = EDGE_CURVE('',#1533,#1541,#1543,.T.);
#1541 = VERTEX_POINT('',#1542);
#1542 = CARTESIAN_POINT('',(154.533837,-149.726201,1.585));
#1543 = LINE('',#1544,#1545);
#1544 = CARTESIAN_POINT('',(154.480848,-149.75549,1.585));
#1545 = VECTOR('',#1546,1.);
#1546 = DIRECTION('',(0.875202339405,0.48375703106,0.));
#1547 = ORIENTED_EDGE('',*,*,#1548,.T.);
#1548 = EDGE_CURVE('',#1541,#1549,#1551,.T.);
#1549 = VERTEX_POINT('',#1550);
#1550 = CARTESIAN_POINT('',(154.565744,-149.674326,1.585));
#1551 = LINE('',#1552,#1553);
#1552 = CARTESIAN_POINT('',(154.533837,-149.726201,1.585));
#1553 = VECTOR('',#1554,1.);
#1554 = DIRECTION('',(0.523905942273,0.851776122964,0.));
#1555 = ORIENTED_EDGE('',*,*,#1556,.T.);
#1556 = EDGE_CURVE('',#1549,#1557,#1559,.T.);
#1557 = VERTEX_POINT('',#1558);
#1558 = CARTESIAN_POINT('',(154.558068,-149.612967,1.585));
#1559 = LINE('',#1560,#1561);
#1560 = CARTESIAN_POINT('',(154.565744,-149.674326,1.585));
#1561 = VECTOR('',#1562,1.);
#1562 = DIRECTION('',(-0.124132260438,0.992265681115,0.));
#1563 = ORIENTED_EDGE('',*,*,#1564,.T.);
#1564 = EDGE_CURVE('',#1557,#1467,#1565,.T.);
#1565 = LINE('',#1566,#1567);
#1566 = CARTESIAN_POINT('',(154.558068,-149.612967,1.585));
#1567 = VECTOR('',#1568,1.);
#1568 = DIRECTION('',(-0.575728122142,0.817641198433,0.));
#1569 = FACE_BOUND('',#1570,.F.);
#1570 = EDGE_LOOP('',(#1571,#1581,#1589,#1597,#1605,#1613,#1621,#1629,
    #1637,#1645,#1653,#1661,#1669,#1677));
#1571 = ORIENTED_EDGE('',*,*,#1572,.T.);
#1572 = EDGE_CURVE('',#1573,#1575,#1577,.T.);
#1573 = VERTEX_POINT('',#1574);
#1574 = CARTESIAN_POINT('',(156.162605,-147.707985,1.585));
#1575 = VERTEX_POINT('',#1576);
#1576 = CARTESIAN_POINT('',(156.140266,-147.670307,1.585));
#1577 = LINE('',#1578,#1579);
#1578 = CARTESIAN_POINT('',(156.162605,-147.707985,1.585));
#1579 = VECTOR('',#1580,1.);
#1580 = DIRECTION('',(-0.509993243533,0.860178406815,0.));
#1581 = ORIENTED_EDGE('',*,*,#1582,.T.);
#1582 = EDGE_CURVE('',#1575,#1583,#1585,.T.);
#1583 = VERTEX_POINT('',#1584);
#1584 = CARTESIAN_POINT('',(156.094727,-147.657896,1.585));
#1585 = LINE('',#1586,#1587);
#1586 = CARTESIAN_POINT('',(156.140266,-147.670307,1.585));
#1587 = VECTOR('',#1588,1.);
#1588 = DIRECTION('',(-0.964810742071,0.262945302265,0.));
#1589 = ORIENTED_EDGE('',*,*,#1590,.T.);
#1590 = EDGE_CURVE('',#1583,#1591,#1593,.T.);
#1591 = VERTEX_POINT('',#1592);
#1592 = CARTESIAN_POINT('',(156.046013,-147.659808,1.585));
#1593 = LINE('',#1594,#1595);
#1594 = CARTESIAN_POINT('',(156.094727,-147.657896,1.585));
#1595 = VECTOR('',#1596,1.);
#1596 = DIRECTION('',(-0.999230627303,-3.921929957317E-02,0.));
#1597 = ORIENTED_EDGE('',*,*,#1598,.T.);
#1598 = EDGE_CURVE('',#1591,#1599,#1601,.T.);
#1599 = VERTEX_POINT('',#1600);
#1600 = CARTESIAN_POINT('',(155.97226,-147.674832,1.585));
#1601 = LINE('',#1602,#1603);
#1602 = CARTESIAN_POINT('',(156.046013,-147.659808,1.585));
#1603 = VECTOR('',#1604,1.);
#1604 = DIRECTION('',(-0.979875923123,-0.199607553171,0.));
#1605 = ORIENTED_EDGE('',*,*,#1606,.T.);
#1606 = EDGE_CURVE('',#1599,#1607,#1609,.T.);
#1607 = VERTEX_POINT('',#1608);
#1608 = CARTESIAN_POINT('',(155.933373,-147.711623,1.585));
#1609 = LINE('',#1610,#1611);
#1610 = CARTESIAN_POINT('',(155.97226,-147.674832,1.585));
#1611 = VECTOR('',#1612,1.);
#1612 = DIRECTION('',(-0.726412460707,-0.6872590028,0.));
#1613 = ORIENTED_EDGE('',*,*,#1614,.T.);
#1614 = EDGE_CURVE('',#1607,#1615,#1617,.T.);
#1615 = VERTEX_POINT('',#1616);
#1616 = CARTESIAN_POINT('',(155.920859,-147.740625,1.585));
#1617 = LINE('',#1618,#1619);
#1618 = CARTESIAN_POINT('',(155.933373,-147.711623,1.585));
#1619 = VECTOR('',#1620,1.);
#1620 = DIRECTION('',(-0.396180083022,-0.918172827858,0.));
#1621 = ORIENTED_EDGE('',*,*,#1622,.T.);
#1622 = EDGE_CURVE('',#1615,#1623,#1625,.T.);
#1623 = VERTEX_POINT('',#1624);
#1624 = CARTESIAN_POINT('',(155.913278,-147.820581,1.585));
#1625 = LINE('',#1626,#1627);
#1626 = CARTESIAN_POINT('',(155.920859,-147.740625,1.585));
#1627 = VECTOR('',#1628,1.);
#1628 = DIRECTION('',(-9.439131698917E-02,-0.995535172295,0.));
#1629 = ORIENTED_EDGE('',*,*,#1630,.T.);
#1630 = EDGE_CURVE('',#1623,#1631,#1633,.T.);
#1631 = VERTEX_POINT('',#1632);
#1632 = CARTESIAN_POINT('',(155.951426,-147.873424,1.585));
#1633 = LINE('',#1634,#1635);
#1634 = CARTESIAN_POINT('',(155.913278,-147.820581,1.585));
#1635 = VECTOR('',#1636,1.);
#1636 = DIRECTION('',(0.585325279639,-0.810798567473,0.));
#1637 = ORIENTED_EDGE('',*,*,#1638,.T.);
#1638 = EDGE_CURVE('',#1631,#1639,#1641,.T.);
#1639 = VERTEX_POINT('',#1640);
#1640 = CARTESIAN_POINT('',(156.033917,-147.897498,1.585));
#1641 = LINE('',#1642,#1643);
#1642 = CARTESIAN_POINT('',(155.951426,-147.873424,1.585));
#1643 = VECTOR('',#1644,1.);
#1644 = DIRECTION('',(0.959955804316,-0.280151483594,0.));
#1645 = ORIENTED_EDGE('',*,*,#1646,.T.);
#1646 = EDGE_CURVE('',#1639,#1647,#1649,.T.);
#1647 = VERTEX_POINT('',#1648);
#1648 = CARTESIAN_POINT('',(156.124281,-147.890174,1.585));
#1649 = LINE('',#1650,#1651);
#1650 = CARTESIAN_POINT('',(156.033917,-147.897498,1.585));
#1651 = VECTOR('',#1652,1.);
#1652 = DIRECTION('',(0.996731545039,8.078506745913E-02,0.));
#1653 = ORIENTED_EDGE('',*,*,#1654,.T.);
#1654 = EDGE_CURVE('',#1647,#1655,#1657,.T.);
#1655 = VERTEX_POINT('',#1656);
#1656 = CARTESIAN_POINT('',(156.155927,-147.859106,1.585));
#1657 = LINE('',#1658,#1659);
#1658 = CARTESIAN_POINT('',(156.124281,-147.890174,1.585));
#1659 = VECTOR('',#1660,1.);
#1660 = DIRECTION('',(0.713593483781,0.700560018774,0.));
#1661 = ORIENTED_EDGE('',*,*,#1662,.T.);
#1662 = EDGE_CURVE('',#1655,#1663,#1665,.T.);
#1663 = VERTEX_POINT('',#1664);
#1664 = CARTESIAN_POINT('',(156.164314,-147.833818,1.585));
#1665 = LINE('',#1666,#1667);
#1666 = CARTESIAN_POINT('',(156.155927,-147.859106,1.585));
#1667 = VECTOR('',#1668,1.);
#1668 = DIRECTION('',(0.314797362684,0.949158901579,0.));
#1669 = ORIENTED_EDGE('',*,*,#1670,.T.);
#1670 = EDGE_CURVE('',#1663,#1671,#1673,.T.);
#1671 = VERTEX_POINT('',#1672);
#1672 = CARTESIAN_POINT('',(156.170312,-147.755913,1.585));
#1673 = LINE('',#1674,#1675);
#1674 = CARTESIAN_POINT('',(156.164314,-147.833818,1.585));
#1675 = VECTOR('',#1676,1.);
#1676 = DIRECTION('',(7.676402840846E-02,0.997049288622,0.));
#1677 = ORIENTED_EDGE('',*,*,#1678,.T.);
#1678 = EDGE_CURVE('',#1671,#1573,#1679,.T.);
#1679 = LINE('',#1680,#1681);
#1680 = CARTESIAN_POINT('',(156.170312,-147.755913,1.585));
#1681 = VECTOR('',#1682,1.);
#1682 = DIRECTION('',(-0.158764157549,0.987316536009,0.));
#1683 = PLANE('',#1684);
#1684 = AXIS2_PLACEMENT_3D('',#1685,#1686,#1687);
#1685 = CARTESIAN_POINT('',(0.,0.,1.585));
#1686 = DIRECTION('',(0.,0.,1.));
#1687 = DIRECTION('',(1.,0.,-0.));
#1688 = SHELL_BASED_SURFACE_MODEL('',(#1689));
#1689 = OPEN_SHELL('',(#1690));
#1690 = ADVANCED_FACE('',(#1691),#2125,.T.);
#1691 = FACE_BOUND('',#1692,.F.);
#1692 = EDGE_LOOP('',(#1693,#1703,#1711,#1719,#1727,#1735,#1743,#1751,
    #1759,#1767,#1775,#1783,#1791,#1799,#1807,#1815,#1824,#1832,#1840,
    #1849,#1857,#1865,#1874,#1882,#1891,#1899,#1907,#1915,#1923,#1931,
    #1939,#1947,#1955,#1963,#1971,#1979,#1987,#1995,#2003,#2011,#2019,
    #2028,#2036,#2044,#2053,#2061,#2069,#2078,#2086,#2094,#2102,#2111,
    #2119));
#1693 = ORIENTED_EDGE('',*,*,#1694,.T.);
#1694 = EDGE_CURVE('',#1695,#1697,#1699,.T.);
#1695 = VERTEX_POINT('',#1696);
#1696 = CARTESIAN_POINT('',(143.952275,-148.135733,1.585));
#1697 = VERTEX_POINT('',#1698);
#1698 = CARTESIAN_POINT('',(144.028103,-148.12612,1.585));
#1699 = LINE('',#1700,#1701);
#1700 = CARTESIAN_POINT('',(143.952275,-148.135733,1.585));
#1701 = VECTOR('',#1702,1.);
#1702 = DIRECTION('',(0.992059789668,0.125767140873,0.));
#1703 = ORIENTED_EDGE('',*,*,#1704,.T.);
#1704 = EDGE_CURVE('',#1697,#1705,#1707,.T.);
#1705 = VERTEX_POINT('',#1706);
#1706 = CARTESIAN_POINT('',(144.094952,-148.12612,1.585));
#1707 = LINE('',#1708,#1709);
#1708 = CARTESIAN_POINT('',(144.028103,-148.12612,1.585));
#1709 = VECTOR('',#1710,1.);
#1710 = DIRECTION('',(1.,0.,0.));
#1711 = ORIENTED_EDGE('',*,*,#1712,.T.);
#1712 = EDGE_CURVE('',#1705,#1713,#1715,.T.);
#1713 = VERTEX_POINT('',#1714);
#1714 = CARTESIAN_POINT('',(144.094952,-148.32127,1.585));
#1715 = LINE('',#1716,#1717);
#1716 = CARTESIAN_POINT('',(144.094952,-148.12612,1.585));
#1717 = VECTOR('',#1718,1.);
#1718 = DIRECTION('',(0.,-1.,0.));
#1719 = ORIENTED_EDGE('',*,*,#1720,.T.);
#1720 = EDGE_CURVE('',#1713,#1721,#1723,.T.);
#1721 = VERTEX_POINT('',#1722);
#1722 = CARTESIAN_POINT('',(144.028933,-148.32127,1.585));
#1723 = LINE('',#1724,#1725);
#1724 = CARTESIAN_POINT('',(144.094952,-148.32127,1.585));
#1725 = VECTOR('',#1726,1.);
#1726 = DIRECTION('',(-1.,0.,0.));
#1727 = ORIENTED_EDGE('',*,*,#1728,.T.);
#1728 = EDGE_CURVE('',#1721,#1729,#1731,.T.);
#1729 = VERTEX_POINT('',#1730);
#1730 = CARTESIAN_POINT('',(143.993807,-148.328068,1.585));
#1731 = LINE('',#1732,#1733);
#1732 = CARTESIAN_POINT('',(144.028933,-148.32127,1.585));
#1733 = VECTOR('',#1734,1.);
#1734 = DIRECTION('',(-0.981782878183,-0.190006263335,0.));
#1735 = ORIENTED_EDGE('',*,*,#1736,.T.);
#1736 = EDGE_CURVE('',#1729,#1737,#1739,.T.);
#1737 = VERTEX_POINT('',#1738);
#1738 = CARTESIAN_POINT('',(143.963952,-148.34857,1.585));
#1739 = LINE('',#1740,#1741);
#1740 = CARTESIAN_POINT('',(143.993807,-148.328068,1.585));
#1741 = VECTOR('',#1742,1.);
#1742 = DIRECTION('',(-0.824342312569,-0.566091646032,0.));
#1743 = ORIENTED_EDGE('',*,*,#1744,.T.);
#1744 = EDGE_CURVE('',#1737,#1745,#1747,.T.);
#1745 = VERTEX_POINT('',#1746);
#1746 = CARTESIAN_POINT('',(143.943615,-148.378509,1.585));
#1747 = LINE('',#1748,#1749);
#1748 = CARTESIAN_POINT('',(143.963952,-148.34857,1.585));
#1749 = VECTOR('',#1750,1.);
#1750 = DIRECTION('',(-0.561903368921,-0.827202879586,0.));
#1751 = ORIENTED_EDGE('',*,*,#1752,.T.);
#1752 = EDGE_CURVE('',#1745,#1753,#1755,.T.);
#1753 = VERTEX_POINT('',#1754);
#1754 = CARTESIAN_POINT('',(143.93686,-148.413758,1.585));
#1755 = LINE('',#1756,#1757);
#1756 = CARTESIAN_POINT('',(143.943615,-148.378509,1.585));
#1757 = VECTOR('',#1758,1.);
#1758 = DIRECTION('',(-0.188211800851,-0.982128463094,0.));
#1759 = ORIENTED_EDGE('',*,*,#1760,.T.);
#1760 = EDGE_CURVE('',#1753,#1761,#1763,.T.);
#1761 = VERTEX_POINT('',#1762);
#1762 = CARTESIAN_POINT('',(143.93686,-149.552376,1.585));
#1763 = LINE('',#1764,#1765);
#1764 = CARTESIAN_POINT('',(143.93686,-148.413758,1.585));
#1765 = VECTOR('',#1766,1.);
#1766 = DIRECTION('',(0.,-1.,0.));
#1767 = ORIENTED_EDGE('',*,*,#1768,.T.);
#1768 = EDGE_CURVE('',#1761,#1769,#1771,.T.);
#1769 = VERTEX_POINT('',#1770);
#1770 = CARTESIAN_POINT('',(143.943611,-149.587643,1.585));
#1771 = LINE('',#1772,#1773);
#1772 = CARTESIAN_POINT('',(143.93686,-149.552376,1.585));
#1773 = VECTOR('',#1774,1.);
#1774 = DIRECTION('',(0.18801168266,-0.982166791937,0.));
#1775 = ORIENTED_EDGE('',*,*,#1776,.T.);
#1776 = EDGE_CURVE('',#1769,#1777,#1779,.T.);
#1777 = VERTEX_POINT('',#1778);
#1778 = CARTESIAN_POINT('',(143.963952,-149.617668,1.585));
#1779 = LINE('',#1780,#1781);
#1780 = CARTESIAN_POINT('',(143.943611,-149.587643,1.585));
#1781 = VECTOR('',#1782,1.);
#1782 = DIRECTION('',(0.560876190543,-0.827899691316,0.));
#1783 = ORIENTED_EDGE('',*,*,#1784,.T.);
#1784 = EDGE_CURVE('',#1777,#1785,#1787,.T.);
#1785 = VERTEX_POINT('',#1786);
#1786 = CARTESIAN_POINT('',(143.993807,-149.63817,1.585));
#1787 = LINE('',#1788,#1789);
#1788 = CARTESIAN_POINT('',(143.963952,-149.617668,1.585));
#1789 = VECTOR('',#1790,1.);
#1790 = DIRECTION('',(0.824342312569,-0.566091646032,0.));
#1791 = ORIENTED_EDGE('',*,*,#1792,.T.);
#1792 = EDGE_CURVE('',#1785,#1793,#1795,.T.);
#1793 = VERTEX_POINT('',#1794);
#1794 = CARTESIAN_POINT('',(144.028933,-149.644968,1.585));
#1795 = LINE('',#1796,#1797);
#1796 = CARTESIAN_POINT('',(143.993807,-149.63817,1.585));
#1797 = VECTOR('',#1798,1.);
#1798 = DIRECTION('',(0.981782878183,-0.190006263335,0.));
#1799 = ORIENTED_EDGE('',*,*,#1800,.T.);
#1800 = EDGE_CURVE('',#1793,#1801,#1803,.T.);
#1801 = VERTEX_POINT('',#1802);
#1802 = CARTESIAN_POINT('',(144.409164,-149.644968,1.585));
#1803 = LINE('',#1804,#1805);
#1804 = CARTESIAN_POINT('',(144.028933,-149.644968,1.585));
#1805 = VECTOR('',#1806,1.);
#1806 = DIRECTION('',(1.,0.,0.));
#1807 = ORIENTED_EDGE('',*,*,#1808,.T.);
#1808 = EDGE_CURVE('',#1801,#1809,#1811,.T.);
#1809 = VERTEX_POINT('',#1810);
#1810 = CARTESIAN_POINT('',(144.443932,-149.638146,1.585));
#1811 = LINE('',#1812,#1813);
#1812 = CARTESIAN_POINT('',(144.409164,-149.644968,1.585));
#1813 = VECTOR('',#1814,1.);
#1814 = DIRECTION('',(0.981288453594,0.192543425863,0.));
#1815 = ORIENTED_EDGE('',*,*,#1816,.T.);
#1816 = EDGE_CURVE('',#1809,#1817,#1819,.T.);
#1817 = VERTEX_POINT('',#1818);
#1818 = CARTESIAN_POINT('',(144.49885,-149.552168,1.585));
#1819 = CIRCLE('',#1820,9.333682046546E-02);
#1820 = AXIS2_PLACEMENT_3D('',#1821,#1822,#1823);
#1821 = CARTESIAN_POINT('',(144.40551764243,-149.5530807357,1.585));
#1822 = DIRECTION('',(0.,0.,1.));
#1823 = DIRECTION('',(0.411567025431,-0.91137949482,0.));
#1824 = ORIENTED_EDGE('',*,*,#1825,.T.);
#1825 = EDGE_CURVE('',#1817,#1826,#1828,.T.);
#1826 = VERTEX_POINT('',#1827);
#1827 = CARTESIAN_POINT('',(144.49885,-148.411267,1.585));
#1828 = LINE('',#1829,#1830);
#1829 = CARTESIAN_POINT('',(144.49885,-149.552168,1.585));
#1830 = VECTOR('',#1831,1.);
#1831 = DIRECTION('',(0.,1.,0.));
#1832 = ORIENTED_EDGE('',*,*,#1833,.T.);
#1833 = EDGE_CURVE('',#1826,#1834,#1836,.T.);
#1834 = VERTEX_POINT('',#1835);
#1835 = CARTESIAN_POINT('',(144.508781,-148.335836,1.585));
#1836 = LINE('',#1837,#1838);
#1837 = CARTESIAN_POINT('',(144.49885,-148.411267,1.585));
#1838 = VECTOR('',#1839,1.);
#1839 = DIRECTION('',(0.130530332425,0.991444316297,0.));
#1840 = ORIENTED_EDGE('',*,*,#1841,.T.);
#1841 = EDGE_CURVE('',#1834,#1842,#1844,.T.);
#1842 = VERTEX_POINT('',#1843);
#1843 = CARTESIAN_POINT('',(144.709583,-148.135739,1.585));
#1844 = CIRCLE('',#1845,0.291063904043);
#1845 = AXIS2_PLACEMENT_3D('',#1846,#1847,#1848);
#1846 = CARTESIAN_POINT('',(144.78862674146,-148.4158644775,1.585));
#1847 = DIRECTION('',(0.,0.,-1.));
#1848 = DIRECTION('',(-0.961458077011,0.274951570553,0.));
#1849 = ORIENTED_EDGE('',*,*,#1850,.T.);
#1850 = EDGE_CURVE('',#1842,#1851,#1853,.T.);
#1851 = VERTEX_POINT('',#1852);
#1852 = CARTESIAN_POINT('',(144.785139,-148.12612,1.585));
#1853 = LINE('',#1854,#1855);
#1854 = CARTESIAN_POINT('',(144.709583,-148.135739,1.585));
#1855 = VECTOR('',#1856,1.);
#1856 = DIRECTION('',(0.991993336764,0.126290220583,0.));
#1857 = ORIENTED_EDGE('',*,*,#1858,.T.);
#1858 = EDGE_CURVE('',#1851,#1859,#1861,.T.);
#1859 = VERTEX_POINT('',#1860);
#1860 = CARTESIAN_POINT('',(145.169211,-148.12612,1.585));
#1861 = LINE('',#1862,#1863);
#1862 = CARTESIAN_POINT('',(144.785139,-148.12612,1.585));
#1863 = VECTOR('',#1864,1.);
#1864 = DIRECTION('',(1.,0.,0.));
#1865 = ORIENTED_EDGE('',*,*,#1866,.T.);
#1866 = EDGE_CURVE('',#1859,#1867,#1869,.T.);
#1867 = VERTEX_POINT('',#1868);
#1868 = CARTESIAN_POINT('',(145.455501,-148.411786,1.585));
#1869 = CIRCLE('',#1870,0.283603940429);
#1870 = AXIS2_PLACEMENT_3D('',#1871,#1872,#1873);
#1871 = CARTESIAN_POINT('',(145.1719046495,-148.409711148,1.585));
#1872 = DIRECTION('',(0.,0.,-1.));
#1873 = DIRECTION('',(-9.497926921339E-03,0.999954893675,0.));
#1874 = ORIENTED_EDGE('',*,*,#1875,.T.);
#1875 = EDGE_CURVE('',#1867,#1876,#1878,.T.);
#1876 = VERTEX_POINT('',#1877);
#1877 = CARTESIAN_POINT('',(145.455501,-149.554348,1.585));
#1878 = LINE('',#1879,#1880);
#1879 = CARTESIAN_POINT('',(145.455501,-148.411786,1.585));
#1880 = VECTOR('',#1881,1.);
#1881 = DIRECTION('',(0.,-1.,0.));
#1882 = ORIENTED_EDGE('',*,*,#1883,.T.);
#1883 = EDGE_CURVE('',#1876,#1884,#1886,.T.);
#1884 = VERTEX_POINT('',#1885);
#1885 = CARTESIAN_POINT('',(145.312979,-149.802022,1.585));
#1886 = CIRCLE('',#1887,0.282995751909);
#1887 = AXIS2_PLACEMENT_3D('',#1888,#1889,#1890);
#1888 = CARTESIAN_POINT('',(145.17251231554,-149.5563480165,1.585));
#1889 = DIRECTION('',(0.,0.,-1.));
#1890 = DIRECTION('',(0.999975026307,7.06730229552E-03,0.));
#1891 = ORIENTED_EDGE('',*,*,#1892,.T.);
#1892 = EDGE_CURVE('',#1884,#1893,#1895,.T.);
#1893 = VERTEX_POINT('',#1894);
#1894 = CARTESIAN_POINT('',(145.244035,-149.83051,1.585));
#1895 = LINE('',#1896,#1897);
#1896 = CARTESIAN_POINT('',(145.312979,-149.802022,1.585));
#1897 = VECTOR('',#1898,1.);
#1898 = DIRECTION('',(-0.924208771,-0.381887611224,0.));
#1899 = ORIENTED_EDGE('',*,*,#1900,.T.);
#1900 = EDGE_CURVE('',#1893,#1901,#1903,.T.);
#1901 = VERTEX_POINT('',#1902);
#1902 = CARTESIAN_POINT('',(145.167966,-149.840118,1.585));
#1903 = LINE('',#1904,#1905);
#1904 = CARTESIAN_POINT('',(145.244035,-149.83051,1.585));
#1905 = VECTOR('',#1906,1.);
#1906 = DIRECTION('',(-0.992117538292,-0.125310774532,0.));
#1907 = ORIENTED_EDGE('',*,*,#1908,.T.);
#1908 = EDGE_CURVE('',#1901,#1909,#1911,.T.);
#1909 = VERTEX_POINT('',#1910);
#1910 = CARTESIAN_POINT('',(145.100805,-149.840118,1.585));
#1911 = LINE('',#1912,#1913);
#1912 = CARTESIAN_POINT('',(145.167966,-149.840118,1.585));
#1913 = VECTOR('',#1914,1.);
#1914 = DIRECTION('',(-1.,0.,0.));
#1915 = ORIENTED_EDGE('',*,*,#1916,.T.);
#1916 = EDGE_CURVE('',#1909,#1917,#1919,.T.);
#1917 = VERTEX_POINT('',#1918);
#1918 = CARTESIAN_POINT('',(145.100805,-149.644968,1.585));
#1919 = LINE('',#1920,#1921);
#1920 = CARTESIAN_POINT('',(145.100805,-149.840118,1.585));
#1921 = VECTOR('',#1922,1.);
#1922 = DIRECTION('',(0.,1.,0.));
#1923 = ORIENTED_EDGE('',*,*,#1924,.T.);
#1924 = EDGE_CURVE('',#1917,#1925,#1927,.T.);
#1925 = VERTEX_POINT('',#1926);
#1926 = CARTESIAN_POINT('',(145.167447,-149.644968,1.585));
#1927 = LINE('',#1928,#1929);
#1928 = CARTESIAN_POINT('',(145.100805,-149.644968,1.585));
#1929 = VECTOR('',#1930,1.);
#1930 = DIRECTION('',(1.,0.,0.));
#1931 = ORIENTED_EDGE('',*,*,#1932,.T.);
#1932 = EDGE_CURVE('',#1925,#1933,#1935,.T.);
#1933 = VERTEX_POINT('',#1934);
#1934 = CARTESIAN_POINT('',(145.202716,-149.638175,1.585));
#1935 = LINE('',#1936,#1937);
#1936 = CARTESIAN_POINT('',(145.167447,-149.644968,1.585));
#1937 = VECTOR('',#1938,1.);
#1938 = DIRECTION('',(0.981952192468,0.189129298915,0.));
#1939 = ORIENTED_EDGE('',*,*,#1940,.T.);
#1940 = EDGE_CURVE('',#1933,#1941,#1943,.T.);
#1941 = VERTEX_POINT('',#1942);
#1942 = CARTESIAN_POINT('',(145.232843,-149.617668,1.585));
#1943 = LINE('',#1944,#1945);
#1944 = CARTESIAN_POINT('',(145.202716,-149.638175,1.585));
#1945 = VECTOR('',#1946,1.);
#1946 = DIRECTION('',(0.826663066386,0.562697231798,0.));
#1947 = ORIENTED_EDGE('',*,*,#1948,.T.);
#1948 = EDGE_CURVE('',#1941,#1949,#1951,.T.);
#1949 = VERTEX_POINT('',#1950);
#1950 = CARTESIAN_POINT('',(145.253346,-149.587627,1.585));
#1951 = LINE('',#1952,#1953);
#1952 = CARTESIAN_POINT('',(145.232843,-149.617668,1.585));
#1953 = VECTOR('',#1954,1.);
#1954 = DIRECTION('',(0.563721532666,0.82596491064,0.));
#1955 = ORIENTED_EDGE('',*,*,#1956,.T.);
#1956 = EDGE_CURVE('',#1949,#1957,#1959,.T.);
#1957 = VERTEX_POINT('',#1958);
#1958 = CARTESIAN_POINT('',(145.260143,-149.552376,1.585));
#1959 = LINE('',#1960,#1961);
#1960 = CARTESIAN_POINT('',(145.253346,-149.587627,1.585));
#1961 = VECTOR('',#1962,1.);
#1962 = DIRECTION('',(0.189329844974,0.981913544973,0.));
#1963 = ORIENTED_EDGE('',*,*,#1964,.T.);
#1964 = EDGE_CURVE('',#1957,#1965,#1967,.T.);
#1965 = VERTEX_POINT('',#1966);
#1966 = CARTESIAN_POINT('',(145.260143,-148.413758,1.585));
#1967 = LINE('',#1968,#1969);
#1968 = CARTESIAN_POINT('',(145.260143,-149.552376,1.585));
#1969 = VECTOR('',#1970,1.);
#1970 = DIRECTION('',(0.,1.,0.));
#1971 = ORIENTED_EDGE('',*,*,#1972,.T.);
#1972 = EDGE_CURVE('',#1965,#1973,#1975,.T.);
#1973 = VERTEX_POINT('',#1974);
#1974 = CARTESIAN_POINT('',(145.253343,-148.378525,1.585));
#1975 = LINE('',#1976,#1977);
#1976 = CARTESIAN_POINT('',(145.260143,-148.413758,1.585));
#1977 = VECTOR('',#1978,1.);
#1978 = DIRECTION('',(-0.189503705032,0.981880005795,0.));
#1979 = ORIENTED_EDGE('',*,*,#1980,.T.);
#1980 = EDGE_CURVE('',#1973,#1981,#1983,.T.);
#1981 = VERTEX_POINT('',#1982);
#1982 = CARTESIAN_POINT('',(145.232843,-148.34857,1.585));
#1983 = LINE('',#1984,#1985);
#1984 = CARTESIAN_POINT('',(145.253343,-148.378525,1.585));
#1985 = VECTOR('',#1986,1.);
#1986 = DIRECTION('',(-0.564767861138,0.825249818555,0.));
#1987 = ORIENTED_EDGE('',*,*,#1988,.T.);
#1988 = EDGE_CURVE('',#1981,#1989,#1991,.T.);
#1989 = VERTEX_POINT('',#1990);
#1990 = CARTESIAN_POINT('',(145.202716,-148.328063,1.585));
#1991 = LINE('',#1992,#1993);
#1992 = CARTESIAN_POINT('',(145.232843,-148.34857,1.585));
#1993 = VECTOR('',#1994,1.);
#1994 = DIRECTION('',(-0.826663066386,0.562697231798,0.));
#1995 = ORIENTED_EDGE('',*,*,#1996,.T.);
#1996 = EDGE_CURVE('',#1989,#1997,#1999,.T.);
#1997 = VERTEX_POINT('',#1998);
#1998 = CARTESIAN_POINT('',(145.167447,-148.32127,1.585));
#1999 = LINE('',#2000,#2001);
#2000 = CARTESIAN_POINT('',(145.202716,-148.328063,1.585));
#2001 = VECTOR('',#2002,1.);
#2002 = DIRECTION('',(-0.981952192468,0.189129298915,0.));
#2003 = ORIENTED_EDGE('',*,*,#2004,.T.);
#2004 = EDGE_CURVE('',#1997,#2005,#2007,.T.);
#2005 = VERTEX_POINT('',#2006);
#2006 = CARTESIAN_POINT('',(144.784517,-148.32127,1.585));
#2007 = LINE('',#2008,#2009);
#2008 = CARTESIAN_POINT('',(145.167447,-148.32127,1.585));
#2009 = VECTOR('',#2010,1.);
#2010 = DIRECTION('',(-1.,0.,0.));
#2011 = ORIENTED_EDGE('',*,*,#2012,.T.);
#2012 = EDGE_CURVE('',#2005,#2013,#2015,.T.);
#2013 = VERTEX_POINT('',#2014);
#2014 = CARTESIAN_POINT('',(144.749463,-148.328103,1.585));
#2015 = LINE('',#2016,#2017);
#2016 = CARTESIAN_POINT('',(144.784517,-148.32127,1.585));
#2017 = VECTOR('',#2018,1.);
#2018 = DIRECTION('',(-0.981526389714,-0.191326804956,0.));
#2019 = ORIENTED_EDGE('',*,*,#2020,.T.);
#2020 = EDGE_CURVE('',#2013,#2021,#2023,.T.);
#2021 = VERTEX_POINT('',#2022);
#2022 = CARTESIAN_POINT('',(144.694208,-148.413966,1.585));
#2023 = CIRCLE('',#2024,9.354574083526E-02);
#2024 = AXIS2_PLACEMENT_3D('',#2025,#2026,#2027);
#2025 = CARTESIAN_POINT('',(144.78775233771,-148.4134536429,1.585));
#2026 = DIRECTION('',(0.,0.,1.));
#2027 = DIRECTION('',(-0.409311395406,0.912394750966,0.));
#2028 = ORIENTED_EDGE('',*,*,#2029,.T.);
#2029 = EDGE_CURVE('',#2021,#2030,#2032,.T.);
#2030 = VERTEX_POINT('',#2031);
#2031 = CARTESIAN_POINT('',(144.694208,-149.554867,1.585));
#2032 = LINE('',#2033,#2034);
#2033 = CARTESIAN_POINT('',(144.694208,-148.413966,1.585));
#2034 = VECTOR('',#2035,1.);
#2035 = DIRECTION('',(0.,-1.,0.));
#2036 = ORIENTED_EDGE('',*,*,#2037,.T.);
#2037 = EDGE_CURVE('',#2030,#2038,#2040,.T.);
#2038 = VERTEX_POINT('',#2039);
#2039 = CARTESIAN_POINT('',(144.684353,-149.630332,1.585));
#2040 = LINE('',#2041,#2042);
#2041 = CARTESIAN_POINT('',(144.694208,-149.554867,1.585));
#2042 = VECTOR('',#2043,1.);
#2043 = DIRECTION('',(-0.129490849793,-0.991580616904,0.));
#2044 = ORIENTED_EDGE('',*,*,#2045,.T.);
#2045 = EDGE_CURVE('',#2038,#2046,#2048,.T.);
#2046 = VERTEX_POINT('',#2047);
#2047 = CARTESIAN_POINT('',(144.484419,-149.830503,1.585));
#2048 = CIRCLE('',#2049,0.29030301792);
#2049 = AXIS2_PLACEMENT_3D('',#2050,#2051,#2052);
#2050 = CARTESIAN_POINT('',(144.40502398029,-149.5512678427,1.585));
#2051 = DIRECTION('',(0.,0.,-1.));
#2052 = DIRECTION('',(0.96219812561,-0.272350449005,0.));
#2053 = ORIENTED_EDGE('',*,*,#2054,.T.);
#2054 = EDGE_CURVE('',#2046,#2055,#2057,.T.);
#2055 = VERTEX_POINT('',#2056);
#2056 = CARTESIAN_POINT('',(144.409164,-149.840118,1.585));
#2057 = LINE('',#2058,#2059);
#2058 = CARTESIAN_POINT('',(144.484419,-149.830503,1.585));
#2059 = VECTOR('',#2060,1.);
#2060 = DIRECTION('',(-0.991936563844,-0.126735367236,0.));
#2061 = ORIENTED_EDGE('',*,*,#2062,.T.);
#2062 = EDGE_CURVE('',#2055,#2063,#2065,.T.);
#2063 = VERTEX_POINT('',#2064);
#2064 = CARTESIAN_POINT('',(144.026649,-149.840118,1.585));
#2065 = LINE('',#2066,#2067);
#2066 = CARTESIAN_POINT('',(144.409164,-149.840118,1.585));
#2067 = VECTOR('',#2068,1.);
#2068 = DIRECTION('',(-1.,0.,0.));
#2069 = ORIENTED_EDGE('',*,*,#2070,.T.);
#2070 = EDGE_CURVE('',#2063,#2071,#2073,.T.);
#2071 = VERTEX_POINT('',#2072);
#2072 = CARTESIAN_POINT('',(143.779598,-149.698531,1.585));
#2073 = CIRCLE('',#2074,0.282902391033);
#2074 = AXIS2_PLACEMENT_3D('',#2075,#2076,#2077);
#2075 = CARTESIAN_POINT('',(144.02468096108,-149.5572224544,1.585));
#2076 = DIRECTION('',(0.,0.,-1.));
#2077 = DIRECTION('',(6.956600491997E-03,-0.999975802562,0.));
#2078 = ORIENTED_EDGE('',*,*,#2079,.T.);
#2079 = EDGE_CURVE('',#2071,#2080,#2082,.T.);
#2080 = VERTEX_POINT('',#2081);
#2081 = CARTESIAN_POINT('',(143.751115,-149.63007,1.585));
#2082 = LINE('',#2083,#2084);
#2083 = CARTESIAN_POINT('',(143.779598,-149.698531,1.585));
#2084 = VECTOR('',#2085,1.);
#2085 = DIRECTION('',(-0.38412791199,0.923279885642,0.));
#2086 = ORIENTED_EDGE('',*,*,#2087,.T.);
#2087 = EDGE_CURVE('',#2080,#2088,#2090,.T.);
#2088 = VERTEX_POINT('',#2089);
#2089 = CARTESIAN_POINT('',(143.741502,-149.554348,1.585));
#2090 = LINE('',#2091,#2092);
#2091 = CARTESIAN_POINT('',(143.751115,-149.63007,1.585));
#2092 = VECTOR('',#2093,1.);
#2093 = DIRECTION('',(-0.12594040643,0.99203780877,0.));
#2094 = ORIENTED_EDGE('',*,*,#2095,.T.);
#2095 = EDGE_CURVE('',#2088,#2096,#2098,.T.);
#2096 = VERTEX_POINT('',#2097);
#2097 = CARTESIAN_POINT('',(143.741502,-148.411786,1.585));
#2098 = LINE('',#2099,#2100);
#2099 = CARTESIAN_POINT('',(143.741502,-149.554348,1.585));
#2100 = VECTOR('',#2101,1.);
#2101 = DIRECTION('',(0.,1.,0.));
#2102 = ORIENTED_EDGE('',*,*,#2103,.T.);
#2103 = EDGE_CURVE('',#2096,#2104,#2106,.T.);
#2104 = VERTEX_POINT('',#2105);
#2105 = CARTESIAN_POINT('',(143.824875,-148.209091,1.585));
#2106 = CIRCLE('',#2107,0.282154210261);
#2107 = AXIS2_PLACEMENT_3D('',#2108,#2109,#2110);
#2108 = CARTESIAN_POINT('',(144.02364564177,-148.4093439159,1.585));
#2109 = DIRECTION('',(0.,0.,-1.));
#2110 = DIRECTION('',(-0.999962543578,-8.655139583521E-03,-0.));
#2111 = ORIENTED_EDGE('',*,*,#2112,.T.);
#2112 = EDGE_CURVE('',#2104,#2113,#2115,.T.);
#2113 = VERTEX_POINT('',#2114);
#2114 = CARTESIAN_POINT('',(143.883712,-148.164215,1.585));
#2115 = LINE('',#2116,#2117);
#2116 = CARTESIAN_POINT('',(143.824875,-148.209091,1.585));
#2117 = VECTOR('',#2118,1.);
#2118 = DIRECTION('',(0.795120154358,0.606451927307,0.));
#2119 = ORIENTED_EDGE('',*,*,#2120,.T.);
#2120 = EDGE_CURVE('',#2113,#1695,#2121,.T.);
#2121 = LINE('',#2122,#2123);
#2122 = CARTESIAN_POINT('',(143.883712,-148.164215,1.585));
#2123 = VECTOR('',#2124,1.);
#2124 = DIRECTION('',(0.923487246205,0.383629125716,0.));
#2125 = PLANE('',#2126);
#2126 = AXIS2_PLACEMENT_3D('',#2127,#2128,#2129);
#2127 = CARTESIAN_POINT('',(0.,0.,1.585));
#2128 = DIRECTION('',(0.,0.,1.));
#2129 = DIRECTION('',(1.,0.,-0.));
#2130 = SHELL_BASED_SURFACE_MODEL('',(#2131));
#2131 = OPEN_SHELL('',(#2132));
#2132 = ADVANCED_FACE('',(#2133),#2199,.T.);
#2133 = FACE_BOUND('',#2134,.F.);
#2134 = EDGE_LOOP('',(#2135,#2145,#2153,#2161,#2169,#2177,#2185,#2193));
#2135 = ORIENTED_EDGE('',*,*,#2136,.T.);
#2136 = EDGE_CURVE('',#2137,#2139,#2141,.T.);
#2137 = VERTEX_POINT('',#2138);
#2138 = CARTESIAN_POINT('',(143.741502,-147.958374,1.585));
#2139 = VERTEX_POINT('',#2140);
#2140 = CARTESIAN_POINT('',(143.741502,-146.244375,1.585));
#2141 = LINE('',#2142,#2143);
#2142 = CARTESIAN_POINT('',(143.741502,-147.958374,1.585));
#2143 = VECTOR('',#2144,1.);
#2144 = DIRECTION('',(0.,1.,0.));
#2145 = ORIENTED_EDGE('',*,*,#2146,.T.);
#2146 = EDGE_CURVE('',#2139,#2147,#2149,.T.);
#2147 = VERTEX_POINT('',#2148);
#2148 = CARTESIAN_POINT('',(143.93686,-146.244375,1.585));
#2149 = LINE('',#2150,#2151);
#2150 = CARTESIAN_POINT('',(143.741502,-146.244375,1.585));
#2151 = VECTOR('',#2152,1.);
#2152 = DIRECTION('',(1.,0.,0.));
#2153 = ORIENTED_EDGE('',*,*,#2154,.T.);
#2154 = EDGE_CURVE('',#2147,#2155,#2157,.T.);
#2155 = VERTEX_POINT('',#2156);
#2156 = CARTESIAN_POINT('',(143.93686,-147.001723,1.585));
#2157 = LINE('',#2158,#2159);
#2158 = CARTESIAN_POINT('',(143.93686,-146.244375,1.585));
#2159 = VECTOR('',#2160,1.);
#2160 = DIRECTION('',(0.,-1.,0.));
#2161 = ORIENTED_EDGE('',*,*,#2162,.T.);
#2162 = EDGE_CURVE('',#2155,#2163,#2165,.T.);
#2163 = VERTEX_POINT('',#2164);
#2164 = CARTESIAN_POINT('',(145.455501,-147.001723,1.585));
#2165 = LINE('',#2166,#2167);
#2166 = CARTESIAN_POINT('',(143.93686,-147.001723,1.585));
#2167 = VECTOR('',#2168,1.);
#2168 = DIRECTION('',(1.,0.,0.));
#2169 = ORIENTED_EDGE('',*,*,#2170,.T.);
#2170 = EDGE_CURVE('',#2163,#2171,#2173,.T.);
#2171 = VERTEX_POINT('',#2172);
#2172 = CARTESIAN_POINT('',(145.455501,-147.196873,1.585));
#2173 = LINE('',#2174,#2175);
#2174 = CARTESIAN_POINT('',(145.455501,-147.001723,1.585));
#2175 = VECTOR('',#2176,1.);
#2176 = DIRECTION('',(0.,-1.,0.));
#2177 = ORIENTED_EDGE('',*,*,#2178,.T.);
#2178 = EDGE_CURVE('',#2171,#2179,#2181,.T.);
#2179 = VERTEX_POINT('',#2180);
#2180 = CARTESIAN_POINT('',(143.93686,-147.196873,1.585));
#2181 = LINE('',#2182,#2183);
#2182 = CARTESIAN_POINT('',(145.455501,-147.196873,1.585));
#2183 = VECTOR('',#2184,1.);
#2184 = DIRECTION('',(-1.,0.,0.));
#2185 = ORIENTED_EDGE('',*,*,#2186,.T.);
#2186 = EDGE_CURVE('',#2179,#2187,#2189,.T.);
#2187 = VERTEX_POINT('',#2188);
#2188 = CARTESIAN_POINT('',(143.93686,-147.958374,1.585));
#2189 = LINE('',#2190,#2191);
#2190 = CARTESIAN_POINT('',(143.93686,-147.196873,1.585));
#2191 = VECTOR('',#2192,1.);
#2192 = DIRECTION('',(0.,-1.,0.));
#2193 = ORIENTED_EDGE('',*,*,#2194,.T.);
#2194 = EDGE_CURVE('',#2187,#2137,#2195,.T.);
#2195 = LINE('',#2196,#2197);
#2196 = CARTESIAN_POINT('',(143.93686,-147.958374,1.585));
#2197 = VECTOR('',#2198,1.);
#2198 = DIRECTION('',(-1.,0.,0.));
#2199 = PLANE('',#2200);
#2200 = AXIS2_PLACEMENT_3D('',#2201,#2202,#2203);
#2201 = CARTESIAN_POINT('',(0.,0.,1.585));
#2202 = DIRECTION('',(0.,0.,1.));
#2203 = DIRECTION('',(1.,0.,-0.));
#2204 = SHELL_BASED_SURFACE_MODEL('',(#2205));
#2205 = OPEN_SHELL('',(#2206));
#2206 = ADVANCED_FACE('',(#2207),#2241,.T.);
#2207 = FACE_BOUND('',#2208,.F.);
#2208 = EDGE_LOOP('',(#2209,#2219,#2227,#2235));
#2209 = ORIENTED_EDGE('',*,*,#2210,.T.);
#2210 = EDGE_CURVE('',#2211,#2213,#2215,.T.);
#2211 = VERTEX_POINT('',#2212);
#2212 = CARTESIAN_POINT('',(144.655593,-146.060021,1.585));
#2213 = VERTEX_POINT('',#2214);
#2214 = CARTESIAN_POINT('',(144.655593,-145.129944,1.585));
#2215 = LINE('',#2216,#2217);
#2216 = CARTESIAN_POINT('',(144.655593,-146.060021,1.585));
#2217 = VECTOR('',#2218,1.);
#2218 = DIRECTION('',(0.,1.,0.));
#2219 = ORIENTED_EDGE('',*,*,#2220,.T.);
#2220 = EDGE_CURVE('',#2213,#2221,#2223,.T.);
#2221 = VERTEX_POINT('',#2222);
#2222 = CARTESIAN_POINT('',(144.850951,-145.129944,1.585));
#2223 = LINE('',#2224,#2225);
#2224 = CARTESIAN_POINT('',(144.655593,-145.129944,1.585));
#2225 = VECTOR('',#2226,1.);
#2226 = DIRECTION('',(1.,0.,0.));
#2227 = ORIENTED_EDGE('',*,*,#2228,.T.);
#2228 = EDGE_CURVE('',#2221,#2229,#2231,.T.);
#2229 = VERTEX_POINT('',#2230);
#2230 = CARTESIAN_POINT('',(144.850951,-146.060021,1.585));
#2231 = LINE('',#2232,#2233);
#2232 = CARTESIAN_POINT('',(144.850951,-145.129944,1.585));
#2233 = VECTOR('',#2234,1.);
#2234 = DIRECTION('',(0.,-1.,0.));
#2235 = ORIENTED_EDGE('',*,*,#2236,.T.);
#2236 = EDGE_CURVE('',#2229,#2211,#2237,.T.);
#2237 = LINE('',#2238,#2239);
#2238 = CARTESIAN_POINT('',(144.850951,-146.060021,1.585));
#2239 = VECTOR('',#2240,1.);
#2240 = DIRECTION('',(-1.,0.,0.));
#2241 = PLANE('',#2242);
#2242 = AXIS2_PLACEMENT_3D('',#2243,#2244,#2245);
#2243 = CARTESIAN_POINT('',(0.,0.,1.585));
#2244 = DIRECTION('',(0.,0.,1.));
#2245 = DIRECTION('',(1.,0.,-0.));
#2246 = SHELL_BASED_SURFACE_MODEL('',(#2247));
#2247 = OPEN_SHELL('',(#2248));
#2248 = ADVANCED_FACE('',(#2249,#2375,#2433),#2491,.T.);
#2249 = FACE_BOUND('',#2250,.F.);
#2250 = EDGE_LOOP('',(#2251,#2262,#2270,#2278,#2287,#2295,#2304,#2312,
    #2320,#2328,#2336,#2345,#2353,#2361,#2369));
#2251 = ORIENTED_EDGE('',*,*,#2252,.T.);
#2252 = EDGE_CURVE('',#2253,#2255,#2257,.T.);
#2253 = VERTEX_POINT('',#2254);
#2254 = CARTESIAN_POINT('',(143.751408,-143.320264,1.585));
#2255 = VERTEX_POINT('',#2256);
#2256 = CARTESIAN_POINT('',(144.032047,-143.107857,1.585));
#2257 = CIRCLE('',#2258,0.293066607968);
#2258 = AXIS2_PLACEMENT_3D('',#2259,#2260,#2261);
#2259 = CARTESIAN_POINT('',(144.03315683025,-143.4009215065,1.585));
#2260 = DIRECTION('',(0.,0.,-1.));
#2261 = DIRECTION('',(-0.961381551464,0.275219026422,0.));
#2262 = ORIENTED_EDGE('',*,*,#2263,.T.);
#2263 = EDGE_CURVE('',#2255,#2264,#2266,.T.);
#2264 = VERTEX_POINT('',#2265);
#2265 = CARTESIAN_POINT('',(145.167447,-143.107857,1.585));
#2266 = LINE('',#2267,#2268);
#2267 = CARTESIAN_POINT('',(144.032047,-143.107857,1.585));
#2268 = VECTOR('',#2269,1.);
#2269 = DIRECTION('',(1.,0.,0.));
#2270 = ORIENTED_EDGE('',*,*,#2271,.T.);
#2271 = EDGE_CURVE('',#2264,#2272,#2274,.T.);
#2272 = VERTEX_POINT('',#2273);
#2273 = CARTESIAN_POINT('',(145.243005,-143.117761,1.585));
#2274 = LINE('',#2275,#2276);
#2275 = CARTESIAN_POINT('',(145.167447,-143.107857,1.585));
#2276 = VECTOR('',#2277,1.);
#2277 = DIRECTION('',(0.991518403824,-0.129966360564,0.));
#2278 = ORIENTED_EDGE('',*,*,#2279,.T.);
#2279 = EDGE_CURVE('',#2272,#2280,#2282,.T.);
#2280 = VERTEX_POINT('',#2281);
#2281 = CARTESIAN_POINT('',(145.455501,-143.395807,1.585));
#2282 = CIRCLE('',#2283,0.292734543063);
#2283 = AXIS2_PLACEMENT_3D('',#2284,#2285,#2286);
#2284 = CARTESIAN_POINT('',(145.16278717906,-143.399290064,1.585));
#2285 = DIRECTION('',(0.,0.,-1.));
#2286 = DIRECTION('',(0.274029228314,0.961721364029,0.));
#2287 = ORIENTED_EDGE('',*,*,#2288,.T.);
#2288 = EDGE_CURVE('',#2280,#2289,#2291,.T.);
#2289 = VERTEX_POINT('',#2290);
#2290 = CARTESIAN_POINT('',(145.455501,-144.549788,1.585));
#2291 = LINE('',#2292,#2293);
#2292 = CARTESIAN_POINT('',(145.455501,-143.395807,1.585));
#2293 = VECTOR('',#2294,1.);
#2294 = DIRECTION('',(0.,-1.,0.));
#2295 = ORIENTED_EDGE('',*,*,#2296,.T.);
#2296 = EDGE_CURVE('',#2289,#2297,#2299,.T.);
#2297 = VERTEX_POINT('',#2298);
#2298 = CARTESIAN_POINT('',(145.370418,-144.754658,1.585));
#2299 = CIRCLE('',#2300,0.281276267373);
#2300 = AXIS2_PLACEMENT_3D('',#2301,#2302,#2303);
#2301 = CARTESIAN_POINT('',(145.17424404342,-144.553083901,1.585));
#2302 = DIRECTION('',(0.,0.,-1.));
#2303 = DIRECTION('',(0.999931345806,1.171766508759E-02,0.));
#2304 = ORIENTED_EDGE('',*,*,#2305,.T.);
#2305 = EDGE_CURVE('',#2297,#2306,#2308,.T.);
#2306 = VERTEX_POINT('',#2307);
#2307 = CARTESIAN_POINT('',(145.311525,-144.799538,1.585));
#2308 = LINE('',#2309,#2310);
#2309 = CARTESIAN_POINT('',(145.370418,-144.754658,1.585));
#2310 = VECTOR('',#2311,1.);
#2311 = DIRECTION('',(-0.795372191778,-0.606121338138,0.));
#2312 = ORIENTED_EDGE('',*,*,#2313,.T.);
#2313 = EDGE_CURVE('',#2306,#2314,#2316,.T.);
#2314 = VERTEX_POINT('',#2315);
#2315 = CARTESIAN_POINT('',(145.243079,-144.828024,1.585));
#2316 = LINE('',#2317,#2318);
#2317 = CARTESIAN_POINT('',(145.311525,-144.799538,1.585));
#2318 = VECTOR('',#2319,1.);
#2319 = DIRECTION('',(-0.923235673762,-0.384234161277,0.));
#2320 = ORIENTED_EDGE('',*,*,#2321,.T.);
#2321 = EDGE_CURVE('',#2314,#2322,#2324,.T.);
#2322 = VERTEX_POINT('',#2323);
#2323 = CARTESIAN_POINT('',(145.167447,-144.837634,1.585));
#2324 = LINE('',#2325,#2326);
#2325 = CARTESIAN_POINT('',(145.243079,-144.828024,1.585));
#2326 = VECTOR('',#2327,1.);
#2327 = DIRECTION('',(-0.992023995429,-0.126049166967,0.));
#2328 = ORIENTED_EDGE('',*,*,#2329,.T.);
#2329 = EDGE_CURVE('',#2322,#2330,#2332,.T.);
#2330 = VERTEX_POINT('',#2331);
#2331 = CARTESIAN_POINT('',(144.032047,-144.837634,1.585));
#2332 = LINE('',#2333,#2334);
#2333 = CARTESIAN_POINT('',(145.167447,-144.837634,1.585));
#2334 = VECTOR('',#2335,1.);
#2335 = DIRECTION('',(-1.,0.,0.));
#2336 = ORIENTED_EDGE('',*,*,#2337,.T.);
#2337 = EDGE_CURVE('',#2330,#2338,#2340,.T.);
#2338 = VERTEX_POINT('',#2339);
#2339 = CARTESIAN_POINT('',(143.780843,-144.696046,1.585));
#2340 = CIRCLE('',#2341,0.287684696101);
#2341 = AXIS2_PLACEMENT_3D('',#2342,#2343,#2344);
#2342 = CARTESIAN_POINT('',(144.02868163932,-144.5499689887,1.585));
#2343 = DIRECTION('',(0.,0.,-1.));
#2344 = DIRECTION('',(1.169808723437E-02,-0.999931575037,0.));
#2345 = ORIENTED_EDGE('',*,*,#2346,.T.);
#2346 = EDGE_CURVE('',#2338,#2347,#2349,.T.);
#2347 = VERTEX_POINT('',#2348);
#2348 = CARTESIAN_POINT('',(143.751479,-144.627307,1.585));
#2349 = LINE('',#2350,#2351);
#2350 = CARTESIAN_POINT('',(143.780843,-144.696046,1.585));
#2351 = VECTOR('',#2352,1.);
#2352 = DIRECTION('',(-0.392838848435,0.919607328788,0.));
#2353 = ORIENTED_EDGE('',*,*,#2354,.T.);
#2354 = EDGE_CURVE('',#2347,#2355,#2357,.T.);
#2355 = VERTEX_POINT('',#2356);
#2356 = CARTESIAN_POINT('',(143.741502,-144.549684,1.585));
#2357 = LINE('',#2358,#2359);
#2358 = CARTESIAN_POINT('',(143.751479,-144.627307,1.585));
#2359 = VECTOR('',#2360,1.);
#2360 = DIRECTION('',(-0.127482775818,0.991840784536,0.));
#2361 = ORIENTED_EDGE('',*,*,#2362,.T.);
#2362 = EDGE_CURVE('',#2355,#2363,#2365,.T.);
#2363 = VERTEX_POINT('',#2364);
#2364 = CARTESIAN_POINT('',(143.741502,-143.395807,1.585));
#2365 = LINE('',#2366,#2367);
#2366 = CARTESIAN_POINT('',(143.741502,-144.549684,1.585));
#2367 = VECTOR('',#2368,1.);
#2368 = DIRECTION('',(0.,1.,0.));
#2369 = ORIENTED_EDGE('',*,*,#2370,.T.);
#2370 = EDGE_CURVE('',#2363,#2253,#2371,.T.);
#2371 = LINE('',#2372,#2373);
#2372 = CARTESIAN_POINT('',(143.741502,-143.395807,1.585));
#2373 = VECTOR('',#2374,1.);
#2374 = DIRECTION('',(0.13001753761,0.99151169429,0.));
#2375 = FACE_BOUND('',#2376,.F.);
#2376 = EDGE_LOOP('',(#2377,#2387,#2395,#2403,#2411,#2419,#2427));
#2377 = ORIENTED_EDGE('',*,*,#2378,.T.);
#2378 = EDGE_CURVE('',#2379,#2381,#2383,.T.);
#2379 = VERTEX_POINT('',#2380);
#2380 = CARTESIAN_POINT('',(144.029971,-144.642484,1.585));
#2381 = VERTEX_POINT('',#2382);
#2382 = CARTESIAN_POINT('',(145.024094,-144.642484,1.585));
#2383 = LINE('',#2384,#2385);
#2384 = CARTESIAN_POINT('',(144.029971,-144.642484,1.585));
#2385 = VECTOR('',#2386,1.);
#2386 = DIRECTION('',(1.,0.,0.));
#2387 = ORIENTED_EDGE('',*,*,#2388,.T.);
#2388 = EDGE_CURVE('',#2381,#2389,#2391,.T.);
#2389 = VERTEX_POINT('',#2390);
#2390 = CARTESIAN_POINT('',(143.93686,-143.329166,1.585));
#2391 = LINE('',#2392,#2393);
#2392 = CARTESIAN_POINT('',(145.024094,-144.642484,1.585));
#2393 = VECTOR('',#2394,1.);
#2394 = DIRECTION('',(-0.637689591433,0.770293440825,0.));
#2395 = ORIENTED_EDGE('',*,*,#2396,.T.);
#2396 = EDGE_CURVE('',#2389,#2397,#2399,.T.);
#2397 = VERTEX_POINT('',#2398);
#2398 = CARTESIAN_POINT('',(143.93686,-144.549684,1.585));
#2399 = LINE('',#2400,#2401);
#2400 = CARTESIAN_POINT('',(143.93686,-143.329166,1.585));
#2401 = VECTOR('',#2402,1.);
#2402 = DIRECTION('',(0.,-1.,0.));
#2403 = ORIENTED_EDGE('',*,*,#2404,.T.);
#2404 = EDGE_CURVE('',#2397,#2405,#2407,.T.);
#2405 = VERTEX_POINT('',#2406);
#2406 = CARTESIAN_POINT('',(143.94368,-144.585034,1.585));
#2407 = LINE('',#2408,#2409);
#2408 = CARTESIAN_POINT('',(143.93686,-144.549684,1.585));
#2409 = VECTOR('',#2410,1.);
#2410 = DIRECTION('',(0.189434585625,-0.981893343378,0.));
#2411 = ORIENTED_EDGE('',*,*,#2412,.T.);
#2412 = EDGE_CURVE('',#2405,#2413,#2415,.T.);
#2413 = VERTEX_POINT('',#2414);
#2414 = CARTESIAN_POINT('',(143.964264,-144.615184,1.585));
#2415 = LINE('',#2416,#2417);
#2416 = CARTESIAN_POINT('',(143.94368,-144.585034,1.585));
#2417 = VECTOR('',#2418,1.);
#2418 = DIRECTION('',(0.563845003392,-0.825880628269,0.));
#2419 = ORIENTED_EDGE('',*,*,#2420,.T.);
#2420 = EDGE_CURVE('',#2413,#2421,#2423,.T.);
#2421 = VERTEX_POINT('',#2422);
#2422 = CARTESIAN_POINT('',(143.994434,-144.635676,1.585));
#2423 = LINE('',#2424,#2425);
#2424 = CARTESIAN_POINT('',(143.964264,-144.615184,1.585));
#2425 = VECTOR('',#2426,1.);
#2426 = DIRECTION('',(0.827227271272,-0.561867459161,0.));
#2427 = ORIENTED_EDGE('',*,*,#2428,.T.);
#2428 = EDGE_CURVE('',#2421,#2379,#2429,.T.);
#2429 = LINE('',#2430,#2431);
#2430 = CARTESIAN_POINT('',(143.994434,-144.635676,1.585));
#2431 = VECTOR('',#2432,1.);
#2432 = DIRECTION('',(0.982139656251,-0.188153383228,0.));
#2433 = FACE_BOUND('',#2434,.F.);
#2434 = EDGE_LOOP('',(#2435,#2445,#2453,#2461,#2469,#2477,#2485));
#2435 = ORIENTED_EDGE('',*,*,#2436,.T.);
#2436 = EDGE_CURVE('',#2437,#2439,#2441,.T.);
#2437 = VERTEX_POINT('',#2438);
#2438 = CARTESIAN_POINT('',(145.202575,-143.309833,1.585));
#2439 = VERTEX_POINT('',#2440);
#2440 = CARTESIAN_POINT('',(145.167135,-143.303007,1.585));
#2441 = LINE('',#2442,#2443);
#2442 = CARTESIAN_POINT('',(145.202575,-143.309833,1.585));
#2443 = VECTOR('',#2444,1.);
#2444 = DIRECTION('',(-0.981951860692,0.189131021475,0.));
#2445 = ORIENTED_EDGE('',*,*,#2446,.T.);
#2446 = EDGE_CURVE('',#2439,#2447,#2449,.T.);
#2447 = VERTEX_POINT('',#2448);
#2448 = CARTESIAN_POINT('',(144.172908,-143.303007,1.585));
#2449 = LINE('',#2450,#2451);
#2450 = CARTESIAN_POINT('',(145.167135,-143.303007,1.585));
#2451 = VECTOR('',#2452,1.);
#2452 = DIRECTION('',(-1.,0.,0.));
#2453 = ORIENTED_EDGE('',*,*,#2454,.T.);
#2454 = EDGE_CURVE('',#2447,#2455,#2457,.T.);
#2455 = VERTEX_POINT('',#2456);
#2456 = CARTESIAN_POINT('',(145.260143,-144.618713,1.585));
#2457 = LINE('',#2458,#2459);
#2458 = CARTESIAN_POINT('',(144.172908,-143.303007,1.585));
#2459 = VECTOR('',#2460,1.);
#2460 = DIRECTION('',(0.637002431145,-0.770861792227,0.));
#2461 = ORIENTED_EDGE('',*,*,#2462,.T.);
#2462 = EDGE_CURVE('',#2455,#2463,#2465,.T.);
#2463 = VERTEX_POINT('',#2464);
#2464 = CARTESIAN_POINT('',(145.260143,-143.395807,1.585));
#2465 = LINE('',#2466,#2467);
#2466 = CARTESIAN_POINT('',(145.260143,-144.618713,1.585));
#2467 = VECTOR('',#2468,1.);
#2468 = DIRECTION('',(0.,1.,0.));
#2469 = ORIENTED_EDGE('',*,*,#2470,.T.);
#2470 = EDGE_CURVE('',#2463,#2471,#2473,.T.);
#2471 = VERTEX_POINT('',#2472);
#2472 = CARTESIAN_POINT('',(145.253319,-143.360475,1.585));
#2473 = LINE('',#2474,#2475);
#2474 = CARTESIAN_POINT('',(145.260143,-143.395807,1.585));
#2475 = VECTOR('',#2476,1.);
#2476 = DIRECTION('',(-0.189634791458,0.981854696922,0.));
#2477 = ORIENTED_EDGE('',*,*,#2478,.T.);
#2478 = EDGE_CURVE('',#2471,#2479,#2481,.T.);
#2479 = VERTEX_POINT('',#2480);
#2480 = CARTESIAN_POINT('',(145.232739,-143.330411,1.585));
#2481 = LINE('',#2482,#2483);
#2482 = CARTESIAN_POINT('',(145.253319,-143.360475,1.585));
#2483 = VECTOR('',#2484,1.);
#2484 = DIRECTION('',(-0.564868886982,0.825180671441,0.));
#2485 = ORIENTED_EDGE('',*,*,#2486,.T.);
#2486 = EDGE_CURVE('',#2479,#2437,#2487,.T.);
#2487 = LINE('',#2488,#2489);
#2488 = CARTESIAN_POINT('',(145.232739,-143.330411,1.585));
#2489 = VECTOR('',#2490,1.);
#2490 = DIRECTION('',(-0.826078988049,0.563554350088,0.));
#2491 = PLANE('',#2492);
#2492 = AXIS2_PLACEMENT_3D('',#2493,#2494,#2495);
#2493 = CARTESIAN_POINT('',(0.,0.,1.585));
#2494 = DIRECTION('',(0.,0.,1.));
#2495 = DIRECTION('',(1.,0.,-0.));
#2496 = SHELL_BASED_SURFACE_MODEL('',(#2497));
#2497 = OPEN_SHELL('',(#2498));
#2498 = ADVANCED_FACE('',(#2499),#2857,.T.);
#2499 = FACE_BOUND('',#2500,.F.);
#2500 = EDGE_LOOP('',(#2501,#2512,#2520,#2528,#2537,#2545,#2553,#2561,
    #2569,#2577,#2585,#2593,#2601,#2609,#2617,#2625,#2633,#2641,#2649,
    #2658,#2666,#2674,#2682,#2690,#2698,#2706,#2714,#2722,#2730,#2738,
    #2746,#2754,#2762,#2770,#2778,#2786,#2794,#2802,#2810,#2818,#2827,
    #2835,#2843,#2851));
#2501 = ORIENTED_EDGE('',*,*,#2502,.T.);
#2502 = EDGE_CURVE('',#2503,#2505,#2507,.T.);
#2503 = VERTEX_POINT('',#2504);
#2504 = CARTESIAN_POINT('',(143.751359,-141.335535,1.585));
#2505 = VERTEX_POINT('',#2506);
#2506 = CARTESIAN_POINT('',(144.030698,-141.12314,1.585));
#2507 = CIRCLE('',#2508,0.291932738831);
#2508 = AXIS2_PLACEMENT_3D('',#2509,#2510,#2511);
#2509 = CARTESIAN_POINT('',(144.03224888483,-141.4150686192,1.585));
#2510 = DIRECTION('',(0.,0.,-1.));
#2511 = DIRECTION('',(-0.962173293628,0.27243816368,0.));
#2512 = ORIENTED_EDGE('',*,*,#2513,.T.);
#2513 = EDGE_CURVE('',#2505,#2514,#2516,.T.);
#2514 = VERTEX_POINT('',#2515);
#2515 = CARTESIAN_POINT('',(144.431274,-141.12314,1.585));
#2516 = LINE('',#2517,#2518);
#2517 = CARTESIAN_POINT('',(144.030698,-141.12314,1.585));
#2518 = VECTOR('',#2519,1.);
#2519 = DIRECTION('',(1.,0.,0.));
#2520 = ORIENTED_EDGE('',*,*,#2521,.T.);
#2521 = EDGE_CURVE('',#2514,#2522,#2524,.T.);
#2522 = VERTEX_POINT('',#2523);
#2523 = CARTESIAN_POINT('',(144.506426,-141.133039,1.585));
#2524 = LINE('',#2525,#2526);
#2525 = CARTESIAN_POINT('',(144.431274,-141.12314,1.585));
#2526 = VECTOR('',#2527,1.);
#2527 = DIRECTION('',(0.991436235166,-0.130591698051,0.));
#2528 = ORIENTED_EDGE('',*,*,#2529,.T.);
#2529 = EDGE_CURVE('',#2522,#2530,#2532,.T.);
#2530 = VERTEX_POINT('',#2531);
#2531 = CARTESIAN_POINT('',(144.718082,-141.41109,1.585));
#2532 = CIRCLE('',#2533,0.292677109586);
#2533 = AXIS2_PLACEMENT_3D('',#2534,#2535,#2536);
#2534 = CARTESIAN_POINT('',(144.4254223102,-141.4142831869,1.585));
#2535 = DIRECTION('',(0.,0.,-1.));
#2536 = DIRECTION('',(0.276768107737,0.960936738053,0.));
#2537 = ORIENTED_EDGE('',*,*,#2538,.T.);
#2538 = EDGE_CURVE('',#2530,#2539,#2541,.T.);
#2539 = VERTEX_POINT('',#2540);
#2540 = CARTESIAN_POINT('',(144.718082,-142.564966,1.585));
#2541 = LINE('',#2542,#2543);
#2542 = CARTESIAN_POINT('',(144.718082,-141.41109,1.585));
#2543 = VECTOR('',#2544,1.);
#2544 = DIRECTION('',(0.,-1.,0.));
#2545 = ORIENTED_EDGE('',*,*,#2546,.T.);
#2546 = EDGE_CURVE('',#2539,#2547,#2549,.T.);
#2547 = VERTEX_POINT('',#2548);
#2548 = CARTESIAN_POINT('',(144.724926,-142.600309,1.585));
#2549 = LINE('',#2550,#2551);
#2550 = CARTESIAN_POINT('',(144.718082,-142.564966,1.585));
#2551 = VECTOR('',#2552,1.);
#2552 = DIRECTION('',(0.190113459306,-0.981762126276,0.));
#2553 = ORIENTED_EDGE('',*,*,#2554,.T.);
#2554 = EDGE_CURVE('',#2547,#2555,#2557,.T.);
#2555 = VERTEX_POINT('',#2556);
#2556 = CARTESIAN_POINT('',(144.74559,-142.630466,1.585));
#2557 = LINE('',#2558,#2559);
#2558 = CARTESIAN_POINT('',(144.724926,-142.600309,1.585));
#2559 = VECTOR('',#2560,1.);
#2560 = DIRECTION('',(0.565247642055,-0.82492127088,0.));
#2561 = ORIENTED_EDGE('',*,*,#2562,.T.);
#2562 = EDGE_CURVE('',#2555,#2563,#2565,.T.);
#2563 = VERTEX_POINT('',#2564);
#2564 = CARTESIAN_POINT('',(144.775746,-142.650963,1.585));
#2565 = LINE('',#2566,#2567);
#2566 = CARTESIAN_POINT('',(144.74559,-142.630466,1.585));
#2567 = VECTOR('',#2568,1.);
#2568 = DIRECTION('',(0.827042277605,-0.562139725562,0.));
#2569 = ORIENTED_EDGE('',*,*,#2570,.T.);
#2570 = EDGE_CURVE('',#2563,#2571,#2573,.T.);
#2571 = VERTEX_POINT('',#2572);
#2572 = CARTESIAN_POINT('',(144.811194,-142.657766,1.585));
#2573 = LINE('',#2574,#2575);
#2574 = CARTESIAN_POINT('',(144.775746,-142.650963,1.585));
#2575 = VECTOR('',#2576,1.);
#2576 = DIRECTION('',(0.9820779109,-0.188475401373,0.));
#2577 = ORIENTED_EDGE('',*,*,#2578,.T.);
#2578 = EDGE_CURVE('',#2571,#2579,#2581,.T.);
#2579 = VERTEX_POINT('',#2580);
#2580 = CARTESIAN_POINT('',(145.167031,-142.657766,1.585));
#2581 = LINE('',#2582,#2583);
#2582 = CARTESIAN_POINT('',(144.811194,-142.657766,1.585));
#2583 = VECTOR('',#2584,1.);
#2584 = DIRECTION('',(1.,0.,0.));
#2585 = ORIENTED_EDGE('',*,*,#2586,.T.);
#2586 = EDGE_CURVE('',#2579,#2587,#2589,.T.);
#2587 = VERTEX_POINT('',#2588);
#2588 = CARTESIAN_POINT('',(145.202497,-142.650967,1.585));
#2589 = LINE('',#2590,#2591);
#2590 = CARTESIAN_POINT('',(145.167031,-142.657766,1.585));
#2591 = VECTOR('',#2592,1.);
#2592 = DIRECTION('',(0.982116099917,0.188276303032,0.));
#2593 = ORIENTED_EDGE('',*,*,#2594,.T.);
#2594 = EDGE_CURVE('',#2587,#2595,#2597,.T.);
#2595 = VERTEX_POINT('',#2596);
#2596 = CARTESIAN_POINT('',(145.232739,-142.630466,1.585));
#2597 = LINE('',#2598,#2599);
#2598 = CARTESIAN_POINT('',(145.202497,-142.650967,1.585));
#2599 = VECTOR('',#2600,1.);
#2600 = DIRECTION('',(0.827734569456,0.561119846849,0.));
#2601 = ORIENTED_EDGE('',*,*,#2602,.T.);
#2602 = EDGE_CURVE('',#2595,#2603,#2605,.T.);
#2603 = VERTEX_POINT('',#2604);
#2604 = CARTESIAN_POINT('',(145.253322,-142.600317,1.585));
#2605 = LINE('',#2606,#2607);
#2606 = CARTESIAN_POINT('',(145.232739,-142.630466,1.585));
#2607 = VECTOR('',#2608,1.);
#2608 = DIRECTION('',(0.56383907516,0.825884675559,0.));
#2609 = ORIENTED_EDGE('',*,*,#2610,.T.);
#2610 = EDGE_CURVE('',#2603,#2611,#2613,.T.);
#2611 = VERTEX_POINT('',#2612);
#2612 = CARTESIAN_POINT('',(145.260143,-142.564966,1.585));
#2613 = LINE('',#2614,#2615);
#2614 = CARTESIAN_POINT('',(145.253322,-142.600317,1.585));
#2615 = VECTOR('',#2616,1.);
#2616 = DIRECTION('',(0.189456197917,0.981889173517,0.));
#2617 = ORIENTED_EDGE('',*,*,#2618,.T.);
#2618 = EDGE_CURVE('',#2611,#2619,#2621,.T.);
#2619 = VERTEX_POINT('',#2620);
#2620 = CARTESIAN_POINT('',(145.260143,-141.12314,1.585));
#2621 = LINE('',#2622,#2623);
#2622 = CARTESIAN_POINT('',(145.260143,-142.564966,1.585));
#2623 = VECTOR('',#2624,1.);
#2624 = DIRECTION('',(0.,1.,0.));
#2625 = ORIENTED_EDGE('',*,*,#2626,.T.);
#2626 = EDGE_CURVE('',#2619,#2627,#2629,.T.);
#2627 = VERTEX_POINT('',#2628);
#2628 = CARTESIAN_POINT('',(145.455501,-141.12314,1.585));
#2629 = LINE('',#2630,#2631);
#2630 = CARTESIAN_POINT('',(145.260143,-141.12314,1.585));
#2631 = VECTOR('',#2632,1.);
#2632 = DIRECTION('',(1.,0.,0.));
#2633 = ORIENTED_EDGE('',*,*,#2634,.T.);
#2634 = EDGE_CURVE('',#2627,#2635,#2637,.T.);
#2635 = VERTEX_POINT('',#2636);
#2636 = CARTESIAN_POINT('',(145.455501,-142.852917,1.585));
#2637 = LINE('',#2638,#2639);
#2638 = CARTESIAN_POINT('',(145.455501,-141.12314,1.585));
#2639 = VECTOR('',#2640,1.);
#2640 = DIRECTION('',(0.,-1.,0.));
#2641 = ORIENTED_EDGE('',*,*,#2642,.T.);
#2642 = EDGE_CURVE('',#2635,#2643,#2645,.T.);
#2643 = VERTEX_POINT('',#2644);
#2644 = CARTESIAN_POINT('',(144.811402,-142.852917,1.585));
#2645 = LINE('',#2646,#2647);
#2646 = CARTESIAN_POINT('',(145.455501,-142.852917,1.585));
#2647 = VECTOR('',#2648,1.);
#2648 = DIRECTION('',(-1.,0.,0.));
#2649 = ORIENTED_EDGE('',*,*,#2650,.T.);
#2650 = EDGE_CURVE('',#2643,#2651,#2653,.T.);
#2651 = VERTEX_POINT('',#2652);
#2652 = CARTESIAN_POINT('',(144.560924,-142.711329,1.585));
#2653 = CIRCLE('',#2654,0.284685948477);
#2654 = AXIS2_PLACEMENT_3D('',#2655,#2656,#2657);
#2655 = CARTESIAN_POINT('',(144.80705116416,-142.5682643002,1.585));
#2656 = DIRECTION('',(0.,0.,-1.));
#2657 = DIRECTION('',(1.528293145376E-02,-0.999883209183,0.));
#2658 = ORIENTED_EDGE('',*,*,#2659,.T.);
#2659 = EDGE_CURVE('',#2651,#2660,#2662,.T.);
#2660 = VERTEX_POINT('',#2661);
#2661 = CARTESIAN_POINT('',(144.53243,-142.642658,1.585));
#2662 = LINE('',#2663,#2664);
#2663 = CARTESIAN_POINT('',(144.560924,-142.711329,1.585));
#2664 = VECTOR('',#2665,1.);
#2665 = DIRECTION('',(-0.383252110423,0.923643773246,0.));
#2666 = ORIENTED_EDGE('',*,*,#2667,.T.);
#2667 = EDGE_CURVE('',#2660,#2668,#2670,.T.);
#2668 = VERTEX_POINT('',#2669);
#2669 = CARTESIAN_POINT('',(144.522725,-142.56507,1.585));
#2670 = LINE('',#2671,#2672);
#2671 = CARTESIAN_POINT('',(144.53243,-142.642658,1.585));
#2672 = VECTOR('',#2673,1.);
#2673 = DIRECTION('',(-0.124116583331,0.992267642193,0.));
#2674 = ORIENTED_EDGE('',*,*,#2675,.T.);
#2675 = EDGE_CURVE('',#2668,#2676,#2678,.T.);
#2676 = VERTEX_POINT('',#2677);
#2677 = CARTESIAN_POINT('',(144.522725,-141.41109,1.585));
#2678 = LINE('',#2679,#2680);
#2679 = CARTESIAN_POINT('',(144.522725,-142.56507,1.585));
#2680 = VECTOR('',#2681,1.);
#2681 = DIRECTION('',(0.,1.,0.));
#2682 = ORIENTED_EDGE('',*,*,#2683,.T.);
#2683 = EDGE_CURVE('',#2676,#2684,#2686,.T.);
#2684 = VERTEX_POINT('',#2685);
#2685 = CARTESIAN_POINT('',(144.515923,-141.375749,1.585));
#2686 = LINE('',#2687,#2688);
#2687 = CARTESIAN_POINT('',(144.522725,-141.41109,1.585));
#2688 = VECTOR('',#2689,1.);
#2689 = DIRECTION('',(-0.18899888535,0.981977301844,0.));
#2690 = ORIENTED_EDGE('',*,*,#2691,.T.);
#2691 = EDGE_CURVE('',#2684,#2692,#2694,.T.);
#2692 = VERTEX_POINT('',#2693);
#2693 = CARTESIAN_POINT('',(144.495425,-141.345694,1.585));
#2694 = LINE('',#2695,#2696);
#2695 = CARTESIAN_POINT('',(144.515923,-141.375749,1.585));
#2696 = VECTOR('',#2697,1.);
#2697 = DIRECTION('',(-0.563448554821,0.826151152072,0.));
#2698 = ORIENTED_EDGE('',*,*,#2699,.T.);
#2699 = EDGE_CURVE('',#2692,#2700,#2702,.T.);
#2700 = VERTEX_POINT('',#2701);
#2701 = CARTESIAN_POINT('',(144.46539,-141.325104,1.585));
#2702 = LINE('',#2703,#2704);
#2703 = CARTESIAN_POINT('',(144.495425,-141.345694,1.585));
#2704 = VECTOR('',#2705,1.);
#2705 = DIRECTION('',(-0.824798375462,0.56542695358,0.));
#2706 = ORIENTED_EDGE('',*,*,#2707,.T.);
#2707 = EDGE_CURVE('',#2700,#2708,#2710,.T.);
#2708 = VERTEX_POINT('',#2709);
#2709 = CARTESIAN_POINT('',(144.430236,-141.31829,1.585));
#2710 = LINE('',#2711,#2712);
#2711 = CARTESIAN_POINT('',(144.46539,-141.325104,1.585));
#2712 = VECTOR('',#2713,1.);
#2713 = DIRECTION('',(-0.981727714125,0.190291080505,0.));
#2714 = ORIENTED_EDGE('',*,*,#2715,.T.);
#2715 = EDGE_CURVE('',#2708,#2716,#2718,.T.);
#2716 = VERTEX_POINT('',#2717);
#2717 = CARTESIAN_POINT('',(144.029348,-141.31829,1.585));
#2718 = LINE('',#2719,#2720);
#2719 = CARTESIAN_POINT('',(144.430236,-141.31829,1.585));
#2720 = VECTOR('',#2721,1.);
#2721 = DIRECTION('',(-1.,0.,0.));
#2722 = ORIENTED_EDGE('',*,*,#2723,.T.);
#2723 = EDGE_CURVE('',#2716,#2724,#2726,.T.);
#2724 = VERTEX_POINT('',#2725);
#2725 = CARTESIAN_POINT('',(143.994123,-141.325112,1.585));
#2726 = LINE('',#2727,#2728);
#2727 = CARTESIAN_POINT('',(144.029348,-141.31829,1.585));
#2728 = VECTOR('',#2729,1.);
#2729 = DIRECTION('',(-0.981757703634,-0.190136296783,0.));
#2730 = ORIENTED_EDGE('',*,*,#2731,.T.);
#2731 = EDGE_CURVE('',#2724,#2732,#2734,.T.);
#2732 = VERTEX_POINT('',#2733);
#2733 = CARTESIAN_POINT('',(143.96416,-141.345694,1.585));
#2734 = LINE('',#2735,#2736);
#2735 = CARTESIAN_POINT('',(143.994123,-141.325112,1.585));
#2736 = VECTOR('',#2737,1.);
#2737 = DIRECTION('',(-0.824267407676,-0.566200707032,0.));
#2738 = ORIENTED_EDGE('',*,*,#2739,.T.);
#2739 = EDGE_CURVE('',#2732,#2740,#2742,.T.);
#2740 = VERTEX_POINT('',#2741);
#2741 = CARTESIAN_POINT('',(143.943661,-141.375749,1.585));
#2742 = LINE('',#2743,#2744);
#2743 = CARTESIAN_POINT('',(143.96416,-141.345694,1.585));
#2744 = VECTOR('',#2745,1.);
#2745 = DIRECTION('',(-0.563467315637,-0.826138356577,0.));
#2746 = ORIENTED_EDGE('',*,*,#2747,.T.);
#2747 = EDGE_CURVE('',#2740,#2748,#2750,.T.);
#2748 = VERTEX_POINT('',#2749);
#2749 = CARTESIAN_POINT('',(143.93686,-141.41109,1.585));
#2750 = LINE('',#2751,#2752);
#2751 = CARTESIAN_POINT('',(143.943661,-141.375749,1.585));
#2752 = VECTOR('',#2753,1.);
#2753 = DIRECTION('',(-0.188972091881,-0.981982458341,0.));
#2754 = ORIENTED_EDGE('',*,*,#2755,.T.);
#2755 = EDGE_CURVE('',#2748,#2756,#2758,.T.);
#2756 = VERTEX_POINT('',#2757);
#2757 = CARTESIAN_POINT('',(143.93686,-142.564966,1.585));
#2758 = LINE('',#2759,#2760);
#2759 = CARTESIAN_POINT('',(143.93686,-141.41109,1.585));
#2760 = VECTOR('',#2761,1.);
#2761 = DIRECTION('',(0.,-1.,0.));
#2762 = ORIENTED_EDGE('',*,*,#2763,.T.);
#2763 = EDGE_CURVE('',#2756,#2764,#2766,.T.);
#2764 = VERTEX_POINT('',#2765);
#2765 = CARTESIAN_POINT('',(143.943658,-142.600325,1.585));
#2766 = LINE('',#2767,#2768);
#2767 = CARTESIAN_POINT('',(143.93686,-142.564966,1.585));
#2768 = VECTOR('',#2769,1.);
#2769 = DIRECTION('',(0.188798979342,-0.982015756187,0.));
#2770 = ORIENTED_EDGE('',*,*,#2771,.T.);
#2771 = EDGE_CURVE('',#2764,#2772,#2774,.T.);
#2772 = VERTEX_POINT('',#2773);
#2773 = CARTESIAN_POINT('',(143.96416,-142.630466,1.585));
#2774 = LINE('',#2775,#2776);
#2775 = CARTESIAN_POINT('',(143.943658,-142.600325,1.585));
#2776 = VECTOR('',#2777,1.);
#2777 = DIRECTION('',(0.562424819055,-0.826848428015,0.));
#2778 = ORIENTED_EDGE('',*,*,#2779,.T.);
#2779 = EDGE_CURVE('',#2772,#2780,#2782,.T.);
#2780 = VERTEX_POINT('',#2781);
#2781 = CARTESIAN_POINT('',(143.994115,-142.650966,1.585));
#2782 = LINE('',#2783,#2784);
#2783 = CARTESIAN_POINT('',(143.96416,-142.630466,1.585));
#2784 = VECTOR('',#2785,1.);
#2785 = DIRECTION('',(0.825249818555,-0.564767861138,0.));
#2786 = ORIENTED_EDGE('',*,*,#2787,.T.);
#2787 = EDGE_CURVE('',#2780,#2788,#2790,.T.);
#2788 = VERTEX_POINT('',#2789);
#2789 = CARTESIAN_POINT('',(144.029348,-142.657766,1.585));
#2790 = LINE('',#2791,#2792);
#2791 = CARTESIAN_POINT('',(143.994115,-142.650966,1.585));
#2792 = VECTOR('',#2793,1.);
#2793 = DIRECTION('',(0.981880005795,-0.189503705032,0.));
#2794 = ORIENTED_EDGE('',*,*,#2795,.T.);
#2795 = EDGE_CURVE('',#2788,#2796,#2798,.T.);
#2796 = VERTEX_POINT('',#2797);
#2797 = CARTESIAN_POINT('',(144.095678,-142.657766,1.585));
#2798 = LINE('',#2799,#2800);
#2799 = CARTESIAN_POINT('',(144.029348,-142.657766,1.585));
#2800 = VECTOR('',#2801,1.);
#2801 = DIRECTION('',(1.,0.,0.));
#2802 = ORIENTED_EDGE('',*,*,#2803,.T.);
#2803 = EDGE_CURVE('',#2796,#2804,#2806,.T.);
#2804 = VERTEX_POINT('',#2805);
#2805 = CARTESIAN_POINT('',(144.095678,-142.852917,1.585));
#2806 = LINE('',#2807,#2808);
#2807 = CARTESIAN_POINT('',(144.095678,-142.657766,1.585));
#2808 = VECTOR('',#2809,1.);
#2809 = DIRECTION('',(0.,-1.,0.));
#2810 = ORIENTED_EDGE('',*,*,#2811,.T.);
#2811 = EDGE_CURVE('',#2804,#2812,#2814,.T.);
#2812 = VERTEX_POINT('',#2813);
#2813 = CARTESIAN_POINT('',(144.02966,-142.852917,1.585));
#2814 = LINE('',#2815,#2816);
#2815 = CARTESIAN_POINT('',(144.095678,-142.852917,1.585));
#2816 = VECTOR('',#2817,1.);
#2817 = DIRECTION('',(-1.,0.,0.));
#2818 = ORIENTED_EDGE('',*,*,#2819,.T.);
#2819 = EDGE_CURVE('',#2812,#2820,#2822,.T.);
#2820 = VERTEX_POINT('',#2821);
#2821 = CARTESIAN_POINT('',(143.780428,-142.711329,1.585));
#2822 = CIRCLE('',#2823,0.28495410995);
#2823 = AXIS2_PLACEMENT_3D('',#2824,#2825,#2826);
#2824 = CARTESIAN_POINT('',(144.02669901786,-142.5679782743,1.585));
#2825 = DIRECTION('',(0.,0.,-1.));
#2826 = DIRECTION('',(1.039108415423E-02,-0.999946011228,0.));
#2827 = ORIENTED_EDGE('',*,*,#2828,.T.);
#2828 = EDGE_CURVE('',#2820,#2829,#2831,.T.);
#2829 = VERTEX_POINT('',#2830);
#2830 = CARTESIAN_POINT('',(143.75138,-142.642614,1.585));
#2831 = LINE('',#2832,#2833);
#2832 = CARTESIAN_POINT('',(143.780428,-142.711329,1.585));
#2833 = VECTOR('',#2834,1.);
#2834 = DIRECTION('',(-0.389370171204,0.921081358934,0.));
#2835 = ORIENTED_EDGE('',*,*,#2836,.T.);
#2836 = EDGE_CURVE('',#2829,#2837,#2839,.T.);
#2837 = VERTEX_POINT('',#2838);
#2838 = CARTESIAN_POINT('',(143.741502,-142.56507,1.585));
#2839 = LINE('',#2840,#2841);
#2840 = CARTESIAN_POINT('',(143.75138,-142.642614,1.585));
#2841 = VECTOR('',#2842,1.);
#2842 = DIRECTION('',(-0.126364600931,0.991983864602,0.));
#2843 = ORIENTED_EDGE('',*,*,#2844,.T.);
#2844 = EDGE_CURVE('',#2837,#2845,#2847,.T.);
#2845 = VERTEX_POINT('',#2846);
#2846 = CARTESIAN_POINT('',(143.741502,-141.41109,1.585));
#2847 = LINE('',#2848,#2849);
#2848 = CARTESIAN_POINT('',(143.741502,-142.56507,1.585));
#2849 = VECTOR('',#2850,1.);
#2850 = DIRECTION('',(0.,1.,0.));
#2851 = ORIENTED_EDGE('',*,*,#2852,.T.);
#2852 = EDGE_CURVE('',#2845,#2503,#2853,.T.);
#2853 = LINE('',#2854,#2855);
#2854 = CARTESIAN_POINT('',(143.741502,-141.41109,1.585));
#2855 = VECTOR('',#2856,1.);
#2856 = DIRECTION('',(0.129364993275,0.991597044426,0.));
#2857 = PLANE('',#2858);
#2858 = AXIS2_PLACEMENT_3D('',#2859,#2860,#2861);
#2859 = CARTESIAN_POINT('',(0.,0.,1.585));
#2860 = DIRECTION('',(0.,0.,1.));
#2861 = DIRECTION('',(1.,0.,-0.));
#2862 = SHELL_BASED_SURFACE_MODEL('',(#2863));
#2863 = OPEN_SHELL('',(#2864));
#2864 = ADVANCED_FACE('',(#2865,#2876),#2887,.T.);
#2865 = FACE_BOUND('',#2866,.T.);
#2866 = EDGE_LOOP('',(#2867));
#2867 = ORIENTED_EDGE('',*,*,#2868,.T.);
#2868 = EDGE_CURVE('',#2869,#2869,#2871,.T.);
#2869 = VERTEX_POINT('',#2870);
#2870 = CARTESIAN_POINT('',(155.25,-132.5,1.585));
#2871 = CIRCLE('',#2872,5.25);
#2872 = AXIS2_PLACEMENT_3D('',#2873,#2874,#2875);
#2873 = CARTESIAN_POINT('',(150.,-132.5,1.585));
#2874 = DIRECTION('',(0.,0.,1.));
#2875 = DIRECTION('',(1.,0.,-0.));
#2876 = FACE_BOUND('',#2877,.F.);
#2877 = EDGE_LOOP('',(#2878));
#2878 = ORIENTED_EDGE('',*,*,#2879,.T.);
#2879 = EDGE_CURVE('',#2880,#2880,#2882,.T.);
#2880 = VERTEX_POINT('',#2881);
#2881 = CARTESIAN_POINT('',(153.,-132.499999,1.585));
#2882 = CIRCLE('',#2883,3.);
#2883 = AXIS2_PLACEMENT_3D('',#2884,#2885,#2886);
#2884 = CARTESIAN_POINT('',(150.,-132.499999,1.585));
#2885 = DIRECTION('',(0.,0.,1.));
#2886 = DIRECTION('',(1.,0.,-0.));
#2887 = PLANE('',#2888);
#2888 = AXIS2_PLACEMENT_3D('',#2889,#2890,#2891);
#2889 = CARTESIAN_POINT('',(0.,0.,1.585));
#2890 = DIRECTION('',(0.,0.,1.));
#2891 = DIRECTION('',(1.,0.,-0.));
#2892 = SHELL_BASED_SURFACE_MODEL('',(#2893));
#2893 = OPEN_SHELL('',(#2894));
#2894 = ADVANCED_FACE('',(#2895),#2954,.T.);
#2895 = FACE_BOUND('',#2896,.F.);
#2896 = EDGE_LOOP('',(#2897,#2908,#2916,#2924,#2932,#2940,#2948));
#2897 = ORIENTED_EDGE('',*,*,#2898,.T.);
#2898 = EDGE_CURVE('',#2899,#2901,#2903,.T.);
#2899 = VERTEX_POINT('',#2900);
#2900 = CARTESIAN_POINT('',(146.690544,-103.444574,1.585));
#2901 = VERTEX_POINT('',#2902);
#2902 = CARTESIAN_POINT('',(146.435728,-103.297456,1.585));
#2903 = CIRCLE('',#2904,0.150000237588);
#2904 = AXIS2_PLACEMENT_3D('',#2905,#2906,#2907);
#2905 = CARTESIAN_POINT('',(146.57776769145,-103.3456721521,1.585));
#2906 = DIRECTION('',(-0.,0.,-1.));
#2907 = DIRECTION('',(0.751840866148,-0.659344607918,-0.));
#2908 = ORIENTED_EDGE('',*,*,#2909,.T.);
#2909 = EDGE_CURVE('',#2901,#2910,#2912,.T.);
#2910 = VERTEX_POINT('',#2911);
#2911 = CARTESIAN_POINT('',(148.089992,-100.432187,1.585));
#2912 = LINE('',#2913,#2914);
#2913 = CARTESIAN_POINT('',(146.435728,-103.297456,1.585));
#2914 = VECTOR('',#2915,1.);
#2915 = DIRECTION('',(0.500000038888,0.866025381332,0.));
#2916 = ORIENTED_EDGE('',*,*,#2917,.T.);
#2917 = EDGE_CURVE('',#2910,#2918,#2920,.T.);
#2918 = VERTEX_POINT('',#2919);
#2919 = CARTESIAN_POINT('',(148.092827,-100.430011,1.585));
#2920 = LINE('',#2921,#2922);
#2921 = CARTESIAN_POINT('',(148.089992,-100.432187,1.585));
#2922 = VECTOR('',#2923,1.);
#2923 = DIRECTION('',(0.793268466725,0.608872022432,0.));
#2924 = ORIENTED_EDGE('',*,*,#2925,.T.);
#2925 = EDGE_CURVE('',#2918,#2926,#2928,.T.);
#2926 = VERTEX_POINT('',#2927);
#2927 = CARTESIAN_POINT('',(148.20064,-100.502049,1.585));
#2928 = LINE('',#2929,#2930);
#2929 = CARTESIAN_POINT('',(148.092827,-100.430011,1.585));
#2930 = VECTOR('',#2931,1.);
#2931 = DIRECTION('',(0.831470836002,-0.55556840162,0.));
#2932 = ORIENTED_EDGE('',*,*,#2933,.T.);
#2933 = EDGE_CURVE('',#2926,#2934,#2936,.T.);
#2934 = VERTEX_POINT('',#2935);
#2935 = CARTESIAN_POINT('',(148.344832,-100.579121,1.585));
#2936 = LINE('',#2937,#2938);
#2937 = CARTESIAN_POINT('',(148.20064,-100.502049,1.585));
#2938 = VECTOR('',#2939,1.);
#2939 = DIRECTION('',(0.881921848458,-0.471395644033,0.));
#2940 = ORIENTED_EDGE('',*,*,#2941,.T.);
#2941 = EDGE_CURVE('',#2934,#2942,#2944,.T.);
#2942 = VERTEX_POINT('',#2943);
#2943 = CARTESIAN_POINT('',(148.344808,-100.579305,1.585));
#2944 = LINE('',#2945,#2946);
#2945 = CARTESIAN_POINT('',(148.344832,-100.579121,1.585));
#2946 = VECTOR('',#2947,1.);
#2947 = DIRECTION('',(-0.129339184045,-0.991600411189,0.));
#2948 = ORIENTED_EDGE('',*,*,#2949,.T.);
#2949 = EDGE_CURVE('',#2942,#2899,#2950,.T.);
#2950 = LINE('',#2951,#2952);
#2951 = CARTESIAN_POINT('',(148.344808,-100.579305,1.585));
#2952 = VECTOR('',#2953,1.);
#2953 = DIRECTION('',(-0.500000038888,-0.866025381332,0.));
#2954 = PLANE('',#2955);
#2955 = AXIS2_PLACEMENT_3D('',#2956,#2957,#2958);
#2956 = CARTESIAN_POINT('',(0.,0.,1.585));
#2957 = DIRECTION('',(0.,0.,1.));
#2958 = DIRECTION('',(1.,0.,-0.));
#2959 = SHELL_BASED_SURFACE_MODEL('',(#2960));
#2960 = OPEN_SHELL('',(#2961));
#2961 = ADVANCED_FACE('',(#2962),#3005,.T.);
#2962 = FACE_BOUND('',#2963,.F.);
#2963 = EDGE_LOOP('',(#2964,#2974,#2982,#2990,#2999));
#2964 = ORIENTED_EDGE('',*,*,#2965,.T.);
#2965 = EDGE_CURVE('',#2966,#2968,#2970,.T.);
#2966 = VERTEX_POINT('',#2967);
#2967 = CARTESIAN_POINT('',(151.582918,-100.617739,1.585));
#2968 = VERTEX_POINT('',#2969);
#2969 = CARTESIAN_POINT('',(151.79936,-100.502049,1.585));
#2970 = LINE('',#2971,#2972);
#2971 = CARTESIAN_POINT('',(151.582918,-100.617739,1.585));
#2972 = VECTOR('',#2973,1.);
#2973 = DIRECTION('',(0.881922381158,0.471394647417,0.));
#2974 = ORIENTED_EDGE('',*,*,#2975,.T.);
#2975 = EDGE_CURVE('',#2968,#2976,#2978,.T.);
#2976 = VERTEX_POINT('',#2977);
#2977 = CARTESIAN_POINT('',(151.840145,-100.474797,1.585));
#2978 = LINE('',#2979,#2980);
#2979 = CARTESIAN_POINT('',(151.79936,-100.502049,1.585));
#2980 = VECTOR('',#2981,1.);
#2981 = DIRECTION('',(0.83146646451,0.555574943995,0.));
#2982 = ORIENTED_EDGE('',*,*,#2983,.T.);
#2983 = EDGE_CURVE('',#2976,#2984,#2986,.T.);
#2984 = VERTEX_POINT('',#2985);
#2985 = CARTESIAN_POINT('',(153.469808,-103.297456,1.585));
#2986 = LINE('',#2987,#2988);
#2987 = CARTESIAN_POINT('',(151.840145,-100.474797,1.585));
#2988 = VECTOR('',#2989,1.);
#2989 = DIRECTION('',(0.500000015307,-0.866025394947,0.));
#2990 = ORIENTED_EDGE('',*,*,#2991,.T.);
#2991 = EDGE_CURVE('',#2984,#2992,#2994,.T.);
#2992 = VERTEX_POINT('',#2993);
#2993 = CARTESIAN_POINT('',(153.214992,-103.444574,1.585));
#2994 = CIRCLE('',#2995,0.150000349199);
#2995 = AXIS2_PLACEMENT_3D('',#2996,#2997,#2998);
#2996 = CARTESIAN_POINT('',(153.3277680225,-103.3456716567,1.585));
#2997 = DIRECTION('',(0.,0.,-1.));
#2998 = DIRECTION('',(0.946930978882,0.321436963079,0.));
#2999 = ORIENTED_EDGE('',*,*,#3000,.T.);
#3000 = EDGE_CURVE('',#2992,#2966,#3001,.T.);
#3001 = LINE('',#3002,#3003);
#3002 = CARTESIAN_POINT('',(153.214992,-103.444574,1.585));
#3003 = VECTOR('',#3004,1.);
#3004 = DIRECTION('',(-0.500000011901,0.866025396913,0.));
#3005 = PLANE('',#3006);
#3006 = AXIS2_PLACEMENT_3D('',#3007,#3008,#3009);
#3007 = CARTESIAN_POINT('',(0.,0.,1.585));
#3008 = DIRECTION('',(0.,0.,1.));
#3009 = DIRECTION('',(1.,0.,-0.));
#3010 = SHELL_BASED_SURFACE_MODEL('',(#3011));
#3011 = OPEN_SHELL('',(#3012));
#3012 = ADVANCED_FACE('',(#3013),#3072,.T.);
#3013 = FACE_BOUND('',#3014,.F.);
#3014 = EDGE_LOOP('',(#3015,#3026,#3034,#3042,#3050,#3058,#3066));
#3015 = ORIENTED_EDGE('',*,*,#3016,.T.);
#3016 = EDGE_CURVE('',#3017,#3019,#3021,.T.);
#3017 = VERTEX_POINT('',#3018);
#3018 = CARTESIAN_POINT('',(144.909578,-102.751246,1.585));
#3019 = VERTEX_POINT('',#3020);
#3020 = CARTESIAN_POINT('',(144.701522,-102.54319,1.585));
#3021 = CIRCLE('',#3022,0.150000166887);
#3022 = AXIS2_PLACEMENT_3D('',#3023,#3024,#3025);
#3023 = CARTESIAN_POINT('',(144.826243,-102.626525,1.585));
#3024 = DIRECTION('',(0.,0.,-1.));
#3025 = DIRECTION('',(0.555566048557,-0.831472408256,0.));
#3026 = ORIENTED_EDGE('',*,*,#3027,.T.);
#3027 = EDGE_CURVE('',#3019,#3028,#3030,.T.);
#3028 = VERTEX_POINT('',#3029);
#3029 = CARTESIAN_POINT('',(147.394559,-99.850153,1.585));
#3030 = LINE('',#3031,#3032);
#3031 = CARTESIAN_POINT('',(144.701522,-102.54319,1.585));
#3032 = VECTOR('',#3033,1.);
#3033 = DIRECTION('',(0.707106781187,0.707106781187,0.));
#3034 = ORIENTED_EDGE('',*,*,#3035,.T.);
#3035 = EDGE_CURVE('',#3028,#3036,#3038,.T.);
#3036 = VERTEX_POINT('',#3037);
#3037 = CARTESIAN_POINT('',(147.403413,-99.846485,1.585));
#3038 = LINE('',#3039,#3040);
#3039 = CARTESIAN_POINT('',(147.394559,-99.850153,1.585));
#3040 = VECTOR('',#3041,1.);
#3041 = DIRECTION('',(0.923859126056,0.382732694192,0.));
#3042 = ORIENTED_EDGE('',*,*,#3043,.T.);
#3043 = EDGE_CURVE('',#3036,#3044,#3046,.T.);
#3044 = VERTEX_POINT('',#3045);
#3045 = CARTESIAN_POINT('',(147.406671,-99.850455,1.585));
#3046 = LINE('',#3047,#3048);
#3047 = CARTESIAN_POINT('',(147.403413,-99.846485,1.585));
#3048 = VECTOR('',#3049,1.);
#3049 = DIRECTION('',(0.634382254057,-0.773019505406,0.));
#3050 = ORIENTED_EDGE('',*,*,#3051,.T.);
#3051 = EDGE_CURVE('',#3044,#3052,#3054,.T.);
#3052 = VERTEX_POINT('',#3053);
#3053 = CARTESIAN_POINT('',(147.606074,-100.049858,1.585));
#3054 = LINE('',#3055,#3056);
#3055 = CARTESIAN_POINT('',(147.406671,-99.850455,1.585));
#3056 = VECTOR('',#3057,1.);
#3057 = DIRECTION('',(0.707106781187,-0.707106781187,0.));
#3058 = ORIENTED_EDGE('',*,*,#3059,.T.);
#3059 = EDGE_CURVE('',#3052,#3060,#3062,.T.);
#3060 = VERTEX_POINT('',#3061);
#3061 = CARTESIAN_POINT('',(147.602615,-100.058209,1.585));
#3062 = LINE('',#3063,#3064);
#3063 = CARTESIAN_POINT('',(147.606074,-100.049858,1.585));
#3064 = VECTOR('',#3065,1.);
#3065 = DIRECTION('',(-0.382674229272,-0.923883344503,0.));
#3066 = ORIENTED_EDGE('',*,*,#3067,.T.);
#3067 = EDGE_CURVE('',#3060,#3017,#3068,.T.);
#3068 = LINE('',#3069,#3070);
#3069 = CARTESIAN_POINT('',(147.602615,-100.058209,1.585));
#3070 = VECTOR('',#3071,1.);
#3071 = DIRECTION('',(-0.707106781187,-0.707106781187,0.));
#3072 = PLANE('',#3073);
#3073 = AXIS2_PLACEMENT_3D('',#3074,#3075,#3076);
#3074 = CARTESIAN_POINT('',(0.,0.,1.585));
#3075 = DIRECTION('',(0.,0.,1.));
#3076 = DIRECTION('',(1.,0.,-0.));
#3077 = SHELL_BASED_SURFACE_MODEL('',(#3078));
#3078 = OPEN_SHELL('',(#3079));
#3079 = ADVANCED_FACE('',(#3080),#3123,.T.);
#3080 = FACE_BOUND('',#3081,.F.);
#3081 = EDGE_LOOP('',(#3082,#3092,#3100,#3108,#3117));
#3082 = ORIENTED_EDGE('',*,*,#3083,.T.);
#3083 = EDGE_CURVE('',#3084,#3086,#3088,.T.);
#3084 = VERTEX_POINT('',#3085);
#3085 = CARTESIAN_POINT('',(152.343636,-100.098925,1.585));
#3086 = VERTEX_POINT('',#3087);
#3087 = CARTESIAN_POINT('',(152.350456,-100.093328,1.585));
#3088 = LINE('',#3089,#3090);
#3089 = CARTESIAN_POINT('',(152.343636,-100.098925,1.585));
#3090 = VECTOR('',#3091,1.);
#3091 = DIRECTION('',(0.773012084928,0.63439129609,0.));
#3092 = ORIENTED_EDGE('',*,*,#3093,.T.);
#3093 = EDGE_CURVE('',#3086,#3094,#3096,.T.);
#3094 = VERTEX_POINT('',#3095);
#3095 = CARTESIAN_POINT('',(152.552303,-99.89148,1.585));
#3096 = LINE('',#3097,#3098);
#3097 = CARTESIAN_POINT('',(152.350456,-100.093328,1.585));
#3098 = VECTOR('',#3099,1.);
#3099 = DIRECTION('',(0.707105029598,0.707108532771,0.));
#3100 = ORIENTED_EDGE('',*,*,#3101,.T.);
#3101 = EDGE_CURVE('',#3094,#3102,#3104,.T.);
#3102 = VERTEX_POINT('',#3103);
#3103 = CARTESIAN_POINT('',(155.204013,-102.54319,1.585));
#3104 = LINE('',#3105,#3106);
#3105 = CARTESIAN_POINT('',(152.552303,-99.89148,1.585));
#3106 = VECTOR('',#3107,1.);
#3107 = DIRECTION('',(0.707106781187,-0.707106781187,0.));
#3108 = ORIENTED_EDGE('',*,*,#3109,.T.);
#3109 = EDGE_CURVE('',#3102,#3110,#3112,.T.);
#3110 = VERTEX_POINT('',#3111);
#3111 = CARTESIAN_POINT('',(154.995957,-102.751246,1.585));
#3112 = CIRCLE('',#3113,0.150000166887);
#3113 = AXIS2_PLACEMENT_3D('',#3114,#3115,#3116);
#3114 = CARTESIAN_POINT('',(155.079292,-102.626525,1.585));
#3115 = DIRECTION('',(0.,0.,-1.));
#3116 = DIRECTION('',(0.831472408256,0.555566048557,0.));
#3117 = ORIENTED_EDGE('',*,*,#3118,.T.);
#3118 = EDGE_CURVE('',#3110,#3084,#3119,.T.);
#3119 = LINE('',#3120,#3121);
#3120 = CARTESIAN_POINT('',(154.995957,-102.751246,1.585));
#3121 = VECTOR('',#3122,1.);
#3122 = DIRECTION('',(-0.707106781187,0.707106781187,0.));
#3123 = PLANE('',#3124);
#3124 = AXIS2_PLACEMENT_3D('',#3125,#3126,#3127);
#3125 = CARTESIAN_POINT('',(0.,0.,1.585));
#3126 = DIRECTION('',(0.,0.,1.));
#3127 = DIRECTION('',(1.,0.,-0.));
#3128 = SHELL_BASED_SURFACE_MODEL('',(#3129));
#3129 = OPEN_SHELL('',(#3130));
#3130 = ADVANCED_FACE('',(#3131),#3190,.T.);
#3131 = FACE_BOUND('',#3132,.F.);
#3132 = EDGE_LOOP('',(#3133,#3144,#3152,#3160,#3168,#3176,#3184));
#3133 = ORIENTED_EDGE('',*,*,#3134,.T.);
#3134 = EDGE_CURVE('',#3135,#3137,#3139,.T.);
#3135 = VERTEX_POINT('',#3136);
#3136 = CARTESIAN_POINT('',(144.13924,-100.969693,1.585));
#3137 = VERTEX_POINT('',#3138);
#3138 = CARTESIAN_POINT('',(144.041161,-100.799816,1.585));
#3139 = CIRCLE('',#3140,0.100000105172);
#3140 = AXIS2_PLACEMENT_3D('',#3141,#3142,#3143);
#3141 = CARTESIAN_POINT('',(144.1070957386,-100.8749999828,1.585));
#3142 = DIRECTION('',(0.,0.,-1.));
#3143 = DIRECTION('',(0.321442275912,-0.946929175417,0.));
#3144 = ORIENTED_EDGE('',*,*,#3145,.T.);
#3145 = EDGE_CURVE('',#3137,#3146,#3148,.T.);
#3146 = VERTEX_POINT('',#3147);
#3147 = CARTESIAN_POINT('',(146.889534,-99.155307,1.585));
#3148 = LINE('',#3149,#3150);
#3149 = CARTESIAN_POINT('',(144.041161,-100.799816,1.585));
#3150 = VECTOR('',#3151,1.);
#3151 = DIRECTION('',(0.866025393029,0.50000001863,0.));
#3152 = ORIENTED_EDGE('',*,*,#3153,.T.);
#3153 = EDGE_CURVE('',#3146,#3154,#3156,.T.);
#3154 = VERTEX_POINT('',#3155);
#3155 = CARTESIAN_POINT('',(146.918886,-99.151442,1.585));
#3156 = LINE('',#3157,#3158);
#3157 = CARTESIAN_POINT('',(146.889534,-99.155307,1.585));
#3158 = VECTOR('',#3159,1.);
#3159 = DIRECTION('',(0.991441644384,0.130550625359,0.));
#3160 = ORIENTED_EDGE('',*,*,#3161,.T.);
#3161 = EDGE_CURVE('',#3154,#3162,#3164,.T.);
#3162 = VERTEX_POINT('',#3163);
#3163 = CARTESIAN_POINT('',(146.99795,-99.299359,1.585));
#3164 = LINE('',#3165,#3166);
#3165 = CARTESIAN_POINT('',(146.918886,-99.151442,1.585));
#3166 = VECTOR('',#3167,1.);
#3167 = DIRECTION('',(0.471400058578,-0.881919488827,0.));
#3168 = ORIENTED_EDGE('',*,*,#3169,.T.);
#3169 = EDGE_CURVE('',#3162,#3170,#3172,.T.);
#3170 = VERTEX_POINT('',#3171);
#3171 = CARTESIAN_POINT('',(147.002362,-99.305962,1.585));
#3172 = LINE('',#3173,#3174);
#3173 = CARTESIAN_POINT('',(146.99795,-99.299359,1.585));
#3174 = VECTOR('',#3175,1.);
#3175 = DIRECTION('',(0.555571665418,-0.831468655203,0.));
#3176 = ORIENTED_EDGE('',*,*,#3177,.T.);
#3177 = EDGE_CURVE('',#3170,#3178,#3180,.T.);
#3178 = VERTEX_POINT('',#3179);
#3179 = CARTESIAN_POINT('',(146.987613,-99.325185,1.585));
#3180 = LINE('',#3181,#3182);
#3181 = CARTESIAN_POINT('',(147.002362,-99.305962,1.585));
#3182 = VECTOR('',#3183,1.);
#3183 = DIRECTION('',(-0.60872696467,-0.793379784519,0.));
#3184 = ORIENTED_EDGE('',*,*,#3185,.T.);
#3185 = EDGE_CURVE('',#3178,#3135,#3186,.T.);
#3186 = LINE('',#3187,#3188);
#3187 = CARTESIAN_POINT('',(146.987613,-99.325185,1.585));
#3188 = VECTOR('',#3189,1.);
#3189 = DIRECTION('',(-0.866025524683,-0.499999790598,0.));
#3190 = PLANE('',#3191);
#3191 = AXIS2_PLACEMENT_3D('',#3192,#3193,#3194);
#3192 = CARTESIAN_POINT('',(0.,0.,1.585));
#3193 = DIRECTION('',(0.,0.,1.));
#3194 = DIRECTION('',(1.,0.,-0.));
#3195 = SHELL_BASED_SURFACE_MODEL('',(#3196));
#3196 = OPEN_SHELL('',(#3197));
#3197 = ADVANCED_FACE('',(#3198),#3241,.T.);
#3198 = FACE_BOUND('',#3199,.F.);
#3199 = EDGE_LOOP('',(#3200,#3210,#3218,#3226,#3235));
#3200 = ORIENTED_EDGE('',*,*,#3201,.T.);
#3201 = EDGE_CURVE('',#3202,#3204,#3206,.T.);
#3202 = VERTEX_POINT('',#3203);
#3203 = CARTESIAN_POINT('',(152.966177,-99.353045,1.585));
#3204 = VERTEX_POINT('',#3205);
#3205 = CARTESIAN_POINT('',(153.00205,-99.299359,1.585));
#3206 = LINE('',#3207,#3208);
#3207 = CARTESIAN_POINT('',(152.966177,-99.353045,1.585));
#3208 = VECTOR('',#3209,1.);
#3209 = DIRECTION('',(0.555582670858,0.83146130147,0.));
#3210 = ORIENTED_EDGE('',*,*,#3211,.T.);
#3211 = EDGE_CURVE('',#3204,#3212,#3214,.T.);
#3212 = VERTEX_POINT('',#3213);
#3213 = CARTESIAN_POINT('',(153.064179,-99.183123,1.585));
#3214 = LINE('',#3215,#3216);
#3215 = CARTESIAN_POINT('',(153.00205,-99.299359,1.585));
#3216 = VECTOR('',#3217,1.);
#3217 = DIRECTION('',(0.471394161496,0.881922640886,0.));
#3218 = ORIENTED_EDGE('',*,*,#3219,.T.);
#3219 = EDGE_CURVE('',#3212,#3220,#3222,.T.);
#3220 = VERTEX_POINT('',#3221);
#3221 = CARTESIAN_POINT('',(155.864373,-100.799815,1.585));
#3222 = LINE('',#3223,#3224);
#3223 = CARTESIAN_POINT('',(153.064179,-99.183123,1.585));
#3224 = VECTOR('',#3225,1.);
#3225 = DIRECTION('',(0.866025505521,-0.499999823788,0.));
#3226 = ORIENTED_EDGE('',*,*,#3227,.T.);
#3227 = EDGE_CURVE('',#3220,#3228,#3230,.T.);
#3228 = VERTEX_POINT('',#3229);
#3229 = CARTESIAN_POINT('',(155.766294,-100.969693,1.585));
#3230 = CIRCLE('',#3231,0.100000442863);
#3231 = AXIS2_PLACEMENT_3D('',#3232,#3233,#3234);
#3232 = CARTESIAN_POINT('',(155.79843862275,-100.8749997489,1.585));
#3233 = DIRECTION('',(0.,0.,-1.));
#3234 = DIRECTION('',(0.659340852522,0.751844159514,0.));
#3235 = ORIENTED_EDGE('',*,*,#3236,.T.);
#3236 = EDGE_CURVE('',#3228,#3202,#3237,.T.);
#3237 = LINE('',#3238,#3239);
#3238 = CARTESIAN_POINT('',(155.766294,-100.969693,1.585));
#3239 = VECTOR('',#3240,1.);
#3240 = DIRECTION('',(-0.866025444459,0.49999992955,0.));
#3241 = PLANE('',#3242);
#3242 = AXIS2_PLACEMENT_3D('',#3243,#3244,#3245);
#3243 = CARTESIAN_POINT('',(0.,0.,1.585));
#3244 = DIRECTION('',(0.,0.,1.));
#3245 = DIRECTION('',(1.,0.,-0.));
#3246 = SHELL_BASED_SURFACE_MODEL('',(#3247));
#3247 = OPEN_SHELL('',(#3248));
#3248 = ADVANCED_FACE('',(#3249),#3308,.T.);
#3249 = FACE_BOUND('',#3250,.F.);
#3250 = EDGE_LOOP('',(#3251,#3262,#3270,#3278,#3286,#3294,#3302));
#3251 = ORIENTED_EDGE('',*,*,#3252,.T.);
#3252 = EDGE_CURVE('',#3253,#3255,#3257,.T.);
#3253 = VERTEX_POINT('',#3254);
#3254 = CARTESIAN_POINT('',(143.439308,-99.346815,1.585));
#3255 = VERTEX_POINT('',#3256);
#3256 = CARTESIAN_POINT('',(143.388539,-99.157341,1.585));
#3257 = CIRCLE('',#3258,0.100000305378);
#3258 = AXIS2_PLACEMENT_3D('',#3259,#3260,#3261);
#3259 = CARTESIAN_POINT('',(143.43276745958,-99.24702881655,1.585));
#3260 = DIRECTION('',(0.,0.,-1.));
#3261 = DIRECTION('',(6.540520438755E-02,-0.997858787223,0.));
#3262 = ORIENTED_EDGE('',*,*,#3263,.T.);
#3263 = EDGE_CURVE('',#3255,#3264,#3266,.T.);
#3264 = VERTEX_POINT('',#3265);
#3265 = CARTESIAN_POINT('',(146.565486,-98.306081,1.585));
#3266 = LINE('',#3267,#3268);
#3267 = CARTESIAN_POINT('',(143.388539,-99.157341,1.585));
#3268 = VECTOR('',#3269,1.);
#3269 = DIRECTION('',(0.965925855405,0.258818936442,0.));
#3270 = ORIENTED_EDGE('',*,*,#3271,.T.);
#3271 = EDGE_CURVE('',#3264,#3272,#3274,.T.);
#3272 = VERTEX_POINT('',#3273);
#3273 = CARTESIAN_POINT('',(146.596891,-98.310215,1.585));
#3274 = LINE('',#3275,#3276);
#3275 = CARTESIAN_POINT('',(146.565486,-98.306081,1.585));
#3276 = VECTOR('',#3277,1.);
#3277 = DIRECTION('',(0.991447094675,-0.130509227492,0.));
#3278 = ORIENTED_EDGE('',*,*,#3279,.T.);
#3279 = EDGE_CURVE('',#3272,#3280,#3282,.T.);
#3280 = VERTEX_POINT('',#3281);
#3281 = CARTESIAN_POINT('',(146.604891,-98.35043,1.585));
#3282 = LINE('',#3283,#3284);
#3283 = CARTESIAN_POINT('',(146.596891,-98.310215,1.585));
#3284 = VECTOR('',#3285,1.);
#3285 = DIRECTION('',(0.195107662515,-0.980781831004,0.));
#3286 = ORIENTED_EDGE('',*,*,#3287,.T.);
#3287 = EDGE_CURVE('',#3280,#3288,#3290,.T.);
#3288 = VERTEX_POINT('',#3289);
#3289 = CARTESIAN_POINT('',(146.642747,-98.475226,1.585));
#3290 = LINE('',#3291,#3292);
#3291 = CARTESIAN_POINT('',(146.604891,-98.35043,1.585));
#3292 = VECTOR('',#3293,1.);
#3293 = DIRECTION('',(0.290281498248,-0.956941300068,0.));
#3294 = ORIENTED_EDGE('',*,*,#3295,.T.);
#3295 = EDGE_CURVE('',#3288,#3296,#3298,.T.);
#3296 = VERTEX_POINT('',#3297);
#3297 = CARTESIAN_POINT('',(146.616256,-98.495555,1.585));
#3298 = LINE('',#3299,#3300);
#3299 = CARTESIAN_POINT('',(146.642747,-98.475226,1.585));
#3300 = VECTOR('',#3301,1.);
#3301 = DIRECTION('',(-0.793328162405,-0.608794240063,0.));
#3302 = ORIENTED_EDGE('',*,*,#3303,.T.);
#3303 = EDGE_CURVE('',#3296,#3253,#3304,.T.);
#3304 = LINE('',#3305,#3306);
#3305 = CARTESIAN_POINT('',(146.616256,-98.495555,1.585));
#3306 = VECTOR('',#3307,1.);
#3307 = DIRECTION('',(-0.965925875772,-0.258818860431,0.));
#3308 = PLANE('',#3309);
#3309 = AXIS2_PLACEMENT_3D('',#3310,#3311,#3312);
#3310 = CARTESIAN_POINT('',(0.,0.,1.585));
#3311 = DIRECTION('',(0.,0.,1.));
#3312 = DIRECTION('',(1.,0.,-0.));
#3313 = SHELL_BASED_SURFACE_MODEL('',(#3314));
#3314 = OPEN_SHELL('',(#3315));
#3315 = ADVANCED_FACE('',(#3316),#3359,.T.);
#3316 = FACE_BOUND('',#3317,.F.);
#3317 = EDGE_LOOP('',(#3318,#3328,#3336,#3344,#3353));
#3318 = ORIENTED_EDGE('',*,*,#3319,.T.);
#3319 = EDGE_CURVE('',#3320,#3322,#3324,.T.);
#3320 = VERTEX_POINT('',#3321);
#3321 = CARTESIAN_POINT('',(153.346439,-98.510871,1.585));
#3322 = VERTEX_POINT('',#3323);
#3323 = CARTESIAN_POINT('',(153.395109,-98.35043,1.585));
#3324 = LINE('',#3325,#3326);
#3325 = CARTESIAN_POINT('',(153.346439,-98.510871,1.585));
#3326 = VECTOR('',#3327,1.);
#3327 = DIRECTION('',(0.290288799492,0.956939085255,0.));
#3328 = ORIENTED_EDGE('',*,*,#3329,.T.);
#3329 = EDGE_CURVE('',#3322,#3330,#3332,.T.);
#3330 = VERTEX_POINT('',#3331);
#3331 = CARTESIAN_POINT('',(153.401068,-98.320468,1.585));
#3332 = LINE('',#3333,#3334);
#3333 = CARTESIAN_POINT('',(153.395109,-98.35043,1.585));
#3334 = VECTOR('',#3335,1.);
#3335 = DIRECTION('',(0.195064742146,0.980790368209,0.));
#3336 = ORIENTED_EDGE('',*,*,#3337,.T.);
#3337 = EDGE_CURVE('',#3330,#3338,#3340,.T.);
#3338 = VERTEX_POINT('',#3339);
#3339 = CARTESIAN_POINT('',(156.516996,-99.157341,1.585));
#3340 = LINE('',#3341,#3342);
#3341 = CARTESIAN_POINT('',(153.401068,-98.320468,1.585));
#3342 = VECTOR('',#3343,1.);
#3343 = DIRECTION('',(0.965773583211,-0.259386557039,0.));
#3344 = ORIENTED_EDGE('',*,*,#3345,.T.);
#3345 = EDGE_CURVE('',#3338,#3346,#3348,.T.);
#3346 = VERTEX_POINT('',#3347);
#3347 = CARTESIAN_POINT('',(156.466226,-99.346815,1.585));
#3348 = CIRCLE('',#3349,0.100000529732);
#3349 = AXIS2_PLACEMENT_3D('',#3350,#3351,#3352);
#3350 = CARTESIAN_POINT('',(156.47276658287,-99.2470285945,1.585));
#3351 = DIRECTION('',(0.,0.,-1.));
#3352 = DIRECTION('',(0.442291828286,0.896871194003,0.));
#3353 = ORIENTED_EDGE('',*,*,#3354,.T.);
#3354 = EDGE_CURVE('',#3346,#3320,#3355,.T.);
#3355 = LINE('',#3356,#3357);
#3356 = CARTESIAN_POINT('',(156.466226,-99.346815,1.585));
#3357 = VECTOR('',#3358,1.);
#3358 = DIRECTION('',(-0.965925857808,0.258818927472,0.));
#3359 = PLANE('',#3360);
#3360 = AXIS2_PLACEMENT_3D('',#3361,#3362,#3363);
#3361 = CARTESIAN_POINT('',(0.,0.,1.585));
#3362 = DIRECTION('',(0.,0.,1.));
#3363 = DIRECTION('',(1.,0.,-0.));
#3364 = SHELL_BASED_SURFACE_MODEL('',(#3365));
#3365 = OPEN_SHELL('',(#3366));
#3366 = ADVANCED_FACE('',(#3367),#3418,.T.);
#3367 = FACE_BOUND('',#3368,.F.);
#3368 = EDGE_LOOP('',(#3369,#3380,#3388,#3396,#3404,#3412));
#3369 = ORIENTED_EDGE('',*,*,#3370,.T.);
#3370 = EDGE_CURVE('',#3371,#3373,#3375,.T.);
#3371 = VERTEX_POINT('',#3372);
#3372 = CARTESIAN_POINT('',(142.673504,-97.647118,1.585));
#3373 = VERTEX_POINT('',#3374);
#3374 = CARTESIAN_POINT('',(142.673504,-97.352882,1.585));
#3375 = CIRCLE('',#3376,0.150000292066);
#3376 = AXIS2_PLACEMENT_3D('',#3377,#3378,#3379);
#3377 = CARTESIAN_POINT('',(142.702768,-97.5,1.585));
#3378 = DIRECTION('',(0.,0.,-1.));
#3379 = DIRECTION('',(-0.195092953466,-0.980784756972,-0.));
#3380 = ORIENTED_EDGE('',*,*,#3381,.T.);
#3381 = EDGE_CURVE('',#3373,#3382,#3384,.T.);
#3382 = VERTEX_POINT('',#3383);
#3383 = CARTESIAN_POINT('',(146.482032,-97.352882,1.585));
#3384 = LINE('',#3385,#3386);
#3385 = CARTESIAN_POINT('',(142.673504,-97.352882,1.585));
#3386 = VECTOR('',#3387,1.);
#3387 = DIRECTION('',(1.,0.,0.));
#3388 = ORIENTED_EDGE('',*,*,#3389,.T.);
#3389 = EDGE_CURVE('',#3382,#3390,#3392,.T.);
#3390 = VERTEX_POINT('',#3391);
#3391 = CARTESIAN_POINT('',(146.504216,-97.362071,1.585));
#3392 = LINE('',#3393,#3394);
#3393 = CARTESIAN_POINT('',(146.482032,-97.352882,1.585));
#3394 = VECTOR('',#3395,1.);
#3395 = DIRECTION('',(0.923878261337,-0.382686501236,0.));
#3396 = ORIENTED_EDGE('',*,*,#3397,.T.);
#3397 = EDGE_CURVE('',#3390,#3398,#3400,.T.);
#3398 = VERTEX_POINT('',#3399);
#3399 = CARTESIAN_POINT('',(146.504216,-97.637928,1.585));
#3400 = LINE('',#3401,#3402);
#3401 = CARTESIAN_POINT('',(146.504216,-97.362071,1.585));
#3402 = VECTOR('',#3403,1.);
#3403 = DIRECTION('',(0.,-1.,0.));
#3404 = ORIENTED_EDGE('',*,*,#3405,.T.);
#3405 = EDGE_CURVE('',#3398,#3406,#3408,.T.);
#3406 = VERTEX_POINT('',#3407);
#3407 = CARTESIAN_POINT('',(146.482032,-97.647118,1.585));
#3408 = LINE('',#3409,#3410);
#3409 = CARTESIAN_POINT('',(146.504216,-97.637928,1.585));
#3410 = VECTOR('',#3411,1.);
#3411 = DIRECTION('',(-0.923863536652,-0.382722047504,0.));
#3412 = ORIENTED_EDGE('',*,*,#3413,.T.);
#3413 = EDGE_CURVE('',#3406,#3371,#3414,.T.);
#3414 = LINE('',#3415,#3416);
#3415 = CARTESIAN_POINT('',(146.482032,-97.647118,1.585));
#3416 = VECTOR('',#3417,1.);
#3417 = DIRECTION('',(-1.,0.,0.));
#3418 = PLANE('',#3419);
#3419 = AXIS2_PLACEMENT_3D('',#3420,#3421,#3422);
#3420 = CARTESIAN_POINT('',(0.,0.,1.585));
#3421 = DIRECTION('',(0.,0.,1.));
#3422 = DIRECTION('',(1.,0.,-0.));
#3423 = SHELL_BASED_SURFACE_MODEL('',(#3424));
#3424 = OPEN_SHELL('',(#3425));
#3425 = ADVANCED_FACE('',(#3426),#3461,.T.);
#3426 = FACE_BOUND('',#3427,.F.);
#3427 = EDGE_LOOP('',(#3428,#3438,#3446,#3455));
#3428 = ORIENTED_EDGE('',*,*,#3429,.T.);
#3429 = EDGE_CURVE('',#3430,#3432,#3434,.T.);
#3430 = VERTEX_POINT('',#3431);
#3431 = CARTESIAN_POINT('',(153.495784,-97.647118,1.585));
#3432 = VERTEX_POINT('',#3433);
#3433 = CARTESIAN_POINT('',(153.495784,-97.352882,1.585));
#3434 = LINE('',#3435,#3436);
#3435 = CARTESIAN_POINT('',(153.495784,-97.647118,1.585));
#3436 = VECTOR('',#3437,1.);
#3437 = DIRECTION('',(0.,1.,0.));
#3438 = ORIENTED_EDGE('',*,*,#3439,.T.);
#3439 = EDGE_CURVE('',#3432,#3440,#3442,.T.);
#3440 = VERTEX_POINT('',#3441);
#3441 = CARTESIAN_POINT('',(157.232032,-97.352882,1.585));
#3442 = LINE('',#3443,#3444);
#3443 = CARTESIAN_POINT('',(153.495784,-97.352882,1.585));
#3444 = VECTOR('',#3445,1.);
#3445 = DIRECTION('',(1.,0.,0.));
#3446 = ORIENTED_EDGE('',*,*,#3447,.T.);
#3447 = EDGE_CURVE('',#3440,#3448,#3450,.T.);
#3448 = VERTEX_POINT('',#3449);
#3449 = CARTESIAN_POINT('',(157.232032,-97.647118,1.585));
#3450 = CIRCLE('',#3451,0.150000292066);
#3451 = AXIS2_PLACEMENT_3D('',#3452,#3453,#3454);
#3452 = CARTESIAN_POINT('',(157.202768,-97.5,1.585));
#3453 = DIRECTION('',(0.,0.,-1.));
#3454 = DIRECTION('',(0.195092953466,0.980784756972,0.));
#3455 = ORIENTED_EDGE('',*,*,#3456,.T.);
#3456 = EDGE_CURVE('',#3448,#3430,#3457,.T.);
#3457 = LINE('',#3458,#3459);
#3458 = CARTESIAN_POINT('',(157.232032,-97.647118,1.585));
#3459 = VECTOR('',#3460,1.);
#3460 = DIRECTION('',(-1.,0.,0.));
#3461 = PLANE('',#3462);
#3462 = AXIS2_PLACEMENT_3D('',#3463,#3464,#3465);
#3463 = CARTESIAN_POINT('',(0.,0.,1.585));
#3464 = DIRECTION('',(0.,0.,1.));
#3465 = DIRECTION('',(1.,0.,-0.));
#3466 = SHELL_BASED_SURFACE_MODEL('',(#3467));
#3467 = OPEN_SHELL('',(#3468));
#3468 = ADVANCED_FACE('',(#3469),#3528,.T.);
#3469 = FACE_BOUND('',#3470,.F.);
#3470 = EDGE_LOOP('',(#3471,#3481,#3489,#3497,#3505,#3513,#3522));
#3471 = ORIENTED_EDGE('',*,*,#3472,.T.);
#3472 = EDGE_CURVE('',#3473,#3475,#3477,.T.);
#3473 = VERTEX_POINT('',#3474);
#3474 = CARTESIAN_POINT('',(146.616256,-96.504446,1.585));
#3475 = VERTEX_POINT('',#3476);
#3476 = CARTESIAN_POINT('',(146.642747,-96.524773,1.585));
#3477 = LINE('',#3478,#3479);
#3478 = CARTESIAN_POINT('',(146.616256,-96.504446,1.585));
#3479 = VECTOR('',#3480,1.);
#3480 = DIRECTION('',(0.793357089866,-0.608756542437,0.));
#3481 = ORIENTED_EDGE('',*,*,#3482,.T.);
#3482 = EDGE_CURVE('',#3475,#3483,#3485,.T.);
#3483 = VERTEX_POINT('',#3484);
#3484 = CARTESIAN_POINT('',(146.604891,-96.649568,1.585));
#3485 = LINE('',#3486,#3487);
#3486 = CARTESIAN_POINT('',(146.642747,-96.524773,1.585));
#3487 = VECTOR('',#3488,1.);
#3488 = DIRECTION('',(-0.29028362831,-0.956940653925,0.));
#3489 = ORIENTED_EDGE('',*,*,#3490,.T.);
#3490 = EDGE_CURVE('',#3483,#3491,#3493,.T.);
#3491 = VERTEX_POINT('',#3492);
#3492 = CARTESIAN_POINT('',(146.596891,-96.689785,1.585));
#3493 = LINE('',#3494,#3495);
#3494 = CARTESIAN_POINT('',(146.604891,-96.649568,1.585));
#3495 = VECTOR('',#3496,1.);
#3496 = DIRECTION('',(-0.195098329097,-0.980783687662,0.));
#3497 = ORIENTED_EDGE('',*,*,#3498,.T.);
#3498 = EDGE_CURVE('',#3491,#3499,#3501,.T.);
#3499 = VERTEX_POINT('',#3500);
#3500 = CARTESIAN_POINT('',(146.565486,-96.69392,1.585));
#3501 = LINE('',#3502,#3503);
#3502 = CARTESIAN_POINT('',(146.596891,-96.689785,1.585));
#3503 = VECTOR('',#3504,1.);
#3504 = DIRECTION('',(-0.991443009305,-0.130540259305,0.));
#3505 = ORIENTED_EDGE('',*,*,#3506,.T.);
#3506 = EDGE_CURVE('',#3499,#3507,#3509,.T.);
#3507 = VERTEX_POINT('',#3508);
#3508 = CARTESIAN_POINT('',(143.388539,-95.84266,1.585));
#3509 = LINE('',#3510,#3511);
#3510 = CARTESIAN_POINT('',(146.565486,-96.69392,1.585));
#3511 = VECTOR('',#3512,1.);
#3512 = DIRECTION('',(-0.965925855405,0.258818936442,0.));
#3513 = ORIENTED_EDGE('',*,*,#3514,.T.);
#3514 = EDGE_CURVE('',#3507,#3515,#3517,.T.);
#3515 = VERTEX_POINT('',#3516);
#3516 = CARTESIAN_POINT('',(143.45865,-95.656379,1.585));
#3517 = CIRCLE('',#3518,0.100000663228);
#3518 = AXIS2_PLACEMENT_3D('',#3519,#3520,#3521);
#3519 = CARTESIAN_POINT('',(143.43276885574,-95.75297247295,1.585));
#3520 = DIRECTION('',(0.,0.,-1.));
#3521 = DIRECTION('',(-0.442295623991,-0.896869322142,-0.));
#3522 = ORIENTED_EDGE('',*,*,#3523,.T.);
#3523 = EDGE_CURVE('',#3515,#3473,#3524,.T.);
#3524 = LINE('',#3525,#3526);
#3525 = CARTESIAN_POINT('',(143.45865,-95.656379,1.585));
#3526 = VECTOR('',#3527,1.);
#3527 = DIRECTION('',(0.965773570789,-0.259386603287,0.));
#3528 = PLANE('',#3529);
#3529 = AXIS2_PLACEMENT_3D('',#3530,#3531,#3532);
#3530 = CARTESIAN_POINT('',(0.,0.,1.585));
#3531 = DIRECTION('',(0.,0.,1.));
#3532 = DIRECTION('',(1.,0.,-0.));
#3533 = SHELL_BASED_SURFACE_MODEL('',(#3534));
#3534 = OPEN_SHELL('',(#3535));
#3535 = ADVANCED_FACE('',(#3536),#3579,.T.);
#3536 = FACE_BOUND('',#3537,.F.);
#3537 = EDGE_LOOP('',(#3538,#3548,#3556,#3565,#3573));
#3538 = ORIENTED_EDGE('',*,*,#3539,.T.);
#3539 = EDGE_CURVE('',#3540,#3542,#3544,.T.);
#3540 = VERTEX_POINT('',#3541);
#3541 = CARTESIAN_POINT('',(153.395109,-96.649568,1.585));
#3542 = VERTEX_POINT('',#3543);
#3543 = CARTESIAN_POINT('',(153.34644,-96.489129,1.585));
#3544 = LINE('',#3545,#3546);
#3545 = CARTESIAN_POINT('',(153.395109,-96.649568,1.585));
#3546 = VECTOR('',#3547,1.);
#3547 = DIRECTION('',(-0.290286651344,0.956939736896,0.));
#3548 = ORIENTED_EDGE('',*,*,#3549,.T.);
#3549 = EDGE_CURVE('',#3542,#3550,#3552,.T.);
#3550 = VERTEX_POINT('',#3551);
#3551 = CARTESIAN_POINT('',(156.466226,-95.653186,1.585));
#3552 = LINE('',#3553,#3554);
#3553 = CARTESIAN_POINT('',(153.34644,-96.489129,1.585));
#3554 = VECTOR('',#3555,1.);
#3555 = DIRECTION('',(0.965925914471,0.258818716002,0.));
#3556 = ORIENTED_EDGE('',*,*,#3557,.T.);
#3557 = EDGE_CURVE('',#3550,#3558,#3560,.T.);
#3558 = VERTEX_POINT('',#3559);
#3559 = CARTESIAN_POINT('',(156.516996,-95.84266,1.585));
#3560 = CIRCLE('',#3561,0.100000347819);
#3561 = AXIS2_PLACEMENT_3D('',#3562,#3563,#3564);
#3562 = CARTESIAN_POINT('',(156.47276748357,-95.75297216415,1.585));
#3563 = DIRECTION('',(0.,0.,-1.));
#3564 = DIRECTION('',(-6.541460824581E-02,0.997858170798,-0.));
#3565 = ORIENTED_EDGE('',*,*,#3566,.T.);
#3566 = EDGE_CURVE('',#3558,#3567,#3569,.T.);
#3567 = VERTEX_POINT('',#3568);
#3568 = CARTESIAN_POINT('',(153.400698,-96.677668,1.585));
#3569 = LINE('',#3570,#3571);
#3570 = CARTESIAN_POINT('',(156.516996,-95.84266,1.585));
#3571 = VECTOR('',#3572,1.);
#3572 = DIRECTION('',(-0.96592594504,-0.258818601917,0.));
#3573 = ORIENTED_EDGE('',*,*,#3574,.T.);
#3574 = EDGE_CURVE('',#3567,#3540,#3575,.T.);
#3575 = LINE('',#3576,#3577);
#3576 = CARTESIAN_POINT('',(153.400698,-96.677668,1.585));
#3577 = VECTOR('',#3578,1.);
#3578 = DIRECTION('',(-0.195075632122,0.980788202291,0.));
#3579 = PLANE('',#3580);
#3580 = AXIS2_PLACEMENT_3D('',#3581,#3582,#3583);
#3581 = CARTESIAN_POINT('',(0.,0.,1.585));
#3582 = DIRECTION('',(0.,0.,1.));
#3583 = DIRECTION('',(1.,0.,-0.));
#3584 = SHELL_BASED_SURFACE_MODEL('',(#3585));
#3585 = OPEN_SHELL('',(#3586));
#3586 = ADVANCED_FACE('',(#3587),#3646,.T.);
#3587 = FACE_BOUND('',#3588,.F.);
#3588 = EDGE_LOOP('',(#3589,#3599,#3607,#3615,#3623,#3631,#3640));
#3589 = ORIENTED_EDGE('',*,*,#3590,.T.);
#3590 = EDGE_CURVE('',#3591,#3593,#3595,.T.);
#3591 = VERTEX_POINT('',#3592);
#3592 = CARTESIAN_POINT('',(146.987613,-95.674815,1.585));
#3593 = VERTEX_POINT('',#3594);
#3594 = CARTESIAN_POINT('',(147.002361,-95.694036,1.585));
#3595 = LINE('',#3596,#3597);
#3596 = CARTESIAN_POINT('',(146.987613,-95.674815,1.585));
#3597 = VECTOR('',#3598,1.);
#3598 = DIRECTION('',(0.608740852019,-0.793369129147,0.));
#3599 = ORIENTED_EDGE('',*,*,#3600,.T.);
#3600 = EDGE_CURVE('',#3593,#3601,#3603,.T.);
#3601 = VERTEX_POINT('',#3602);
#3602 = CARTESIAN_POINT('',(146.99795,-95.700639,1.585));
#3603 = LINE('',#3604,#3605);
#3604 = CARTESIAN_POINT('',(147.002361,-95.694036,1.585));
#3605 = VECTOR('',#3606,1.);
#3606 = DIRECTION('',(-0.555484600756,-0.831526823574,0.));
#3607 = ORIENTED_EDGE('',*,*,#3608,.T.);
#3608 = EDGE_CURVE('',#3601,#3609,#3611,.T.);
#3609 = VERTEX_POINT('',#3610);
#3610 = CARTESIAN_POINT('',(146.918885,-95.848557,1.585));
#3611 = LINE('',#3612,#3613);
#3612 = CARTESIAN_POINT('',(146.99795,-95.700639,1.585));
#3613 = VECTOR('',#3614,1.);
#3614 = DIRECTION('',(-0.471402217165,-0.881918335024,0.));
#3615 = ORIENTED_EDGE('',*,*,#3616,.T.);
#3616 = EDGE_CURVE('',#3609,#3617,#3619,.T.);
#3617 = VERTEX_POINT('',#3618);
#3618 = CARTESIAN_POINT('',(146.889534,-95.844693,1.585));
#3619 = LINE('',#3620,#3621);
#3620 = CARTESIAN_POINT('',(146.918885,-95.848557,1.585));
#3621 = VECTOR('',#3622,1.);
#3622 = DIRECTION('',(-0.991445440374,0.130521794201,0.));
#3623 = ORIENTED_EDGE('',*,*,#3624,.T.);
#3624 = EDGE_CURVE('',#3617,#3625,#3627,.T.);
#3625 = VERTEX_POINT('',#3626);
#3626 = CARTESIAN_POINT('',(144.041161,-94.200184,1.585));
#3627 = LINE('',#3628,#3629);
#3628 = CARTESIAN_POINT('',(146.889534,-95.844693,1.585));
#3629 = VECTOR('',#3630,1.);
#3630 = DIRECTION('',(-0.866025393029,0.50000001863,0.));
#3631 = ORIENTED_EDGE('',*,*,#3632,.T.);
#3632 = EDGE_CURVE('',#3625,#3633,#3635,.T.);
#3633 = VERTEX_POINT('',#3634);
#3634 = CARTESIAN_POINT('',(144.13924,-94.030307,1.585));
#3635 = CIRCLE('',#3636,0.100000191056);
#3636 = AXIS2_PLACEMENT_3D('',#3637,#3638,#3639);
#3637 = CARTESIAN_POINT('',(144.10709611984,-94.12500023724,1.585));
#3638 = DIRECTION('',(0.,0.,-1.));
#3639 = DIRECTION('',(-0.659349938755,-0.75183619111,-0.));
#3640 = ORIENTED_EDGE('',*,*,#3641,.T.);
#3641 = EDGE_CURVE('',#3633,#3591,#3642,.T.);
#3642 = LINE('',#3643,#3644);
#3643 = CARTESIAN_POINT('',(144.13924,-94.030307,1.585));
#3644 = VECTOR('',#3645,1.);
#3645 = DIRECTION('',(0.866025524683,-0.499999790598,0.));
#3646 = PLANE('',#3647);
#3647 = AXIS2_PLACEMENT_3D('',#3648,#3649,#3650);
#3648 = CARTESIAN_POINT('',(0.,0.,1.585));
#3649 = DIRECTION('',(0.,0.,1.));
#3650 = DIRECTION('',(1.,0.,-0.));
#3651 = SHELL_BASED_SURFACE_MODEL('',(#3652));
#3652 = OPEN_SHELL('',(#3653));
#3653 = ADVANCED_FACE('',(#3654),#3697,.T.);
#3654 = FACE_BOUND('',#3655,.F.);
#3655 = EDGE_LOOP('',(#3656,#3666,#3675,#3683,#3691));
#3656 = ORIENTED_EDGE('',*,*,#3657,.T.);
#3657 = EDGE_CURVE('',#3658,#3660,#3662,.T.);
#3658 = VERTEX_POINT('',#3659);
#3659 = CARTESIAN_POINT('',(152.966178,-95.646954,1.585));
#3660 = VERTEX_POINT('',#3661);
#3661 = CARTESIAN_POINT('',(155.766294,-94.030307,1.585));
#3662 = LINE('',#3663,#3664);
#3663 = CARTESIAN_POINT('',(152.966178,-95.646954,1.585));
#3664 = VECTOR('',#3665,1.);
#3665 = DIRECTION('',(0.866025501061,0.499999831512,0.));
#3666 = ORIENTED_EDGE('',*,*,#3667,.T.);
#3667 = EDGE_CURVE('',#3660,#3668,#3670,.T.);
#3668 = VERTEX_POINT('',#3669);
#3669 = CARTESIAN_POINT('',(155.864373,-94.200185,1.585));
#3670 = CIRCLE('',#3671,0.100000369189);
#3671 = AXIS2_PLACEMENT_3D('',#3672,#3673,#3674);
#3672 = CARTESIAN_POINT('',(155.79843894981,-94.12500006225,1.585));
#3673 = DIRECTION('',(0.,0.,-1.));
#3674 = DIRECTION('',(-0.321448311344,0.946927126623,-0.));
#3675 = ORIENTED_EDGE('',*,*,#3676,.T.);
#3676 = EDGE_CURVE('',#3668,#3677,#3679,.T.);
#3677 = VERTEX_POINT('',#3678);
#3678 = CARTESIAN_POINT('',(153.06418,-95.816876,1.585));
#3679 = LINE('',#3680,#3681);
#3680 = CARTESIAN_POINT('',(155.864373,-94.200185,1.585));
#3681 = VECTOR('',#3682,1.);
#3682 = DIRECTION('',(-0.866025562122,-0.499999725752,0.));
#3683 = ORIENTED_EDGE('',*,*,#3684,.T.);
#3684 = EDGE_CURVE('',#3677,#3685,#3687,.T.);
#3685 = VERTEX_POINT('',#3686);
#3686 = CARTESIAN_POINT('',(153.00205,-95.700639,1.585));
#3687 = LINE('',#3688,#3689);
#3688 = CARTESIAN_POINT('',(153.06418,-95.816876,1.585));
#3689 = VECTOR('',#3690,1.);
#3690 = DIRECTION('',(-0.471396908497,0.881921172588,0.));
#3691 = ORIENTED_EDGE('',*,*,#3692,.T.);
#3692 = EDGE_CURVE('',#3685,#3658,#3693,.T.);
#3693 = LINE('',#3694,#3695);
#3694 = CARTESIAN_POINT('',(153.00205,-95.700639,1.585));
#3695 = VECTOR('',#3696,1.);
#3696 = DIRECTION('',(-0.555579118218,0.831463675334,0.));
#3697 = PLANE('',#3698);
#3698 = AXIS2_PLACEMENT_3D('',#3699,#3700,#3701);
#3699 = CARTESIAN_POINT('',(0.,0.,1.585));
#3700 = DIRECTION('',(0.,0.,1.));
#3701 = DIRECTION('',(1.,0.,-0.));
#3702 = SHELL_BASED_SURFACE_MODEL('',(#3703));
#3703 = OPEN_SHELL('',(#3704));
#3704 = ADVANCED_FACE('',(#3705),#3764,.T.);
#3705 = FACE_BOUND('',#3706,.F.);
#3706 = EDGE_LOOP('',(#3707,#3717,#3725,#3733,#3741,#3749,#3758));
#3707 = ORIENTED_EDGE('',*,*,#3708,.T.);
#3708 = EDGE_CURVE('',#3709,#3711,#3713,.T.);
#3709 = VERTEX_POINT('',#3710);
#3710 = CARTESIAN_POINT('',(147.602615,-94.941792,1.585));
#3711 = VERTEX_POINT('',#3712);
#3712 = CARTESIAN_POINT('',(147.606073,-94.95014,1.585));
#3713 = LINE('',#3714,#3715);
#3714 = CARTESIAN_POINT('',(147.602615,-94.941792,1.585));
#3715 = VECTOR('',#3716,1.);
#3716 = DIRECTION('',(0.382697146562,-0.923873851786,0.));
#3717 = ORIENTED_EDGE('',*,*,#3718,.T.);
#3718 = EDGE_CURVE('',#3711,#3719,#3721,.T.);
#3719 = VERTEX_POINT('',#3720);
#3720 = CARTESIAN_POINT('',(147.406671,-95.149543,1.585));
#3721 = LINE('',#3722,#3723);
#3722 = CARTESIAN_POINT('',(147.606073,-94.95014,1.585));
#3723 = VECTOR('',#3724,1.);
#3724 = DIRECTION('',(-0.70710500812,-0.707108554248,0.));
#3725 = ORIENTED_EDGE('',*,*,#3726,.T.);
#3726 = EDGE_CURVE('',#3719,#3727,#3729,.T.);
#3727 = VERTEX_POINT('',#3728);
#3728 = CARTESIAN_POINT('',(147.403411,-95.153514,1.585));
#3729 = LINE('',#3730,#3731);
#3730 = CARTESIAN_POINT('',(147.406671,-95.149543,1.585));
#3731 = VECTOR('',#3732,1.);
#3732 = DIRECTION('',(-0.634519410904,-0.7729069266,0.));
#3733 = ORIENTED_EDGE('',*,*,#3734,.T.);
#3734 = EDGE_CURVE('',#3727,#3735,#3737,.T.);
#3735 = VERTEX_POINT('',#3736);
#3736 = CARTESIAN_POINT('',(147.394559,-95.149848,1.585));
#3737 = LINE('',#3738,#3739);
#3738 = CARTESIAN_POINT('',(147.403411,-95.153514,1.585));
#3739 = VECTOR('',#3740,1.);
#3740 = DIRECTION('',(-0.923902352525,0.382628335331,0.));
#3741 = ORIENTED_EDGE('',*,*,#3742,.T.);
#3742 = EDGE_CURVE('',#3735,#3743,#3745,.T.);
#3743 = VERTEX_POINT('',#3744);
#3744 = CARTESIAN_POINT('',(144.701522,-92.456811,1.585));
#3745 = LINE('',#3746,#3747);
#3746 = CARTESIAN_POINT('',(147.394559,-95.149848,1.585));
#3747 = VECTOR('',#3748,1.);
#3748 = DIRECTION('',(-0.707106781187,0.707106781187,0.));
#3749 = ORIENTED_EDGE('',*,*,#3750,.T.);
#3750 = EDGE_CURVE('',#3743,#3751,#3753,.T.);
#3751 = VERTEX_POINT('',#3752);
#3752 = CARTESIAN_POINT('',(144.909578,-92.248755,1.585));
#3753 = CIRCLE('',#3754,0.150000188319);
#3754 = AXIS2_PLACEMENT_3D('',#3755,#3756,#3757);
#3755 = CARTESIAN_POINT('',(144.82624307768,-92.37347607768,1.585));
#3756 = DIRECTION('',(0.,0.,-1.));
#3757 = DIRECTION('',(-0.831472807322,-0.555565451305,-0.));
#3758 = ORIENTED_EDGE('',*,*,#3759,.T.);
#3759 = EDGE_CURVE('',#3751,#3709,#3760,.T.);
#3760 = LINE('',#3761,#3762);
#3761 = CARTESIAN_POINT('',(144.909578,-92.248755,1.585));
#3762 = VECTOR('',#3763,1.);
#3763 = DIRECTION('',(0.707106781187,-0.707106781187,0.));
#3764 = PLANE('',#3765);
#3765 = AXIS2_PLACEMENT_3D('',#3766,#3767,#3768);
#3766 = CARTESIAN_POINT('',(0.,0.,1.585));
#3767 = DIRECTION('',(0.,0.,1.));
#3768 = DIRECTION('',(1.,0.,-0.));
#3769 = SHELL_BASED_SURFACE_MODEL('',(#3770));
#3770 = OPEN_SHELL('',(#3771));
#3771 = ADVANCED_FACE('',(#3772),#3815,.T.);
#3772 = FACE_BOUND('',#3773,.F.);
#3773 = EDGE_LOOP('',(#3774,#3785,#3793,#3801,#3809));
#3774 = ORIENTED_EDGE('',*,*,#3775,.T.);
#3775 = EDGE_CURVE('',#3776,#3778,#3780,.T.);
#3776 = VERTEX_POINT('',#3777);
#3777 = CARTESIAN_POINT('',(154.995957,-92.248755,1.585));
#3778 = VERTEX_POINT('',#3779);
#3779 = CARTESIAN_POINT('',(155.204013,-92.456811,1.585));
#3780 = CIRCLE('',#3781,0.150000166887);
#3781 = AXIS2_PLACEMENT_3D('',#3782,#3783,#3784);
#3782 = CARTESIAN_POINT('',(155.079292,-92.373476,1.585));
#3783 = DIRECTION('',(0.,0.,-1.));
#3784 = DIRECTION('',(-0.555566048557,0.831472408256,0.));
#3785 = ORIENTED_EDGE('',*,*,#3786,.T.);
#3786 = EDGE_CURVE('',#3778,#3787,#3789,.T.);
#3787 = VERTEX_POINT('',#3788);
#3788 = CARTESIAN_POINT('',(152.552305,-95.108519,1.585));
#3789 = LINE('',#3790,#3791);
#3790 = CARTESIAN_POINT('',(155.204013,-92.456811,1.585));
#3791 = VECTOR('',#3792,1.);
#3792 = DIRECTION('',(-0.707106781187,-0.707106781187,0.));
#3793 = ORIENTED_EDGE('',*,*,#3794,.T.);
#3794 = EDGE_CURVE('',#3787,#3795,#3797,.T.);
#3795 = VERTEX_POINT('',#3796);
#3796 = CARTESIAN_POINT('',(152.350456,-94.90667,1.585));
#3797 = LINE('',#3798,#3799);
#3798 = CARTESIAN_POINT('',(152.552305,-95.108519,1.585));
#3799 = VECTOR('',#3800,1.);
#3800 = DIRECTION('',(-0.707106781187,0.707106781187,0.));
#3801 = ORIENTED_EDGE('',*,*,#3802,.T.);
#3802 = EDGE_CURVE('',#3795,#3803,#3805,.T.);
#3803 = VERTEX_POINT('',#3804);
#3804 = CARTESIAN_POINT('',(152.343637,-94.901074,1.585));
#3805 = LINE('',#3806,#3807);
#3806 = CARTESIAN_POINT('',(152.350456,-94.90667,1.585));
#3807 = VECTOR('',#3808,1.);
#3808 = DIRECTION('',(-0.773022053951,0.634379148543,0.));
#3809 = ORIENTED_EDGE('',*,*,#3810,.T.);
#3810 = EDGE_CURVE('',#3803,#3776,#3811,.T.);
#3811 = LINE('',#3812,#3813);
#3812 = CARTESIAN_POINT('',(152.343637,-94.901074,1.585));
#3813 = VECTOR('',#3814,1.);
#3814 = DIRECTION('',(0.707106914486,0.707106647887,0.));
#3815 = PLANE('',#3816);
#3816 = AXIS2_PLACEMENT_3D('',#3817,#3818,#3819);
#3817 = CARTESIAN_POINT('',(0.,0.,1.585));
#3818 = DIRECTION('',(0.,0.,1.));
#3819 = DIRECTION('',(1.,0.,-0.));
#3820 = SHELL_BASED_SURFACE_MODEL('',(#3821));
#3821 = OPEN_SHELL('',(#3822));
#3822 = ADVANCED_FACE('',(#3823),#3882,.T.);
#3823 = FACE_BOUND('',#3824,.F.);
#3824 = EDGE_LOOP('',(#3825,#3835,#3843,#3851,#3859,#3867,#3876));
#3825 = ORIENTED_EDGE('',*,*,#3826,.T.);
#3826 = EDGE_CURVE('',#3827,#3829,#3831,.T.);
#3827 = VERTEX_POINT('',#3828);
#3828 = CARTESIAN_POINT('',(148.297461,-94.436767,1.585));
#3829 = VERTEX_POINT('',#3830);
#3830 = CARTESIAN_POINT('',(148.29862,-94.445576,1.585));
#3831 = LINE('',#3832,#3833);
#3832 = CARTESIAN_POINT('',(148.297461,-94.436767,1.585));
#3833 = VECTOR('',#3834,1.);
#3834 = DIRECTION('',(0.130445778235,-0.991455444758,0.));
#3835 = ORIENTED_EDGE('',*,*,#3836,.T.);
#3836 = EDGE_CURVE('',#3829,#3837,#3839,.T.);
#3837 = VERTEX_POINT('',#3838);
#3838 = CARTESIAN_POINT('',(148.20064,-94.497949,1.585));
#3839 = LINE('',#3840,#3841);
#3840 = CARTESIAN_POINT('',(148.29862,-94.445576,1.585));
#3841 = VECTOR('',#3842,1.);
#3842 = DIRECTION('',(-0.881915281167,-0.4714079304,0.));
#3843 = ORIENTED_EDGE('',*,*,#3844,.T.);
#3844 = EDGE_CURVE('',#3837,#3845,#3847,.T.);
#3845 = VERTEX_POINT('',#3846);
#3846 = CARTESIAN_POINT('',(148.135885,-94.541216,1.585));
#3847 = LINE('',#3848,#3849);
#3848 = CARTESIAN_POINT('',(148.20064,-94.497949,1.585));
#3849 = VECTOR('',#3850,1.);
#3850 = DIRECTION('',(-0.831474996236,-0.555562175309,0.));
#3851 = ORIENTED_EDGE('',*,*,#3852,.T.);
#3852 = EDGE_CURVE('',#3845,#3853,#3855,.T.);
#3853 = VERTEX_POINT('',#3854);
#3854 = CARTESIAN_POINT('',(148.127583,-94.534846,1.585));
#3855 = LINE('',#3856,#3857);
#3856 = CARTESIAN_POINT('',(148.135885,-94.541216,1.585));
#3857 = VECTOR('',#3858,1.);
#3858 = DIRECTION('',(-0.793369431696,0.608740457708,0.));
#3859 = ORIENTED_EDGE('',*,*,#3860,.T.);
#3860 = EDGE_CURVE('',#3853,#3861,#3863,.T.);
#3861 = VERTEX_POINT('',#3862);
#3862 = CARTESIAN_POINT('',(146.483075,-91.686473,1.585));
#3863 = LINE('',#3864,#3865);
#3864 = CARTESIAN_POINT('',(148.127583,-94.534846,1.585));
#3865 = VECTOR('',#3866,1.);
#3866 = DIRECTION('',(-0.499999790598,0.866025524683,0.));
#3867 = ORIENTED_EDGE('',*,*,#3868,.T.);
#3868 = EDGE_CURVE('',#3861,#3869,#3871,.T.);
#3869 = VERTEX_POINT('',#3870);
#3870 = CARTESIAN_POINT('',(146.652952,-91.588394,1.585));
#3871 = CIRCLE('',#3872,0.100000115017);
#3872 = AXIS2_PLACEMENT_3D('',#3873,#3874,#3875);
#3873 = CARTESIAN_POINT('',(146.57776804236,-91.6543287823,1.585));
#3874 = DIRECTION('',(0.,0.,-1.));
#3875 = DIRECTION('',(-0.946929334517,-0.321441807224,-0.));
#3876 = ORIENTED_EDGE('',*,*,#3877,.T.);
#3877 = EDGE_CURVE('',#3869,#3827,#3878,.T.);
#3878 = LINE('',#3879,#3880);
#3879 = CARTESIAN_POINT('',(146.652952,-91.588394,1.585));
#3880 = VECTOR('',#3881,1.);
#3881 = DIRECTION('',(0.50000001863,-0.866025393029,0.));
#3882 = PLANE('',#3883);
#3883 = AXIS2_PLACEMENT_3D('',#3884,#3885,#3886);
#3884 = CARTESIAN_POINT('',(0.,0.,1.585));
#3885 = DIRECTION('',(0.,0.,1.));
#3886 = DIRECTION('',(1.,0.,-0.));
#3887 = SHELL_BASED_SURFACE_MODEL('',(#3888));
#3888 = OPEN_SHELL('',(#3889));
#3889 = ADVANCED_FACE('',(#3890),#3925,.T.);
#3890 = FACE_BOUND('',#3891,.F.);
#3891 = EDGE_LOOP('',(#3892,#3903,#3911,#3919));
#3892 = ORIENTED_EDGE('',*,*,#3893,.T.);
#3893 = EDGE_CURVE('',#3894,#3896,#3898,.T.);
#3894 = VERTEX_POINT('',#3895);
#3895 = CARTESIAN_POINT('',(153.252583,-91.588395,1.585));
#3896 = VERTEX_POINT('',#3897);
#3897 = CARTESIAN_POINT('',(153.422461,-91.686474,1.585));
#3898 = CIRCLE('',#3899,0.100000442863);
#3899 = AXIS2_PLACEMENT_3D('',#3900,#3901,#3902);
#3900 = CARTESIAN_POINT('',(153.32776774891,-91.65432937725,1.585));
#3901 = DIRECTION('',(0.,0.,-1.));
#3902 = DIRECTION('',(-0.751844159514,0.659340852522,0.));
#3903 = ORIENTED_EDGE('',*,*,#3904,.T.);
#3904 = EDGE_CURVE('',#3896,#3905,#3907,.T.);
#3905 = VERTEX_POINT('',#3906);
#3906 = CARTESIAN_POINT('',(151.799279,-94.497906,1.585));
#3907 = LINE('',#3908,#3909);
#3908 = CARTESIAN_POINT('',(153.422461,-91.686474,1.585));
#3909 = VECTOR('',#3910,1.);
#3910 = DIRECTION('',(-0.500000225943,-0.866025273336,0.));
#3911 = ORIENTED_EDGE('',*,*,#3912,.T.);
#3912 = EDGE_CURVE('',#3905,#3913,#3915,.T.);
#3913 = VERTEX_POINT('',#3914);
#3914 = CARTESIAN_POINT('',(151.626191,-94.405388,1.585));
#3915 = LINE('',#3916,#3917);
#3916 = CARTESIAN_POINT('',(151.799279,-94.497906,1.585));
#3917 = VECTOR('',#3918,1.);
#3918 = DIRECTION('',(-0.8819201279,0.471398862966,0.));
#3919 = ORIENTED_EDGE('',*,*,#3920,.T.);
#3920 = EDGE_CURVE('',#3913,#3894,#3921,.T.);
#3921 = LINE('',#3922,#3923);
#3922 = CARTESIAN_POINT('',(151.626191,-94.405388,1.585));
#3923 = VECTOR('',#3924,1.);
#3924 = DIRECTION('',(0.500000076814,0.866025359436,0.));
#3925 = PLANE('',#3926);
#3926 = AXIS2_PLACEMENT_3D('',#3927,#3928,#3929);
#3927 = CARTESIAN_POINT('',(0.,0.,1.585));
#3928 = DIRECTION('',(0.,0.,1.));
#3929 = DIRECTION('',(1.,0.,-0.));
#3930 = SHELL_BASED_SURFACE_MODEL('',(#3931));
#3931 = OPEN_SHELL('',(#3932));
#3932 = ADVANCED_FACE('',(#3933),#3984,.T.);
#3933 = FACE_BOUND('',#3934,.F.);
#3934 = EDGE_LOOP('',(#3935,#3946,#3954,#3962,#3970,#3978));
#3935 = ORIENTED_EDGE('',*,*,#3936,.T.);
#3936 = EDGE_CURVE('',#3937,#3939,#3941,.T.);
#3937 = VERTEX_POINT('',#3938);
#3938 = CARTESIAN_POINT('',(148.130555,-90.914066,1.585));
#3939 = VERTEX_POINT('',#3940);
#3940 = CARTESIAN_POINT('',(148.295427,-90.935772,1.585));
#3941 = CIRCLE('',#3942,0.100001210234);
#3942 = AXIS2_PLACEMENT_3D('',#3943,#3944,#3945);
#3943 = CARTESIAN_POINT('',(148.20573908257,-90.98000230089,1.585));
#3944 = DIRECTION('',(0.,0.,-1.));
#3945 = DIRECTION('',(-0.751831726864,0.659355029161,0.));
#3946 = ORIENTED_EDGE('',*,*,#3947,.T.);
#3947 = EDGE_CURVE('',#3939,#3948,#3950,.T.);
#3948 = VERTEX_POINT('',#3949);
#3949 = CARTESIAN_POINT('',(149.144963,-94.106287,1.585));
#3950 = LINE('',#3951,#3952);
#3951 = CARTESIAN_POINT('',(148.295427,-90.935772,1.585));
#3952 = VECTOR('',#3953,1.);
#3953 = DIRECTION('',(0.258818779658,-0.965925897415,0.));
#3954 = ORIENTED_EDGE('',*,*,#3955,.T.);
#3955 = EDGE_CURVE('',#3948,#3956,#3958,.T.);
#3956 = VERTEX_POINT('',#3957);
#3957 = CARTESIAN_POINT('',(148.957151,-94.163259,1.585));
#3958 = LINE('',#3959,#3960);
#3959 = CARTESIAN_POINT('',(149.144963,-94.106287,1.585));
#3960 = VECTOR('',#3961,1.);
#3961 = DIRECTION('',(-0.956940544275,-0.290283989779,0.));
#3962 = ORIENTED_EDGE('',*,*,#3963,.T.);
#3963 = EDGE_CURVE('',#3956,#3964,#3966,.T.);
#3964 = VERTEX_POINT('',#3965);
#3965 = CARTESIAN_POINT('',(148.105953,-90.986541,1.585));
#3966 = LINE('',#3967,#3968);
#3967 = CARTESIAN_POINT('',(148.957151,-94.163259,1.585));
#3968 = VECTOR('',#3969,1.);
#3969 = DIRECTION('',(-0.258818754972,0.965925904029,0.));
#3970 = ORIENTED_EDGE('',*,*,#3971,.T.);
#3971 = EDGE_CURVE('',#3964,#3972,#3974,.T.);
#3972 = VERTEX_POINT('',#3973);
#3973 = CARTESIAN_POINT('',(148.111046,-90.947857,1.585));
#3974 = LINE('',#3975,#3976);
#3975 = CARTESIAN_POINT('',(148.105953,-90.986541,1.585));
#3976 = VECTOR('',#3977,1.);
#3977 = DIRECTION('',(0.130530091623,0.991444348,0.));
#3978 = ORIENTED_EDGE('',*,*,#3979,.T.);
#3979 = EDGE_CURVE('',#3972,#3937,#3980,.T.);
#3980 = LINE('',#3981,#3982);
#3981 = CARTESIAN_POINT('',(148.111046,-90.947857,1.585));
#3982 = VECTOR('',#3983,1.);
#3983 = DIRECTION('',(0.49999533015,0.866028099907,0.));
#3984 = PLANE('',#3985);
#3985 = AXIS2_PLACEMENT_3D('',#3986,#3987,#3988);
#3986 = CARTESIAN_POINT('',(0.,0.,1.585));
#3987 = DIRECTION('',(0.,0.,1.));
#3988 = DIRECTION('',(1.,0.,-0.));
#3989 = SHELL_BASED_SURFACE_MODEL('',(#3990));
#3990 = OPEN_SHELL('',(#3991));
#3991 = ADVANCED_FACE('',(#3992),#4043,.T.);
#3992 = FACE_BOUND('',#3993,.F.);
#3993 = EDGE_LOOP('',(#3994,#4005,#4013,#4021,#4029,#4037));
#3994 = ORIENTED_EDGE('',*,*,#3995,.T.);
#3995 = EDGE_CURVE('',#3996,#3998,#4000,.T.);
#3996 = VERTEX_POINT('',#3997);
#3997 = CARTESIAN_POINT('',(151.633861,-90.904817,1.585));
#3998 = VERTEX_POINT('',#3999);
#3999 = CARTESIAN_POINT('',(151.799582,-90.986542,1.585));
#4000 = CIRCLE('',#4001,9.999991917953E-02);
#4001 = AXIS2_PLACEMENT_3D('',#4002,#4003,#4004);
#4002 = CARTESIAN_POINT('',(151.6997962823,-90.98000025866,1.585));
#4003 = DIRECTION('',(0.,0.,-1.));
#4004 = DIRECTION('',(-0.659353355927,0.751833194285,0.));
#4005 = ORIENTED_EDGE('',*,*,#4006,.T.);
#4006 = EDGE_CURVE('',#3998,#4007,#4009,.T.);
#4007 = VERTEX_POINT('',#4008);
#4008 = CARTESIAN_POINT('',(150.955484,-94.136757,1.585));
#4009 = LINE('',#4010,#4011);
#4010 = CARTESIAN_POINT('',(151.799582,-90.986542,1.585));
#4011 = VECTOR('',#4012,1.);
#4012 = DIRECTION('',(-0.258819169481,-0.965925792962,0.));
#4013 = ORIENTED_EDGE('',*,*,#4014,.T.);
#4014 = EDGE_CURVE('',#4007,#4015,#4017,.T.);
#4015 = VERTEX_POINT('',#4016);
#4016 = CARTESIAN_POINT('',(150.850431,-94.10489,1.585));
#4017 = LINE('',#4018,#4019);
#4018 = CARTESIAN_POINT('',(150.955484,-94.136757,1.585));
#4019 = VECTOR('',#4020,1.);
#4020 = DIRECTION('',(-0.956941548164,0.290280680374,0.));
#4021 = ORIENTED_EDGE('',*,*,#4022,.T.);
#4022 = EDGE_CURVE('',#4015,#4023,#4025,.T.);
#4023 = VERTEX_POINT('',#4024);
#4024 = CARTESIAN_POINT('',(150.765474,-94.08799,1.585));
#4025 = LINE('',#4026,#4027);
#4026 = CARTESIAN_POINT('',(150.850431,-94.10489,1.585));
#4027 = VECTOR('',#4028,1.);
#4028 = DIRECTION('',(-0.980783066975,0.195101449343,0.));
#4029 = ORIENTED_EDGE('',*,*,#4030,.T.);
#4030 = EDGE_CURVE('',#4023,#4031,#4033,.T.);
#4031 = VERTEX_POINT('',#4032);
#4032 = CARTESIAN_POINT('',(151.610108,-90.935772,1.585));
#4033 = LINE('',#4034,#4035);
#4034 = CARTESIAN_POINT('',(150.765474,-94.08799,1.585));
#4035 = VECTOR('',#4036,1.);
#4036 = DIRECTION('',(0.258818968634,0.965925846779,0.));
#4037 = ORIENTED_EDGE('',*,*,#4038,.T.);
#4038 = EDGE_CURVE('',#4031,#3996,#4039,.T.);
#4039 = LINE('',#4040,#4041);
#4040 = CARTESIAN_POINT('',(151.610108,-90.935772,1.585));
#4041 = VECTOR('',#4042,1.);
#4042 = DIRECTION('',(0.608767769953,0.793348474673,0.));
#4043 = PLANE('',#4044);
#4044 = AXIS2_PLACEMENT_3D('',#4045,#4046,#4047);
#4045 = CARTESIAN_POINT('',(0.,0.,1.585));
#4046 = DIRECTION('',(0.,0.,1.));
#4047 = DIRECTION('',(1.,0.,-0.));
#4048 = SHELL_BASED_SURFACE_MODEL('',(#4049));
#4049 = OPEN_SHELL('',(#4050));
#4050 = ADVANCED_FACE('',(#4051),#4126,.T.);
#4051 = FACE_BOUND('',#4052,.F.);
#4052 = EDGE_LOOP('',(#4053,#4063,#4071,#4079,#4087,#4095,#4103,#4111,
    #4120));
#4053 = ORIENTED_EDGE('',*,*,#4054,.T.);
#4054 = EDGE_CURVE('',#4055,#4057,#4059,.T.);
#4055 = VERTEX_POINT('',#4056);
#4056 = CARTESIAN_POINT('',(150.202768,-94.,1.585));
#4057 = VERTEX_POINT('',#4058);
#4058 = CARTESIAN_POINT('',(150.202058,-94.007201,1.585));
#4059 = LINE('',#4060,#4061);
#4060 = CARTESIAN_POINT('',(150.202768,-94.,1.585));
#4061 = VECTOR('',#4062,1.);
#4062 = DIRECTION('',(-9.812162828441E-02,-0.995174429968,0.));
#4063 = ORIENTED_EDGE('',*,*,#4064,.T.);
#4064 = EDGE_CURVE('',#4057,#4065,#4067,.T.);
#4065 = VERTEX_POINT('',#4066);
#4066 = CARTESIAN_POINT('',(150.171737,-94.004215,1.585));
#4067 = LINE('',#4068,#4069);
#4068 = CARTESIAN_POINT('',(150.202058,-94.007201,1.585));
#4069 = VECTOR('',#4070,1.);
#4070 = DIRECTION('',(-0.995185872267,9.800550821487E-02,0.));
#4071 = ORIENTED_EDGE('',*,*,#4072,.T.);
#4072 = EDGE_CURVE('',#4065,#4073,#4075,.T.);
#4073 = VERTEX_POINT('',#4074);
#4074 = CARTESIAN_POINT('',(150.,-93.999999,1.585));
#4075 = LINE('',#4076,#4077);
#4076 = CARTESIAN_POINT('',(150.171737,-94.004215,1.585));
#4077 = VECTOR('',#4078,1.);
#4078 = DIRECTION('',(-0.999698805374,2.454177121677E-02,0.));
#4079 = ORIENTED_EDGE('',*,*,#4080,.T.);
#4080 = EDGE_CURVE('',#4073,#4081,#4083,.T.);
#4081 = VERTEX_POINT('',#4082);
#4082 = CARTESIAN_POINT('',(149.828263,-94.004215,1.585));
#4083 = LINE('',#4084,#4085);
#4084 = CARTESIAN_POINT('',(150.,-93.999999,1.585));
#4085 = VECTOR('',#4086,1.);
#4086 = DIRECTION('',(-0.999698805374,-2.454177121677E-02,0.));
#4087 = ORIENTED_EDGE('',*,*,#4088,.T.);
#4088 = EDGE_CURVE('',#4081,#4089,#4091,.T.);
#4089 = VERTEX_POINT('',#4090);
#4090 = CARTESIAN_POINT('',(149.704384,-94.016415,1.585));
#4091 = LINE('',#4092,#4093);
#4092 = CARTESIAN_POINT('',(149.828263,-94.004215,1.585));
#4093 = VECTOR('',#4094,1.);
#4094 = DIRECTION('',(-0.995185523245,-9.800905224927E-02,0.));
#4095 = ORIENTED_EDGE('',*,*,#4096,.T.);
#4096 = EDGE_CURVE('',#4089,#4097,#4099,.T.);
#4097 = VERTEX_POINT('',#4098);
#4098 = CARTESIAN_POINT('',(149.702768,-94.,1.585));
#4099 = LINE('',#4100,#4101);
#4100 = CARTESIAN_POINT('',(149.704384,-94.016415,1.585));
#4101 = VECTOR('',#4102,1.);
#4102 = DIRECTION('',(-9.79729244113E-02,0.995189080568,0.));
#4103 = ORIENTED_EDGE('',*,*,#4104,.T.);
#4104 = EDGE_CURVE('',#4097,#4105,#4107,.T.);
#4105 = VERTEX_POINT('',#4106);
#4106 = CARTESIAN_POINT('',(149.702768,-90.25,1.585));
#4107 = LINE('',#4108,#4109);
#4108 = CARTESIAN_POINT('',(149.702768,-94.,1.585));
#4109 = VECTOR('',#4110,1.);
#4110 = DIRECTION('',(0.,1.,0.));
#4111 = ORIENTED_EDGE('',*,*,#4112,.T.);
#4112 = EDGE_CURVE('',#4105,#4113,#4115,.T.);
#4113 = VERTEX_POINT('',#4114);
#4114 = CARTESIAN_POINT('',(150.202768,-90.25,1.585));
#4115 = CIRCLE('',#4116,0.250000000003);
#4116 = AXIS2_PLACEMENT_3D('',#4117,#4118,#4119);
#4117 = CARTESIAN_POINT('',(149.952768,-90.25000118974,1.585));
#4118 = DIRECTION('',(0.,0.,-1.));
#4119 = DIRECTION('',(-0.999999999989,4.758985710342E-06,0.));
#4120 = ORIENTED_EDGE('',*,*,#4121,.T.);
#4121 = EDGE_CURVE('',#4113,#4055,#4122,.T.);
#4122 = LINE('',#4123,#4124);
#4123 = CARTESIAN_POINT('',(150.202768,-90.25,1.585));
#4124 = VECTOR('',#4125,1.);
#4125 = DIRECTION('',(0.,-1.,0.));
#4126 = PLANE('',#4127);
#4127 = AXIS2_PLACEMENT_3D('',#4128,#4129,#4130);
#4128 = CARTESIAN_POINT('',(0.,0.,1.585));
#4129 = DIRECTION('',(0.,0.,1.));
#4130 = DIRECTION('',(1.,0.,-0.));
#4131 = SHELL_BASED_SURFACE_MODEL('',(#4132));
#4132 = OPEN_SHELL('',(#4133));
#4133 = ADVANCED_FACE('',(#4134),#4168,.T.);
#4134 = FACE_BOUND('',#4135,.F.);
#4135 = EDGE_LOOP('',(#4136,#4146,#4154,#4162));
#4136 = ORIENTED_EDGE('',*,*,#4137,.T.);
#4137 = EDGE_CURVE('',#4138,#4140,#4142,.T.);
#4138 = VERTEX_POINT('',#4139);
#4139 = CARTESIAN_POINT('',(142.5,-88.,1.585));
#4140 = VERTEX_POINT('',#4141);
#4141 = CARTESIAN_POINT('',(142.5,-87.,1.585));
#4142 = LINE('',#4143,#4144);
#4143 = CARTESIAN_POINT('',(142.5,-88.,1.585));
#4144 = VECTOR('',#4145,1.);
#4145 = DIRECTION('',(0.,1.,0.));
#4146 = ORIENTED_EDGE('',*,*,#4147,.T.);
#4147 = EDGE_CURVE('',#4140,#4148,#4150,.T.);
#4148 = VERTEX_POINT('',#4149);
#4149 = CARTESIAN_POINT('',(157.5,-87.,1.585));
#4150 = LINE('',#4151,#4152);
#4151 = CARTESIAN_POINT('',(142.5,-87.,1.585));
#4152 = VECTOR('',#4153,1.);
#4153 = DIRECTION('',(1.,0.,0.));
#4154 = ORIENTED_EDGE('',*,*,#4155,.T.);
#4155 = EDGE_CURVE('',#4148,#4156,#4158,.T.);
#4156 = VERTEX_POINT('',#4157);
#4157 = CARTESIAN_POINT('',(157.5,-88.,1.585));
#4158 = LINE('',#4159,#4160);
#4159 = CARTESIAN_POINT('',(157.5,-87.,1.585));
#4160 = VECTOR('',#4161,1.);
#4161 = DIRECTION('',(0.,-1.,0.));
#4162 = ORIENTED_EDGE('',*,*,#4163,.T.);
#4163 = EDGE_CURVE('',#4156,#4138,#4164,.T.);
#4164 = LINE('',#4165,#4166);
#4165 = CARTESIAN_POINT('',(157.5,-88.,1.585));
#4166 = VECTOR('',#4167,1.);
#4167 = DIRECTION('',(-1.,0.,0.));
#4168 = PLANE('',#4169);
#4169 = AXIS2_PLACEMENT_3D('',#4170,#4171,#4172);
#4170 = CARTESIAN_POINT('',(0.,0.,1.585));
#4171 = DIRECTION('',(0.,0.,1.));
#4172 = DIRECTION('',(1.,0.,-0.));
#4173 = SHELL_BASED_SURFACE_MODEL('',(#4174));
#4174 = OPEN_SHELL('',(#4175));
#4175 = ADVANCED_FACE('',(#4176,#4187),#4198,.T.);
#4176 = FACE_BOUND('',#4177,.T.);
#4177 = EDGE_LOOP('',(#4178));
#4178 = ORIENTED_EDGE('',*,*,#4179,.T.);
#4179 = EDGE_CURVE('',#4180,#4180,#4182,.T.);
#4180 = VERTEX_POINT('',#4181);
#4181 = CARTESIAN_POINT('',(155.25,-77.5,1.585));
#4182 = CIRCLE('',#4183,5.25);
#4183 = AXIS2_PLACEMENT_3D('',#4184,#4185,#4186);
#4184 = CARTESIAN_POINT('',(150.,-77.5,1.585));
#4185 = DIRECTION('',(0.,0.,1.));
#4186 = DIRECTION('',(1.,0.,-0.));
#4187 = FACE_BOUND('',#4188,.F.);
#4188 = EDGE_LOOP('',(#4189));
#4189 = ORIENTED_EDGE('',*,*,#4190,.T.);
#4190 = EDGE_CURVE('',#4191,#4191,#4193,.T.);
#4191 = VERTEX_POINT('',#4192);
#4192 = CARTESIAN_POINT('',(153.,-77.499999,1.585));
#4193 = CIRCLE('',#4194,3.);
#4194 = AXIS2_PLACEMENT_3D('',#4195,#4196,#4197);
#4195 = CARTESIAN_POINT('',(150.,-77.499999,1.585));
#4196 = DIRECTION('',(0.,0.,1.));
#4197 = DIRECTION('',(1.,0.,-0.));
#4198 = PLANE('',#4199);
#4199 = AXIS2_PLACEMENT_3D('',#4200,#4201,#4202);
#4200 = CARTESIAN_POINT('',(0.,0.,1.585));
#4201 = DIRECTION('',(0.,0.,1.));
#4202 = DIRECTION('',(1.,0.,-0.));
#4203 = SHELL_BASED_SURFACE_MODEL('',(#4204));
#4204 = OPEN_SHELL('',(#4205));
#4205 = ADVANCED_FACE('',(#4206),#4265,.T.);
#4206 = FACE_BOUND('',#4207,.F.);
#4207 = EDGE_LOOP('',(#4208,#4219,#4227,#4235,#4243,#4251,#4259));
#4208 = ORIENTED_EDGE('',*,*,#4209,.T.);
#4209 = EDGE_CURVE('',#4210,#4212,#4214,.T.);
#4210 = VERTEX_POINT('',#4211);
#4211 = CARTESIAN_POINT('',(146.690544,-48.444574,1.585));
#4212 = VERTEX_POINT('',#4213);
#4213 = CARTESIAN_POINT('',(146.435728,-48.297456,1.585));
#4214 = CIRCLE('',#4215,0.150000237588);
#4215 = AXIS2_PLACEMENT_3D('',#4216,#4217,#4218);
#4216 = CARTESIAN_POINT('',(146.57776769145,-48.34567215216,1.585));
#4217 = DIRECTION('',(-0.,0.,-1.));
#4218 = DIRECTION('',(0.751840866148,-0.659344607918,-0.));
#4219 = ORIENTED_EDGE('',*,*,#4220,.T.);
#4220 = EDGE_CURVE('',#4212,#4221,#4223,.T.);
#4221 = VERTEX_POINT('',#4222);
#4222 = CARTESIAN_POINT('',(148.089992,-45.432187,1.585));
#4223 = LINE('',#4224,#4225);
#4224 = CARTESIAN_POINT('',(146.435728,-48.297456,1.585));
#4225 = VECTOR('',#4226,1.);
#4226 = DIRECTION('',(0.500000038888,0.866025381332,0.));
#4227 = ORIENTED_EDGE('',*,*,#4228,.T.);
#4228 = EDGE_CURVE('',#4221,#4229,#4231,.T.);
#4229 = VERTEX_POINT('',#4230);
#4230 = CARTESIAN_POINT('',(148.092827,-45.430011,1.585));
#4231 = LINE('',#4232,#4233);
#4232 = CARTESIAN_POINT('',(148.089992,-45.432187,1.585));
#4233 = VECTOR('',#4234,1.);
#4234 = DIRECTION('',(0.793268466726,0.608872022431,0.));
#4235 = ORIENTED_EDGE('',*,*,#4236,.T.);
#4236 = EDGE_CURVE('',#4229,#4237,#4239,.T.);
#4237 = VERTEX_POINT('',#4238);
#4238 = CARTESIAN_POINT('',(148.20064,-45.502049,1.585));
#4239 = LINE('',#4240,#4241);
#4240 = CARTESIAN_POINT('',(148.092827,-45.430011,1.585));
#4241 = VECTOR('',#4242,1.);
#4242 = DIRECTION('',(0.831470836002,-0.55556840162,0.));
#4243 = ORIENTED_EDGE('',*,*,#4244,.T.);
#4244 = EDGE_CURVE('',#4237,#4245,#4247,.T.);
#4245 = VERTEX_POINT('',#4246);
#4246 = CARTESIAN_POINT('',(148.344832,-45.579121,1.585));
#4247 = LINE('',#4248,#4249);
#4248 = CARTESIAN_POINT('',(148.20064,-45.502049,1.585));
#4249 = VECTOR('',#4250,1.);
#4250 = DIRECTION('',(0.881921848458,-0.471395644033,0.));
#4251 = ORIENTED_EDGE('',*,*,#4252,.T.);
#4252 = EDGE_CURVE('',#4245,#4253,#4255,.T.);
#4253 = VERTEX_POINT('',#4254);
#4254 = CARTESIAN_POINT('',(148.344808,-45.579305,1.585));
#4255 = LINE('',#4256,#4257);
#4256 = CARTESIAN_POINT('',(148.344832,-45.579121,1.585));
#4257 = VECTOR('',#4258,1.);
#4258 = DIRECTION('',(-0.12933918405,-0.991600411189,0.));
#4259 = ORIENTED_EDGE('',*,*,#4260,.T.);
#4260 = EDGE_CURVE('',#4253,#4210,#4261,.T.);
#4261 = LINE('',#4262,#4263);
#4262 = CARTESIAN_POINT('',(148.344808,-45.579305,1.585));
#4263 = VECTOR('',#4264,1.);
#4264 = DIRECTION('',(-0.500000038888,-0.866025381332,0.));
#4265 = PLANE('',#4266);
#4266 = AXIS2_PLACEMENT_3D('',#4267,#4268,#4269);
#4267 = CARTESIAN_POINT('',(0.,0.,1.585));
#4268 = DIRECTION('',(0.,0.,1.));
#4269 = DIRECTION('',(1.,0.,-0.));
#4270 = SHELL_BASED_SURFACE_MODEL('',(#4271));
#4271 = OPEN_SHELL('',(#4272));
#4272 = ADVANCED_FACE('',(#4273),#4316,.T.);
#4273 = FACE_BOUND('',#4274,.F.);
#4274 = EDGE_LOOP('',(#4275,#4285,#4293,#4301,#4310));
#4275 = ORIENTED_EDGE('',*,*,#4276,.T.);
#4276 = EDGE_CURVE('',#4277,#4279,#4281,.T.);
#4277 = VERTEX_POINT('',#4278);
#4278 = CARTESIAN_POINT('',(151.582918,-45.617739,1.585));
#4279 = VERTEX_POINT('',#4280);
#4280 = CARTESIAN_POINT('',(151.79936,-45.502049,1.585));
#4281 = LINE('',#4282,#4283);
#4282 = CARTESIAN_POINT('',(151.582918,-45.617739,1.585));
#4283 = VECTOR('',#4284,1.);
#4284 = DIRECTION('',(0.881922381158,0.471394647417,0.));
#4285 = ORIENTED_EDGE('',*,*,#4286,.T.);
#4286 = EDGE_CURVE('',#4279,#4287,#4289,.T.);
#4287 = VERTEX_POINT('',#4288);
#4288 = CARTESIAN_POINT('',(151.840145,-45.474797,1.585));
#4289 = LINE('',#4290,#4291);
#4290 = CARTESIAN_POINT('',(151.79936,-45.502049,1.585));
#4291 = VECTOR('',#4292,1.);
#4292 = DIRECTION('',(0.83146646451,0.555574943995,0.));
#4293 = ORIENTED_EDGE('',*,*,#4294,.T.);
#4294 = EDGE_CURVE('',#4287,#4295,#4297,.T.);
#4295 = VERTEX_POINT('',#4296);
#4296 = CARTESIAN_POINT('',(153.469808,-48.297456,1.585));
#4297 = LINE('',#4298,#4299);
#4298 = CARTESIAN_POINT('',(151.840145,-45.474797,1.585));
#4299 = VECTOR('',#4300,1.);
#4300 = DIRECTION('',(0.500000015307,-0.866025394947,0.));
#4301 = ORIENTED_EDGE('',*,*,#4302,.T.);
#4302 = EDGE_CURVE('',#4295,#4303,#4305,.T.);
#4303 = VERTEX_POINT('',#4304);
#4304 = CARTESIAN_POINT('',(153.214992,-48.444574,1.585));
#4305 = CIRCLE('',#4306,0.150000349199);
#4306 = AXIS2_PLACEMENT_3D('',#4307,#4308,#4309);
#4307 = CARTESIAN_POINT('',(153.3277680225,-48.3456716567,1.585));
#4308 = DIRECTION('',(0.,0.,-1.));
#4309 = DIRECTION('',(0.946930978882,0.321436963079,0.));
#4310 = ORIENTED_EDGE('',*,*,#4311,.T.);
#4311 = EDGE_CURVE('',#4303,#4277,#4312,.T.);
#4312 = LINE('',#4313,#4314);
#4313 = CARTESIAN_POINT('',(153.214992,-48.444574,1.585));
#4314 = VECTOR('',#4315,1.);
#4315 = DIRECTION('',(-0.500000011901,0.866025396913,0.));
#4316 = PLANE('',#4317);
#4317 = AXIS2_PLACEMENT_3D('',#4318,#4319,#4320);
#4318 = CARTESIAN_POINT('',(0.,0.,1.585));
#4319 = DIRECTION('',(0.,0.,1.));
#4320 = DIRECTION('',(1.,0.,-0.));
#4321 = SHELL_BASED_SURFACE_MODEL('',(#4322));
#4322 = OPEN_SHELL('',(#4323));
#4323 = ADVANCED_FACE('',(#4324),#4383,.T.);
#4324 = FACE_BOUND('',#4325,.F.);
#4325 = EDGE_LOOP('',(#4326,#4337,#4345,#4353,#4361,#4369,#4377));
#4326 = ORIENTED_EDGE('',*,*,#4327,.T.);
#4327 = EDGE_CURVE('',#4328,#4330,#4332,.T.);
#4328 = VERTEX_POINT('',#4329);
#4329 = CARTESIAN_POINT('',(144.909578,-47.751246,1.585));
#4330 = VERTEX_POINT('',#4331);
#4331 = CARTESIAN_POINT('',(144.701522,-47.54319,1.585));
#4332 = CIRCLE('',#4333,0.150000166887);
#4333 = AXIS2_PLACEMENT_3D('',#4334,#4335,#4336);
#4334 = CARTESIAN_POINT('',(144.826243,-47.626525,1.585));
#4335 = DIRECTION('',(0.,0.,-1.));
#4336 = DIRECTION('',(0.555566048557,-0.831472408256,0.));
#4337 = ORIENTED_EDGE('',*,*,#4338,.T.);
#4338 = EDGE_CURVE('',#4330,#4339,#4341,.T.);
#4339 = VERTEX_POINT('',#4340);
#4340 = CARTESIAN_POINT('',(147.394559,-44.850153,1.585));
#4341 = LINE('',#4342,#4343);
#4342 = CARTESIAN_POINT('',(144.701522,-47.54319,1.585));
#4343 = VECTOR('',#4344,1.);
#4344 = DIRECTION('',(0.707106781187,0.707106781187,0.));
#4345 = ORIENTED_EDGE('',*,*,#4346,.T.);
#4346 = EDGE_CURVE('',#4339,#4347,#4349,.T.);
#4347 = VERTEX_POINT('',#4348);
#4348 = CARTESIAN_POINT('',(147.403413,-44.846485,1.585));
#4349 = LINE('',#4350,#4351);
#4350 = CARTESIAN_POINT('',(147.394559,-44.850153,1.585));
#4351 = VECTOR('',#4352,1.);
#4352 = DIRECTION('',(0.923859126056,0.382732694191,0.));
#4353 = ORIENTED_EDGE('',*,*,#4354,.T.);
#4354 = EDGE_CURVE('',#4347,#4355,#4357,.T.);
#4355 = VERTEX_POINT('',#4356);
#4356 = CARTESIAN_POINT('',(147.406671,-44.850455,1.585));
#4357 = LINE('',#4358,#4359);
#4358 = CARTESIAN_POINT('',(147.403413,-44.846485,1.585));
#4359 = VECTOR('',#4360,1.);
#4360 = DIRECTION('',(0.634382254057,-0.773019505406,0.));
#4361 = ORIENTED_EDGE('',*,*,#4362,.T.);
#4362 = EDGE_CURVE('',#4355,#4363,#4365,.T.);
#4363 = VERTEX_POINT('',#4364);
#4364 = CARTESIAN_POINT('',(147.606074,-45.049858,1.585));
#4365 = LINE('',#4366,#4367);
#4366 = CARTESIAN_POINT('',(147.406671,-44.850455,1.585));
#4367 = VECTOR('',#4368,1.);
#4368 = DIRECTION('',(0.707106781187,-0.707106781187,0.));
#4369 = ORIENTED_EDGE('',*,*,#4370,.T.);
#4370 = EDGE_CURVE('',#4363,#4371,#4373,.T.);
#4371 = VERTEX_POINT('',#4372);
#4372 = CARTESIAN_POINT('',(147.602615,-45.058209,1.585));
#4373 = LINE('',#4374,#4375);
#4374 = CARTESIAN_POINT('',(147.606074,-45.049858,1.585));
#4375 = VECTOR('',#4376,1.);
#4376 = DIRECTION('',(-0.382674229273,-0.923883344503,0.));
#4377 = ORIENTED_EDGE('',*,*,#4378,.T.);
#4378 = EDGE_CURVE('',#4371,#4328,#4379,.T.);
#4379 = LINE('',#4380,#4381);
#4380 = CARTESIAN_POINT('',(147.602615,-45.058209,1.585));
#4381 = VECTOR('',#4382,1.);
#4382 = DIRECTION('',(-0.707106781187,-0.707106781187,0.));
#4383 = PLANE('',#4384);
#4384 = AXIS2_PLACEMENT_3D('',#4385,#4386,#4387);
#4385 = CARTESIAN_POINT('',(0.,0.,1.585));
#4386 = DIRECTION('',(0.,0.,1.));
#4387 = DIRECTION('',(1.,0.,-0.));
#4388 = SHELL_BASED_SURFACE_MODEL('',(#4389));
#4389 = OPEN_SHELL('',(#4390));
#4390 = ADVANCED_FACE('',(#4391),#4434,.T.);
#4391 = FACE_BOUND('',#4392,.F.);
#4392 = EDGE_LOOP('',(#4393,#4403,#4411,#4419,#4428));
#4393 = ORIENTED_EDGE('',*,*,#4394,.T.);
#4394 = EDGE_CURVE('',#4395,#4397,#4399,.T.);
#4395 = VERTEX_POINT('',#4396);
#4396 = CARTESIAN_POINT('',(152.343636,-45.098925,1.585));
#4397 = VERTEX_POINT('',#4398);
#4398 = CARTESIAN_POINT('',(152.350456,-45.093328,1.585));
#4399 = LINE('',#4400,#4401);
#4400 = CARTESIAN_POINT('',(152.343636,-45.098925,1.585));
#4401 = VECTOR('',#4402,1.);
#4402 = DIRECTION('',(0.773012084928,0.634391296091,0.));
#4403 = ORIENTED_EDGE('',*,*,#4404,.T.);
#4404 = EDGE_CURVE('',#4397,#4405,#4407,.T.);
#4405 = VERTEX_POINT('',#4406);
#4406 = CARTESIAN_POINT('',(152.552303,-44.89148,1.585));
#4407 = LINE('',#4408,#4409);
#4408 = CARTESIAN_POINT('',(152.350456,-45.093328,1.585));
#4409 = VECTOR('',#4410,1.);
#4410 = DIRECTION('',(0.707105029598,0.707108532771,0.));
#4411 = ORIENTED_EDGE('',*,*,#4412,.T.);
#4412 = EDGE_CURVE('',#4405,#4413,#4415,.T.);
#4413 = VERTEX_POINT('',#4414);
#4414 = CARTESIAN_POINT('',(155.204013,-47.54319,1.585));
#4415 = LINE('',#4416,#4417);
#4416 = CARTESIAN_POINT('',(152.552303,-44.89148,1.585));
#4417 = VECTOR('',#4418,1.);
#4418 = DIRECTION('',(0.707106781187,-0.707106781187,0.));
#4419 = ORIENTED_EDGE('',*,*,#4420,.T.);
#4420 = EDGE_CURVE('',#4413,#4421,#4423,.T.);
#4421 = VERTEX_POINT('',#4422);
#4422 = CARTESIAN_POINT('',(154.995957,-47.751246,1.585));
#4423 = CIRCLE('',#4424,0.150000166887);
#4424 = AXIS2_PLACEMENT_3D('',#4425,#4426,#4427);
#4425 = CARTESIAN_POINT('',(155.079292,-47.626525,1.585));
#4426 = DIRECTION('',(0.,0.,-1.));
#4427 = DIRECTION('',(0.831472408256,0.555566048557,0.));
#4428 = ORIENTED_EDGE('',*,*,#4429,.T.);
#4429 = EDGE_CURVE('',#4421,#4395,#4430,.T.);
#4430 = LINE('',#4431,#4432);
#4431 = CARTESIAN_POINT('',(154.995957,-47.751246,1.585));
#4432 = VECTOR('',#4433,1.);
#4433 = DIRECTION('',(-0.707106781187,0.707106781187,0.));
#4434 = PLANE('',#4435);
#4435 = AXIS2_PLACEMENT_3D('',#4436,#4437,#4438);
#4436 = CARTESIAN_POINT('',(0.,0.,1.585));
#4437 = DIRECTION('',(0.,0.,1.));
#4438 = DIRECTION('',(1.,0.,-0.));
#4439 = SHELL_BASED_SURFACE_MODEL('',(#4440));
#4440 = OPEN_SHELL('',(#4441));
#4441 = ADVANCED_FACE('',(#4442),#4501,.T.);
#4442 = FACE_BOUND('',#4443,.F.);
#4443 = EDGE_LOOP('',(#4444,#4455,#4463,#4471,#4479,#4487,#4495));
#4444 = ORIENTED_EDGE('',*,*,#4445,.T.);
#4445 = EDGE_CURVE('',#4446,#4448,#4450,.T.);
#4446 = VERTEX_POINT('',#4447);
#4447 = CARTESIAN_POINT('',(144.13924,-45.969693,1.585));
#4448 = VERTEX_POINT('',#4449);
#4449 = CARTESIAN_POINT('',(144.041161,-45.799816,1.585));
#4450 = CIRCLE('',#4451,0.100000105172);
#4451 = AXIS2_PLACEMENT_3D('',#4452,#4453,#4454);
#4452 = CARTESIAN_POINT('',(144.1070957386,-45.87499998286,1.585));
#4453 = DIRECTION('',(0.,0.,-1.));
#4454 = DIRECTION('',(0.321442275912,-0.946929175417,0.));
#4455 = ORIENTED_EDGE('',*,*,#4456,.T.);
#4456 = EDGE_CURVE('',#4448,#4457,#4459,.T.);
#4457 = VERTEX_POINT('',#4458);
#4458 = CARTESIAN_POINT('',(146.889534,-44.155307,1.585));
#4459 = LINE('',#4460,#4461);
#4460 = CARTESIAN_POINT('',(144.041161,-45.799816,1.585));
#4461 = VECTOR('',#4462,1.);
#4462 = DIRECTION('',(0.866025393029,0.50000001863,0.));
#4463 = ORIENTED_EDGE('',*,*,#4464,.T.);
#4464 = EDGE_CURVE('',#4457,#4465,#4467,.T.);
#4465 = VERTEX_POINT('',#4466);
#4466 = CARTESIAN_POINT('',(146.918886,-44.151442,1.585));
#4467 = LINE('',#4468,#4469);
#4468 = CARTESIAN_POINT('',(146.889534,-44.155307,1.585));
#4469 = VECTOR('',#4470,1.);
#4470 = DIRECTION('',(0.991441644384,0.130550625359,0.));
#4471 = ORIENTED_EDGE('',*,*,#4472,.T.);
#4472 = EDGE_CURVE('',#4465,#4473,#4475,.T.);
#4473 = VERTEX_POINT('',#4474);
#4474 = CARTESIAN_POINT('',(146.99795,-44.299359,1.585));
#4475 = LINE('',#4476,#4477);
#4476 = CARTESIAN_POINT('',(146.918886,-44.151442,1.585));
#4477 = VECTOR('',#4478,1.);
#4478 = DIRECTION('',(0.471400058578,-0.881919488827,0.));
#4479 = ORIENTED_EDGE('',*,*,#4480,.T.);
#4480 = EDGE_CURVE('',#4473,#4481,#4483,.T.);
#4481 = VERTEX_POINT('',#4482);
#4482 = CARTESIAN_POINT('',(147.002362,-44.305962,1.585));
#4483 = LINE('',#4484,#4485);
#4484 = CARTESIAN_POINT('',(146.99795,-44.299359,1.585));
#4485 = VECTOR('',#4486,1.);
#4486 = DIRECTION('',(0.555571665418,-0.831468655203,0.));
#4487 = ORIENTED_EDGE('',*,*,#4488,.T.);
#4488 = EDGE_CURVE('',#4481,#4489,#4491,.T.);
#4489 = VERTEX_POINT('',#4490);
#4490 = CARTESIAN_POINT('',(146.987613,-44.325185,1.585));
#4491 = LINE('',#4492,#4493);
#4492 = CARTESIAN_POINT('',(147.002362,-44.305962,1.585));
#4493 = VECTOR('',#4494,1.);
#4494 = DIRECTION('',(-0.608726964671,-0.793379784519,0.));
#4495 = ORIENTED_EDGE('',*,*,#4496,.T.);
#4496 = EDGE_CURVE('',#4489,#4446,#4497,.T.);
#4497 = LINE('',#4498,#4499);
#4498 = CARTESIAN_POINT('',(146.987613,-44.325185,1.585));
#4499 = VECTOR('',#4500,1.);
#4500 = DIRECTION('',(-0.866025524683,-0.499999790598,0.));
#4501 = PLANE('',#4502);
#4502 = AXIS2_PLACEMENT_3D('',#4503,#4504,#4505);
#4503 = CARTESIAN_POINT('',(0.,0.,1.585));
#4504 = DIRECTION('',(0.,0.,1.));
#4505 = DIRECTION('',(1.,0.,-0.));
#4506 = SHELL_BASED_SURFACE_MODEL('',(#4507));
#4507 = OPEN_SHELL('',(#4508));
#4508 = ADVANCED_FACE('',(#4509),#4552,.T.);
#4509 = FACE_BOUND('',#4510,.F.);
#4510 = EDGE_LOOP('',(#4511,#4521,#4529,#4537,#4546));
#4511 = ORIENTED_EDGE('',*,*,#4512,.T.);
#4512 = EDGE_CURVE('',#4513,#4515,#4517,.T.);
#4513 = VERTEX_POINT('',#4514);
#4514 = CARTESIAN_POINT('',(152.966177,-44.353045,1.585));
#4515 = VERTEX_POINT('',#4516);
#4516 = CARTESIAN_POINT('',(153.00205,-44.299359,1.585));
#4517 = LINE('',#4518,#4519);
#4518 = CARTESIAN_POINT('',(152.966177,-44.353045,1.585));
#4519 = VECTOR('',#4520,1.);
#4520 = DIRECTION('',(0.555582670858,0.83146130147,0.));
#4521 = ORIENTED_EDGE('',*,*,#4522,.T.);
#4522 = EDGE_CURVE('',#4515,#4523,#4525,.T.);
#4523 = VERTEX_POINT('',#4524);
#4524 = CARTESIAN_POINT('',(153.064179,-44.183123,1.585));
#4525 = LINE('',#4526,#4527);
#4526 = CARTESIAN_POINT('',(153.00205,-44.299359,1.585));
#4527 = VECTOR('',#4528,1.);
#4528 = DIRECTION('',(0.471394161496,0.881922640886,0.));
#4529 = ORIENTED_EDGE('',*,*,#4530,.T.);
#4530 = EDGE_CURVE('',#4523,#4531,#4533,.T.);
#4531 = VERTEX_POINT('',#4532);
#4532 = CARTESIAN_POINT('',(155.864373,-45.799815,1.585));
#4533 = LINE('',#4534,#4535);
#4534 = CARTESIAN_POINT('',(153.064179,-44.183123,1.585));
#4535 = VECTOR('',#4536,1.);
#4536 = DIRECTION('',(0.866025505521,-0.499999823788,0.));
#4537 = ORIENTED_EDGE('',*,*,#4538,.T.);
#4538 = EDGE_CURVE('',#4531,#4539,#4541,.T.);
#4539 = VERTEX_POINT('',#4540);
#4540 = CARTESIAN_POINT('',(155.766294,-45.969693,1.585));
#4541 = CIRCLE('',#4542,0.100000442863);
#4542 = AXIS2_PLACEMENT_3D('',#4543,#4544,#4545);
#4543 = CARTESIAN_POINT('',(155.79843862275,-45.87499974891,1.585));
#4544 = DIRECTION('',(0.,0.,-1.));
#4545 = DIRECTION('',(0.659340852522,0.751844159514,0.));
#4546 = ORIENTED_EDGE('',*,*,#4547,.T.);
#4547 = EDGE_CURVE('',#4539,#4513,#4548,.T.);
#4548 = LINE('',#4549,#4550);
#4549 = CARTESIAN_POINT('',(155.766294,-45.969693,1.585));
#4550 = VECTOR('',#4551,1.);
#4551 = DIRECTION('',(-0.866025444459,0.49999992955,0.));
#4552 = PLANE('',#4553);
#4553 = AXIS2_PLACEMENT_3D('',#4554,#4555,#4556);
#4554 = CARTESIAN_POINT('',(0.,0.,1.585));
#4555 = DIRECTION('',(0.,0.,1.));
#4556 = DIRECTION('',(1.,0.,-0.));
#4557 = SHELL_BASED_SURFACE_MODEL('',(#4558));
#4558 = OPEN_SHELL('',(#4559));
#4559 = ADVANCED_FACE('',(#4560),#4619,.T.);
#4560 = FACE_BOUND('',#4561,.F.);
#4561 = EDGE_LOOP('',(#4562,#4573,#4581,#4589,#4597,#4605,#4613));
#4562 = ORIENTED_EDGE('',*,*,#4563,.T.);
#4563 = EDGE_CURVE('',#4564,#4566,#4568,.T.);
#4564 = VERTEX_POINT('',#4565);
#4565 = CARTESIAN_POINT('',(143.439308,-44.346815,1.585));
#4566 = VERTEX_POINT('',#4567);
#4567 = CARTESIAN_POINT('',(143.388539,-44.157341,1.585));
#4568 = CIRCLE('',#4569,0.100000305378);
#4569 = AXIS2_PLACEMENT_3D('',#4570,#4571,#4572);
#4570 = CARTESIAN_POINT('',(143.43276745958,-44.24702881655,1.585));
#4571 = DIRECTION('',(0.,0.,-1.));
#4572 = DIRECTION('',(6.540520438755E-02,-0.997858787223,0.));
#4573 = ORIENTED_EDGE('',*,*,#4574,.T.);
#4574 = EDGE_CURVE('',#4566,#4575,#4577,.T.);
#4575 = VERTEX_POINT('',#4576);
#4576 = CARTESIAN_POINT('',(146.565486,-43.306081,1.585));
#4577 = LINE('',#4578,#4579);
#4578 = CARTESIAN_POINT('',(143.388539,-44.157341,1.585));
#4579 = VECTOR('',#4580,1.);
#4580 = DIRECTION('',(0.965925855405,0.258818936442,0.));
#4581 = ORIENTED_EDGE('',*,*,#4582,.T.);
#4582 = EDGE_CURVE('',#4575,#4583,#4585,.T.);
#4583 = VERTEX_POINT('',#4584);
#4584 = CARTESIAN_POINT('',(146.596891,-43.310215,1.585));
#4585 = LINE('',#4586,#4587);
#4586 = CARTESIAN_POINT('',(146.565486,-43.306081,1.585));
#4587 = VECTOR('',#4588,1.);
#4588 = DIRECTION('',(0.991447094675,-0.130509227492,0.));
#4589 = ORIENTED_EDGE('',*,*,#4590,.T.);
#4590 = EDGE_CURVE('',#4583,#4591,#4593,.T.);
#4591 = VERTEX_POINT('',#4592);
#4592 = CARTESIAN_POINT('',(146.604891,-43.35043,1.585));
#4593 = LINE('',#4594,#4595);
#4594 = CARTESIAN_POINT('',(146.596891,-43.310215,1.585));
#4595 = VECTOR('',#4596,1.);
#4596 = DIRECTION('',(0.195107662515,-0.980781831004,0.));
#4597 = ORIENTED_EDGE('',*,*,#4598,.T.);
#4598 = EDGE_CURVE('',#4591,#4599,#4601,.T.);
#4599 = VERTEX_POINT('',#4600);
#4600 = CARTESIAN_POINT('',(146.642747,-43.475226,1.585));
#4601 = LINE('',#4602,#4603);
#4602 = CARTESIAN_POINT('',(146.604891,-43.35043,1.585));
#4603 = VECTOR('',#4604,1.);
#4604 = DIRECTION('',(0.290281498248,-0.956941300068,0.));
#4605 = ORIENTED_EDGE('',*,*,#4606,.T.);
#4606 = EDGE_CURVE('',#4599,#4607,#4609,.T.);
#4607 = VERTEX_POINT('',#4608);
#4608 = CARTESIAN_POINT('',(146.616256,-43.495555,1.585));
#4609 = LINE('',#4610,#4611);
#4610 = CARTESIAN_POINT('',(146.642747,-43.475226,1.585));
#4611 = VECTOR('',#4612,1.);
#4612 = DIRECTION('',(-0.793328162405,-0.608794240064,0.));
#4613 = ORIENTED_EDGE('',*,*,#4614,.T.);
#4614 = EDGE_CURVE('',#4607,#4564,#4615,.T.);
#4615 = LINE('',#4616,#4617);
#4616 = CARTESIAN_POINT('',(146.616256,-43.495555,1.585));
#4617 = VECTOR('',#4618,1.);
#4618 = DIRECTION('',(-0.965925875772,-0.258818860431,0.));
#4619 = PLANE('',#4620);
#4620 = AXIS2_PLACEMENT_3D('',#4621,#4622,#4623);
#4621 = CARTESIAN_POINT('',(0.,0.,1.585));
#4622 = DIRECTION('',(0.,0.,1.));
#4623 = DIRECTION('',(1.,0.,-0.));
#4624 = SHELL_BASED_SURFACE_MODEL('',(#4625));
#4625 = OPEN_SHELL('',(#4626));
#4626 = ADVANCED_FACE('',(#4627),#4670,.T.);
#4627 = FACE_BOUND('',#4628,.F.);
#4628 = EDGE_LOOP('',(#4629,#4639,#4647,#4655,#4664));
#4629 = ORIENTED_EDGE('',*,*,#4630,.T.);
#4630 = EDGE_CURVE('',#4631,#4633,#4635,.T.);
#4631 = VERTEX_POINT('',#4632);
#4632 = CARTESIAN_POINT('',(153.346439,-43.510871,1.585));
#4633 = VERTEX_POINT('',#4634);
#4634 = CARTESIAN_POINT('',(153.395109,-43.35043,1.585));
#4635 = LINE('',#4636,#4637);
#4636 = CARTESIAN_POINT('',(153.346439,-43.510871,1.585));
#4637 = VECTOR('',#4638,1.);
#4638 = DIRECTION('',(0.290288799492,0.956939085255,0.));
#4639 = ORIENTED_EDGE('',*,*,#4640,.T.);
#4640 = EDGE_CURVE('',#4633,#4641,#4643,.T.);
#4641 = VERTEX_POINT('',#4642);
#4642 = CARTESIAN_POINT('',(153.401068,-43.320468,1.585));
#4643 = LINE('',#4644,#4645);
#4644 = CARTESIAN_POINT('',(153.395109,-43.35043,1.585));
#4645 = VECTOR('',#4646,1.);
#4646 = DIRECTION('',(0.195064742146,0.980790368209,0.));
#4647 = ORIENTED_EDGE('',*,*,#4648,.T.);
#4648 = EDGE_CURVE('',#4641,#4649,#4651,.T.);
#4649 = VERTEX_POINT('',#4650);
#4650 = CARTESIAN_POINT('',(156.516996,-44.157341,1.585));
#4651 = LINE('',#4652,#4653);
#4652 = CARTESIAN_POINT('',(153.401068,-43.320468,1.585));
#4653 = VECTOR('',#4654,1.);
#4654 = DIRECTION('',(0.965773583211,-0.259386557039,0.));
#4655 = ORIENTED_EDGE('',*,*,#4656,.T.);
#4656 = EDGE_CURVE('',#4649,#4657,#4659,.T.);
#4657 = VERTEX_POINT('',#4658);
#4658 = CARTESIAN_POINT('',(156.466226,-44.346815,1.585));
#4659 = CIRCLE('',#4660,0.100000529732);
#4660 = AXIS2_PLACEMENT_3D('',#4661,#4662,#4663);
#4661 = CARTESIAN_POINT('',(156.47276658287,-44.2470285945,1.585));
#4662 = DIRECTION('',(0.,0.,-1.));
#4663 = DIRECTION('',(0.442291828285,0.896871194003,0.));
#4664 = ORIENTED_EDGE('',*,*,#4665,.T.);
#4665 = EDGE_CURVE('',#4657,#4631,#4666,.T.);
#4666 = LINE('',#4667,#4668);
#4667 = CARTESIAN_POINT('',(156.466226,-44.346815,1.585));
#4668 = VECTOR('',#4669,1.);
#4669 = DIRECTION('',(-0.965925857808,0.258818927472,0.));
#4670 = PLANE('',#4671);
#4671 = AXIS2_PLACEMENT_3D('',#4672,#4673,#4674);
#4672 = CARTESIAN_POINT('',(0.,0.,1.585));
#4673 = DIRECTION('',(0.,0.,1.));
#4674 = DIRECTION('',(1.,0.,-0.));
#4675 = SHELL_BASED_SURFACE_MODEL('',(#4676));
#4676 = OPEN_SHELL('',(#4677));
#4677 = ADVANCED_FACE('',(#4678),#4729,.T.);
#4678 = FACE_BOUND('',#4679,.F.);
#4679 = EDGE_LOOP('',(#4680,#4691,#4699,#4707,#4715,#4723));
#4680 = ORIENTED_EDGE('',*,*,#4681,.T.);
#4681 = EDGE_CURVE('',#4682,#4684,#4686,.T.);
#4682 = VERTEX_POINT('',#4683);
#4683 = CARTESIAN_POINT('',(142.673504,-42.647118,1.585));
#4684 = VERTEX_POINT('',#4685);
#4685 = CARTESIAN_POINT('',(142.673504,-42.352882,1.585));
#4686 = CIRCLE('',#4687,0.150000292066);
#4687 = AXIS2_PLACEMENT_3D('',#4688,#4689,#4690);
#4688 = CARTESIAN_POINT('',(142.702768,-42.5,1.585));
#4689 = DIRECTION('',(0.,0.,-1.));
#4690 = DIRECTION('',(-0.195092953466,-0.980784756972,-0.));
#4691 = ORIENTED_EDGE('',*,*,#4692,.T.);
#4692 = EDGE_CURVE('',#4684,#4693,#4695,.T.);
#4693 = VERTEX_POINT('',#4694);
#4694 = CARTESIAN_POINT('',(146.482032,-42.352882,1.585));
#4695 = LINE('',#4696,#4697);
#4696 = CARTESIAN_POINT('',(142.673504,-42.352882,1.585));
#4697 = VECTOR('',#4698,1.);
#4698 = DIRECTION('',(1.,0.,0.));
#4699 = ORIENTED_EDGE('',*,*,#4700,.T.);
#4700 = EDGE_CURVE('',#4693,#4701,#4703,.T.);
#4701 = VERTEX_POINT('',#4702);
#4702 = CARTESIAN_POINT('',(146.504216,-42.362071,1.585));
#4703 = LINE('',#4704,#4705);
#4704 = CARTESIAN_POINT('',(146.482032,-42.352882,1.585));
#4705 = VECTOR('',#4706,1.);
#4706 = DIRECTION('',(0.923878261337,-0.382686501236,0.));
#4707 = ORIENTED_EDGE('',*,*,#4708,.T.);
#4708 = EDGE_CURVE('',#4701,#4709,#4711,.T.);
#4709 = VERTEX_POINT('',#4710);
#4710 = CARTESIAN_POINT('',(146.504216,-42.637928,1.585));
#4711 = LINE('',#4712,#4713);
#4712 = CARTESIAN_POINT('',(146.504216,-42.362071,1.585));
#4713 = VECTOR('',#4714,1.);
#4714 = DIRECTION('',(0.,-1.,0.));
#4715 = ORIENTED_EDGE('',*,*,#4716,.T.);
#4716 = EDGE_CURVE('',#4709,#4717,#4719,.T.);
#4717 = VERTEX_POINT('',#4718);
#4718 = CARTESIAN_POINT('',(146.482032,-42.647118,1.585));
#4719 = LINE('',#4720,#4721);
#4720 = CARTESIAN_POINT('',(146.504216,-42.637928,1.585));
#4721 = VECTOR('',#4722,1.);
#4722 = DIRECTION('',(-0.923863536652,-0.382722047504,0.));
#4723 = ORIENTED_EDGE('',*,*,#4724,.T.);
#4724 = EDGE_CURVE('',#4717,#4682,#4725,.T.);
#4725 = LINE('',#4726,#4727);
#4726 = CARTESIAN_POINT('',(146.482032,-42.647118,1.585));
#4727 = VECTOR('',#4728,1.);
#4728 = DIRECTION('',(-1.,0.,0.));
#4729 = PLANE('',#4730);
#4730 = AXIS2_PLACEMENT_3D('',#4731,#4732,#4733);
#4731 = CARTESIAN_POINT('',(0.,0.,1.585));
#4732 = DIRECTION('',(0.,0.,1.));
#4733 = DIRECTION('',(1.,0.,-0.));
#4734 = SHELL_BASED_SURFACE_MODEL('',(#4735));
#4735 = OPEN_SHELL('',(#4736));
#4736 = ADVANCED_FACE('',(#4737),#4772,.T.);
#4737 = FACE_BOUND('',#4738,.F.);
#4738 = EDGE_LOOP('',(#4739,#4749,#4757,#4766));
#4739 = ORIENTED_EDGE('',*,*,#4740,.T.);
#4740 = EDGE_CURVE('',#4741,#4743,#4745,.T.);
#4741 = VERTEX_POINT('',#4742);
#4742 = CARTESIAN_POINT('',(153.495784,-42.647118,1.585));
#4743 = VERTEX_POINT('',#4744);
#4744 = CARTESIAN_POINT('',(153.495784,-42.352882,1.585));
#4745 = LINE('',#4746,#4747);
#4746 = CARTESIAN_POINT('',(153.495784,-42.647118,1.585));
#4747 = VECTOR('',#4748,1.);
#4748 = DIRECTION('',(0.,1.,0.));
#4749 = ORIENTED_EDGE('',*,*,#4750,.T.);
#4750 = EDGE_CURVE('',#4743,#4751,#4753,.T.);
#4751 = VERTEX_POINT('',#4752);
#4752 = CARTESIAN_POINT('',(157.232032,-42.352882,1.585));
#4753 = LINE('',#4754,#4755);
#4754 = CARTESIAN_POINT('',(153.495784,-42.352882,1.585));
#4755 = VECTOR('',#4756,1.);
#4756 = DIRECTION('',(1.,0.,0.));
#4757 = ORIENTED_EDGE('',*,*,#4758,.T.);
#4758 = EDGE_CURVE('',#4751,#4759,#4761,.T.);
#4759 = VERTEX_POINT('',#4760);
#4760 = CARTESIAN_POINT('',(157.232032,-42.647118,1.585));
#4761 = CIRCLE('',#4762,0.150000292066);
#4762 = AXIS2_PLACEMENT_3D('',#4763,#4764,#4765);
#4763 = CARTESIAN_POINT('',(157.202768,-42.5,1.585));
#4764 = DIRECTION('',(0.,0.,-1.));
#4765 = DIRECTION('',(0.195092953466,0.980784756972,0.));
#4766 = ORIENTED_EDGE('',*,*,#4767,.T.);
#4767 = EDGE_CURVE('',#4759,#4741,#4768,.T.);
#4768 = LINE('',#4769,#4770);
#4769 = CARTESIAN_POINT('',(157.232032,-42.647118,1.585));
#4770 = VECTOR('',#4771,1.);
#4771 = DIRECTION('',(-1.,0.,0.));
#4772 = PLANE('',#4773);
#4773 = AXIS2_PLACEMENT_3D('',#4774,#4775,#4776);
#4774 = CARTESIAN_POINT('',(0.,0.,1.585));
#4775 = DIRECTION('',(0.,0.,1.));
#4776 = DIRECTION('',(1.,0.,-0.));
#4777 = SHELL_BASED_SURFACE_MODEL('',(#4778));
#4778 = OPEN_SHELL('',(#4779));
#4779 = ADVANCED_FACE('',(#4780),#4839,.T.);
#4780 = FACE_BOUND('',#4781,.F.);
#4781 = EDGE_LOOP('',(#4782,#4792,#4800,#4808,#4816,#4824,#4833));
#4782 = ORIENTED_EDGE('',*,*,#4783,.T.);
#4783 = EDGE_CURVE('',#4784,#4786,#4788,.T.);
#4784 = VERTEX_POINT('',#4785);
#4785 = CARTESIAN_POINT('',(146.616256,-41.504446,1.585));
#4786 = VERTEX_POINT('',#4787);
#4787 = CARTESIAN_POINT('',(146.642747,-41.524773,1.585));
#4788 = LINE('',#4789,#4790);
#4789 = CARTESIAN_POINT('',(146.616256,-41.504446,1.585));
#4790 = VECTOR('',#4791,1.);
#4791 = DIRECTION('',(0.793357089866,-0.608756542437,0.));
#4792 = ORIENTED_EDGE('',*,*,#4793,.T.);
#4793 = EDGE_CURVE('',#4786,#4794,#4796,.T.);
#4794 = VERTEX_POINT('',#4795);
#4795 = CARTESIAN_POINT('',(146.604891,-41.649568,1.585));
#4796 = LINE('',#4797,#4798);
#4797 = CARTESIAN_POINT('',(146.642747,-41.524773,1.585));
#4798 = VECTOR('',#4799,1.);
#4799 = DIRECTION('',(-0.29028362831,-0.956940653925,0.));
#4800 = ORIENTED_EDGE('',*,*,#4801,.T.);
#4801 = EDGE_CURVE('',#4794,#4802,#4804,.T.);
#4802 = VERTEX_POINT('',#4803);
#4803 = CARTESIAN_POINT('',(146.596891,-41.689785,1.585));
#4804 = LINE('',#4805,#4806);
#4805 = CARTESIAN_POINT('',(146.604891,-41.649568,1.585));
#4806 = VECTOR('',#4807,1.);
#4807 = DIRECTION('',(-0.195098329097,-0.980783687662,0.));
#4808 = ORIENTED_EDGE('',*,*,#4809,.T.);
#4809 = EDGE_CURVE('',#4802,#4810,#4812,.T.);
#4810 = VERTEX_POINT('',#4811);
#4811 = CARTESIAN_POINT('',(146.565486,-41.69392,1.585));
#4812 = LINE('',#4813,#4814);
#4813 = CARTESIAN_POINT('',(146.596891,-41.689785,1.585));
#4814 = VECTOR('',#4815,1.);
#4815 = DIRECTION('',(-0.991443009305,-0.130540259305,0.));
#4816 = ORIENTED_EDGE('',*,*,#4817,.T.);
#4817 = EDGE_CURVE('',#4810,#4818,#4820,.T.);
#4818 = VERTEX_POINT('',#4819);
#4819 = CARTESIAN_POINT('',(143.388539,-40.84266,1.585));
#4820 = LINE('',#4821,#4822);
#4821 = CARTESIAN_POINT('',(146.565486,-41.69392,1.585));
#4822 = VECTOR('',#4823,1.);
#4823 = DIRECTION('',(-0.965925855405,0.258818936442,0.));
#4824 = ORIENTED_EDGE('',*,*,#4825,.T.);
#4825 = EDGE_CURVE('',#4818,#4826,#4828,.T.);
#4826 = VERTEX_POINT('',#4827);
#4827 = CARTESIAN_POINT('',(143.45865,-40.656379,1.585));
#4828 = CIRCLE('',#4829,0.100000663228);
#4829 = AXIS2_PLACEMENT_3D('',#4830,#4831,#4832);
#4830 = CARTESIAN_POINT('',(143.43276885574,-40.75297247295,1.585));
#4831 = DIRECTION('',(0.,0.,-1.));
#4832 = DIRECTION('',(-0.442295623991,-0.896869322141,-0.));
#4833 = ORIENTED_EDGE('',*,*,#4834,.T.);
#4834 = EDGE_CURVE('',#4826,#4784,#4835,.T.);
#4835 = LINE('',#4836,#4837);
#4836 = CARTESIAN_POINT('',(143.45865,-40.656379,1.585));
#4837 = VECTOR('',#4838,1.);
#4838 = DIRECTION('',(0.965773570789,-0.259386603287,0.));
#4839 = PLANE('',#4840);
#4840 = AXIS2_PLACEMENT_3D('',#4841,#4842,#4843);
#4841 = CARTESIAN_POINT('',(0.,0.,1.585));
#4842 = DIRECTION('',(0.,0.,1.));
#4843 = DIRECTION('',(1.,0.,-0.));
#4844 = SHELL_BASED_SURFACE_MODEL('',(#4845));
#4845 = OPEN_SHELL('',(#4846));
#4846 = ADVANCED_FACE('',(#4847),#4890,.T.);
#4847 = FACE_BOUND('',#4848,.F.);
#4848 = EDGE_LOOP('',(#4849,#4859,#4867,#4876,#4884));
#4849 = ORIENTED_EDGE('',*,*,#4850,.T.);
#4850 = EDGE_CURVE('',#4851,#4853,#4855,.T.);
#4851 = VERTEX_POINT('',#4852);
#4852 = CARTESIAN_POINT('',(153.395109,-41.649568,1.585));
#4853 = VERTEX_POINT('',#4854);
#4854 = CARTESIAN_POINT('',(153.34644,-41.489129,1.585));
#4855 = LINE('',#4856,#4857);
#4856 = CARTESIAN_POINT('',(153.395109,-41.649568,1.585));
#4857 = VECTOR('',#4858,1.);
#4858 = DIRECTION('',(-0.290286651344,0.956939736896,0.));
#4859 = ORIENTED_EDGE('',*,*,#4860,.T.);
#4860 = EDGE_CURVE('',#4853,#4861,#4863,.T.);
#4861 = VERTEX_POINT('',#4862);
#4862 = CARTESIAN_POINT('',(156.466226,-40.653186,1.585));
#4863 = LINE('',#4864,#4865);
#4864 = CARTESIAN_POINT('',(153.34644,-41.489129,1.585));
#4865 = VECTOR('',#4866,1.);
#4866 = DIRECTION('',(0.965925914471,0.258818716002,0.));
#4867 = ORIENTED_EDGE('',*,*,#4868,.T.);
#4868 = EDGE_CURVE('',#4861,#4869,#4871,.T.);
#4869 = VERTEX_POINT('',#4870);
#4870 = CARTESIAN_POINT('',(156.516996,-40.84266,1.585));
#4871 = CIRCLE('',#4872,0.100000347819);
#4872 = AXIS2_PLACEMENT_3D('',#4873,#4874,#4875);
#4873 = CARTESIAN_POINT('',(156.47276748357,-40.75297216415,1.585));
#4874 = DIRECTION('',(0.,0.,-1.));
#4875 = DIRECTION('',(-6.541460824581E-02,0.997858170798,-0.));
#4876 = ORIENTED_EDGE('',*,*,#4877,.T.);
#4877 = EDGE_CURVE('',#4869,#4878,#4880,.T.);
#4878 = VERTEX_POINT('',#4879);
#4879 = CARTESIAN_POINT('',(153.400698,-41.677668,1.585));
#4880 = LINE('',#4881,#4882);
#4881 = CARTESIAN_POINT('',(156.516996,-40.84266,1.585));
#4882 = VECTOR('',#4883,1.);
#4883 = DIRECTION('',(-0.96592594504,-0.258818601917,0.));
#4884 = ORIENTED_EDGE('',*,*,#4885,.T.);
#4885 = EDGE_CURVE('',#4878,#4851,#4886,.T.);
#4886 = LINE('',#4887,#4888);
#4887 = CARTESIAN_POINT('',(153.400698,-41.677668,1.585));
#4888 = VECTOR('',#4889,1.);
#4889 = DIRECTION('',(-0.195075632122,0.980788202291,0.));
#4890 = PLANE('',#4891);
#4891 = AXIS2_PLACEMENT_3D('',#4892,#4893,#4894);
#4892 = CARTESIAN_POINT('',(0.,0.,1.585));
#4893 = DIRECTION('',(0.,0.,1.));
#4894 = DIRECTION('',(1.,0.,-0.));
#4895 = SHELL_BASED_SURFACE_MODEL('',(#4896));
#4896 = OPEN_SHELL('',(#4897));
#4897 = ADVANCED_FACE('',(#4898),#4957,.T.);
#4898 = FACE_BOUND('',#4899,.F.);
#4899 = EDGE_LOOP('',(#4900,#4910,#4918,#4926,#4934,#4942,#4951));
#4900 = ORIENTED_EDGE('',*,*,#4901,.T.);
#4901 = EDGE_CURVE('',#4902,#4904,#4906,.T.);
#4902 = VERTEX_POINT('',#4903);
#4903 = CARTESIAN_POINT('',(146.987613,-40.674815,1.585));
#4904 = VERTEX_POINT('',#4905);
#4905 = CARTESIAN_POINT('',(147.002361,-40.694036,1.585));
#4906 = LINE('',#4907,#4908);
#4907 = CARTESIAN_POINT('',(146.987613,-40.674815,1.585));
#4908 = VECTOR('',#4909,1.);
#4909 = DIRECTION('',(0.608740852019,-0.793369129147,0.));
#4910 = ORIENTED_EDGE('',*,*,#4911,.T.);
#4911 = EDGE_CURVE('',#4904,#4912,#4914,.T.);
#4912 = VERTEX_POINT('',#4913);
#4913 = CARTESIAN_POINT('',(146.99795,-40.700639,1.585));
#4914 = LINE('',#4915,#4916);
#4915 = CARTESIAN_POINT('',(147.002361,-40.694036,1.585));
#4916 = VECTOR('',#4917,1.);
#4917 = DIRECTION('',(-0.555484600755,-0.831526823574,0.));
#4918 = ORIENTED_EDGE('',*,*,#4919,.T.);
#4919 = EDGE_CURVE('',#4912,#4920,#4922,.T.);
#4920 = VERTEX_POINT('',#4921);
#4921 = CARTESIAN_POINT('',(146.918885,-40.848557,1.585));
#4922 = LINE('',#4923,#4924);
#4923 = CARTESIAN_POINT('',(146.99795,-40.700639,1.585));
#4924 = VECTOR('',#4925,1.);
#4925 = DIRECTION('',(-0.471402217165,-0.881918335024,0.));
#4926 = ORIENTED_EDGE('',*,*,#4927,.T.);
#4927 = EDGE_CURVE('',#4920,#4928,#4930,.T.);
#4928 = VERTEX_POINT('',#4929);
#4929 = CARTESIAN_POINT('',(146.889534,-40.844693,1.585));
#4930 = LINE('',#4931,#4932);
#4931 = CARTESIAN_POINT('',(146.918885,-40.848557,1.585));
#4932 = VECTOR('',#4933,1.);
#4933 = DIRECTION('',(-0.991445440374,0.130521794201,0.));
#4934 = ORIENTED_EDGE('',*,*,#4935,.T.);
#4935 = EDGE_CURVE('',#4928,#4936,#4938,.T.);
#4936 = VERTEX_POINT('',#4937);
#4937 = CARTESIAN_POINT('',(144.041161,-39.200184,1.585));
#4938 = LINE('',#4939,#4940);
#4939 = CARTESIAN_POINT('',(146.889534,-40.844693,1.585));
#4940 = VECTOR('',#4941,1.);
#4941 = DIRECTION('',(-0.866025393029,0.50000001863,0.));
#4942 = ORIENTED_EDGE('',*,*,#4943,.T.);
#4943 = EDGE_CURVE('',#4936,#4944,#4946,.T.);
#4944 = VERTEX_POINT('',#4945);
#4945 = CARTESIAN_POINT('',(144.13924,-39.030307,1.585));
#4946 = CIRCLE('',#4947,0.100000191056);
#4947 = AXIS2_PLACEMENT_3D('',#4948,#4949,#4950);
#4948 = CARTESIAN_POINT('',(144.10709611984,-39.12500023724,1.585));
#4949 = DIRECTION('',(0.,0.,-1.));
#4950 = DIRECTION('',(-0.659349938755,-0.75183619111,-0.));
#4951 = ORIENTED_EDGE('',*,*,#4952,.T.);
#4952 = EDGE_CURVE('',#4944,#4902,#4953,.T.);
#4953 = LINE('',#4954,#4955);
#4954 = CARTESIAN_POINT('',(144.13924,-39.030307,1.585));
#4955 = VECTOR('',#4956,1.);
#4956 = DIRECTION('',(0.866025524683,-0.499999790598,0.));
#4957 = PLANE('',#4958);
#4958 = AXIS2_PLACEMENT_3D('',#4959,#4960,#4961);
#4959 = CARTESIAN_POINT('',(0.,0.,1.585));
#4960 = DIRECTION('',(0.,0.,1.));
#4961 = DIRECTION('',(1.,0.,-0.));
#4962 = SHELL_BASED_SURFACE_MODEL('',(#4963));
#4963 = OPEN_SHELL('',(#4964));
#4964 = ADVANCED_FACE('',(#4965),#5008,.T.);
#4965 = FACE_BOUND('',#4966,.F.);
#4966 = EDGE_LOOP('',(#4967,#4977,#4986,#4994,#5002));
#4967 = ORIENTED_EDGE('',*,*,#4968,.T.);
#4968 = EDGE_CURVE('',#4969,#4971,#4973,.T.);
#4969 = VERTEX_POINT('',#4970);
#4970 = CARTESIAN_POINT('',(152.966178,-40.646954,1.585));
#4971 = VERTEX_POINT('',#4972);
#4972 = CARTESIAN_POINT('',(155.766294,-39.030307,1.585));
#4973 = LINE('',#4974,#4975);
#4974 = CARTESIAN_POINT('',(152.966178,-40.646954,1.585));
#4975 = VECTOR('',#4976,1.);
#4976 = DIRECTION('',(0.866025501061,0.499999831512,0.));
#4977 = ORIENTED_EDGE('',*,*,#4978,.T.);
#4978 = EDGE_CURVE('',#4971,#4979,#4981,.T.);
#4979 = VERTEX_POINT('',#4980);
#4980 = CARTESIAN_POINT('',(155.864373,-39.200185,1.585));
#4981 = CIRCLE('',#4982,0.100000369189);
#4982 = AXIS2_PLACEMENT_3D('',#4983,#4984,#4985);
#4983 = CARTESIAN_POINT('',(155.79843894981,-39.12500006225,1.585));
#4984 = DIRECTION('',(0.,0.,-1.));
#4985 = DIRECTION('',(-0.321448311344,0.946927126623,-0.));
#4986 = ORIENTED_EDGE('',*,*,#4987,.T.);
#4987 = EDGE_CURVE('',#4979,#4988,#4990,.T.);
#4988 = VERTEX_POINT('',#4989);
#4989 = CARTESIAN_POINT('',(153.06418,-40.816876,1.585));
#4990 = LINE('',#4991,#4992);
#4991 = CARTESIAN_POINT('',(155.864373,-39.200185,1.585));
#4992 = VECTOR('',#4993,1.);
#4993 = DIRECTION('',(-0.866025562122,-0.499999725752,0.));
#4994 = ORIENTED_EDGE('',*,*,#4995,.T.);
#4995 = EDGE_CURVE('',#4988,#4996,#4998,.T.);
#4996 = VERTEX_POINT('',#4997);
#4997 = CARTESIAN_POINT('',(153.00205,-40.700639,1.585));
#4998 = LINE('',#4999,#5000);
#4999 = CARTESIAN_POINT('',(153.06418,-40.816876,1.585));
#5000 = VECTOR('',#5001,1.);
#5001 = DIRECTION('',(-0.471396908497,0.881921172588,0.));
#5002 = ORIENTED_EDGE('',*,*,#5003,.T.);
#5003 = EDGE_CURVE('',#4996,#4969,#5004,.T.);
#5004 = LINE('',#5005,#5006);
#5005 = CARTESIAN_POINT('',(153.00205,-40.700639,1.585));
#5006 = VECTOR('',#5007,1.);
#5007 = DIRECTION('',(-0.555579118218,0.831463675334,0.));
#5008 = PLANE('',#5009);
#5009 = AXIS2_PLACEMENT_3D('',#5010,#5011,#5012);
#5010 = CARTESIAN_POINT('',(0.,0.,1.585));
#5011 = DIRECTION('',(0.,0.,1.));
#5012 = DIRECTION('',(1.,0.,-0.));
#5013 = SHELL_BASED_SURFACE_MODEL('',(#5014));
#5014 = OPEN_SHELL('',(#5015));
#5015 = ADVANCED_FACE('',(#5016),#5075,.T.);
#5016 = FACE_BOUND('',#5017,.F.);
#5017 = EDGE_LOOP('',(#5018,#5028,#5036,#5044,#5052,#5060,#5069));
#5018 = ORIENTED_EDGE('',*,*,#5019,.T.);
#5019 = EDGE_CURVE('',#5020,#5022,#5024,.T.);
#5020 = VERTEX_POINT('',#5021);
#5021 = CARTESIAN_POINT('',(147.602615,-39.941792,1.585));
#5022 = VERTEX_POINT('',#5023);
#5023 = CARTESIAN_POINT('',(147.606073,-39.95014,1.585));
#5024 = LINE('',#5025,#5026);
#5025 = CARTESIAN_POINT('',(147.602615,-39.941792,1.585));
#5026 = VECTOR('',#5027,1.);
#5027 = DIRECTION('',(0.382697146562,-0.923873851786,0.));
#5028 = ORIENTED_EDGE('',*,*,#5029,.T.);
#5029 = EDGE_CURVE('',#5022,#5030,#5032,.T.);
#5030 = VERTEX_POINT('',#5031);
#5031 = CARTESIAN_POINT('',(147.406671,-40.149543,1.585));
#5032 = LINE('',#5033,#5034);
#5033 = CARTESIAN_POINT('',(147.606073,-39.95014,1.585));
#5034 = VECTOR('',#5035,1.);
#5035 = DIRECTION('',(-0.70710500812,-0.707108554248,0.));
#5036 = ORIENTED_EDGE('',*,*,#5037,.T.);
#5037 = EDGE_CURVE('',#5030,#5038,#5040,.T.);
#5038 = VERTEX_POINT('',#5039);
#5039 = CARTESIAN_POINT('',(147.403411,-40.153514,1.585));
#5040 = LINE('',#5041,#5042);
#5041 = CARTESIAN_POINT('',(147.406671,-40.149543,1.585));
#5042 = VECTOR('',#5043,1.);
#5043 = DIRECTION('',(-0.634519410904,-0.7729069266,0.));
#5044 = ORIENTED_EDGE('',*,*,#5045,.T.);
#5045 = EDGE_CURVE('',#5038,#5046,#5048,.T.);
#5046 = VERTEX_POINT('',#5047);
#5047 = CARTESIAN_POINT('',(147.394559,-40.149848,1.585));
#5048 = LINE('',#5049,#5050);
#5049 = CARTESIAN_POINT('',(147.403411,-40.153514,1.585));
#5050 = VECTOR('',#5051,1.);
#5051 = DIRECTION('',(-0.923902352525,0.382628335331,0.));
#5052 = ORIENTED_EDGE('',*,*,#5053,.T.);
#5053 = EDGE_CURVE('',#5046,#5054,#5056,.T.);
#5054 = VERTEX_POINT('',#5055);
#5055 = CARTESIAN_POINT('',(144.701522,-37.456811,1.585));
#5056 = LINE('',#5057,#5058);
#5057 = CARTESIAN_POINT('',(147.394559,-40.149848,1.585));
#5058 = VECTOR('',#5059,1.);
#5059 = DIRECTION('',(-0.707106781187,0.707106781187,0.));
#5060 = ORIENTED_EDGE('',*,*,#5061,.T.);
#5061 = EDGE_CURVE('',#5054,#5062,#5064,.T.);
#5062 = VERTEX_POINT('',#5063);
#5063 = CARTESIAN_POINT('',(144.909578,-37.248755,1.585));
#5064 = CIRCLE('',#5065,0.150000188319);
#5065 = AXIS2_PLACEMENT_3D('',#5066,#5067,#5068);
#5066 = CARTESIAN_POINT('',(144.82624307768,-37.37347607768,1.585));
#5067 = DIRECTION('',(0.,0.,-1.));
#5068 = DIRECTION('',(-0.831472807322,-0.555565451305,-0.));
#5069 = ORIENTED_EDGE('',*,*,#5070,.T.);
#5070 = EDGE_CURVE('',#5062,#5020,#5071,.T.);
#5071 = LINE('',#5072,#5073);
#5072 = CARTESIAN_POINT('',(144.909578,-37.248755,1.585));
#5073 = VECTOR('',#5074,1.);
#5074 = DIRECTION('',(0.707106781187,-0.707106781187,0.));
#5075 = PLANE('',#5076);
#5076 = AXIS2_PLACEMENT_3D('',#5077,#5078,#5079);
#5077 = CARTESIAN_POINT('',(0.,0.,1.585));
#5078 = DIRECTION('',(0.,0.,1.));
#5079 = DIRECTION('',(1.,0.,-0.));
#5080 = SHELL_BASED_SURFACE_MODEL('',(#5081));
#5081 = OPEN_SHELL('',(#5082));
#5082 = ADVANCED_FACE('',(#5083),#5126,.T.);
#5083 = FACE_BOUND('',#5084,.F.);
#5084 = EDGE_LOOP('',(#5085,#5096,#5104,#5112,#5120));
#5085 = ORIENTED_EDGE('',*,*,#5086,.T.);
#5086 = EDGE_CURVE('',#5087,#5089,#5091,.T.);
#5087 = VERTEX_POINT('',#5088);
#5088 = CARTESIAN_POINT('',(154.995957,-37.248755,1.585));
#5089 = VERTEX_POINT('',#5090);
#5090 = CARTESIAN_POINT('',(155.204013,-37.456811,1.585));
#5091 = CIRCLE('',#5092,0.150000166887);
#5092 = AXIS2_PLACEMENT_3D('',#5093,#5094,#5095);
#5093 = CARTESIAN_POINT('',(155.079292,-37.373476,1.585));
#5094 = DIRECTION('',(0.,0.,-1.));
#5095 = DIRECTION('',(-0.555566048557,0.831472408256,0.));
#5096 = ORIENTED_EDGE('',*,*,#5097,.T.);
#5097 = EDGE_CURVE('',#5089,#5098,#5100,.T.);
#5098 = VERTEX_POINT('',#5099);
#5099 = CARTESIAN_POINT('',(152.552305,-40.108519,1.585));
#5100 = LINE('',#5101,#5102);
#5101 = CARTESIAN_POINT('',(155.204013,-37.456811,1.585));
#5102 = VECTOR('',#5103,1.);
#5103 = DIRECTION('',(-0.707106781187,-0.707106781187,0.));
#5104 = ORIENTED_EDGE('',*,*,#5105,.T.);
#5105 = EDGE_CURVE('',#5098,#5106,#5108,.T.);
#5106 = VERTEX_POINT('',#5107);
#5107 = CARTESIAN_POINT('',(152.350456,-39.90667,1.585));
#5108 = LINE('',#5109,#5110);
#5109 = CARTESIAN_POINT('',(152.552305,-40.108519,1.585));
#5110 = VECTOR('',#5111,1.);
#5111 = DIRECTION('',(-0.707106781187,0.707106781187,0.));
#5112 = ORIENTED_EDGE('',*,*,#5113,.T.);
#5113 = EDGE_CURVE('',#5106,#5114,#5116,.T.);
#5114 = VERTEX_POINT('',#5115);
#5115 = CARTESIAN_POINT('',(152.343637,-39.901074,1.585));
#5116 = LINE('',#5117,#5118);
#5117 = CARTESIAN_POINT('',(152.350456,-39.90667,1.585));
#5118 = VECTOR('',#5119,1.);
#5119 = DIRECTION('',(-0.773022053952,0.634379148542,0.));
#5120 = ORIENTED_EDGE('',*,*,#5121,.T.);
#5121 = EDGE_CURVE('',#5114,#5087,#5122,.T.);
#5122 = LINE('',#5123,#5124);
#5123 = CARTESIAN_POINT('',(152.343637,-39.901074,1.585));
#5124 = VECTOR('',#5125,1.);
#5125 = DIRECTION('',(0.707106914486,0.707106647887,0.));
#5126 = PLANE('',#5127);
#5127 = AXIS2_PLACEMENT_3D('',#5128,#5129,#5130);
#5128 = CARTESIAN_POINT('',(0.,0.,1.585));
#5129 = DIRECTION('',(0.,0.,1.));
#5130 = DIRECTION('',(1.,0.,-0.));
#5131 = SHELL_BASED_SURFACE_MODEL('',(#5132));
#5132 = OPEN_SHELL('',(#5133));
#5133 = ADVANCED_FACE('',(#5134),#5193,.T.);
#5134 = FACE_BOUND('',#5135,.F.);
#5135 = EDGE_LOOP('',(#5136,#5146,#5154,#5162,#5170,#5178,#5187));
#5136 = ORIENTED_EDGE('',*,*,#5137,.T.);
#5137 = EDGE_CURVE('',#5138,#5140,#5142,.T.);
#5138 = VERTEX_POINT('',#5139);
#5139 = CARTESIAN_POINT('',(148.297461,-39.436767,1.585));
#5140 = VERTEX_POINT('',#5141);
#5141 = CARTESIAN_POINT('',(148.29862,-39.445576,1.585));
#5142 = LINE('',#5143,#5144);
#5143 = CARTESIAN_POINT('',(148.297461,-39.436767,1.585));
#5144 = VECTOR('',#5145,1.);
#5145 = DIRECTION('',(0.130445778235,-0.991455444758,0.));
#5146 = ORIENTED_EDGE('',*,*,#5147,.T.);
#5147 = EDGE_CURVE('',#5140,#5148,#5150,.T.);
#5148 = VERTEX_POINT('',#5149);
#5149 = CARTESIAN_POINT('',(148.20064,-39.497949,1.585));
#5150 = LINE('',#5151,#5152);
#5151 = CARTESIAN_POINT('',(148.29862,-39.445576,1.585));
#5152 = VECTOR('',#5153,1.);
#5153 = DIRECTION('',(-0.881915281167,-0.4714079304,0.));
#5154 = ORIENTED_EDGE('',*,*,#5155,.T.);
#5155 = EDGE_CURVE('',#5148,#5156,#5158,.T.);
#5156 = VERTEX_POINT('',#5157);
#5157 = CARTESIAN_POINT('',(148.135885,-39.541216,1.585));
#5158 = LINE('',#5159,#5160);
#5159 = CARTESIAN_POINT('',(148.20064,-39.497949,1.585));
#5160 = VECTOR('',#5161,1.);
#5161 = DIRECTION('',(-0.831474996236,-0.555562175309,0.));
#5162 = ORIENTED_EDGE('',*,*,#5163,.T.);
#5163 = EDGE_CURVE('',#5156,#5164,#5166,.T.);
#5164 = VERTEX_POINT('',#5165);
#5165 = CARTESIAN_POINT('',(148.127583,-39.534846,1.585));
#5166 = LINE('',#5167,#5168);
#5167 = CARTESIAN_POINT('',(148.135885,-39.541216,1.585));
#5168 = VECTOR('',#5169,1.);
#5169 = DIRECTION('',(-0.793369431696,0.608740457708,0.));
#5170 = ORIENTED_EDGE('',*,*,#5171,.T.);
#5171 = EDGE_CURVE('',#5164,#5172,#5174,.T.);
#5172 = VERTEX_POINT('',#5173);
#5173 = CARTESIAN_POINT('',(146.483075,-36.686473,1.585));
#5174 = LINE('',#5175,#5176);
#5175 = CARTESIAN_POINT('',(148.127583,-39.534846,1.585));
#5176 = VECTOR('',#5177,1.);
#5177 = DIRECTION('',(-0.499999790598,0.866025524683,0.));
#5178 = ORIENTED_EDGE('',*,*,#5179,.T.);
#5179 = EDGE_CURVE('',#5172,#5180,#5182,.T.);
#5180 = VERTEX_POINT('',#5181);
#5181 = CARTESIAN_POINT('',(146.652952,-36.588394,1.585));
#5182 = CIRCLE('',#5183,0.100000115017);
#5183 = AXIS2_PLACEMENT_3D('',#5184,#5185,#5186);
#5184 = CARTESIAN_POINT('',(146.57776804236,-36.6543287823,1.585));
#5185 = DIRECTION('',(0.,0.,-1.));
#5186 = DIRECTION('',(-0.946929334517,-0.321441807224,-0.));
#5187 = ORIENTED_EDGE('',*,*,#5188,.T.);
#5188 = EDGE_CURVE('',#5180,#5138,#5189,.T.);
#5189 = LINE('',#5190,#5191);
#5190 = CARTESIAN_POINT('',(146.652952,-36.588394,1.585));
#5191 = VECTOR('',#5192,1.);
#5192 = DIRECTION('',(0.50000001863,-0.866025393029,0.));
#5193 = PLANE('',#5194);
#5194 = AXIS2_PLACEMENT_3D('',#5195,#5196,#5197);
#5195 = CARTESIAN_POINT('',(0.,0.,1.585));
#5196 = DIRECTION('',(0.,0.,1.));
#5197 = DIRECTION('',(1.,0.,-0.));
#5198 = SHELL_BASED_SURFACE_MODEL('',(#5199));
#5199 = OPEN_SHELL('',(#5200));
#5200 = ADVANCED_FACE('',(#5201),#5236,.T.);
#5201 = FACE_BOUND('',#5202,.F.);
#5202 = EDGE_LOOP('',(#5203,#5214,#5222,#5230));
#5203 = ORIENTED_EDGE('',*,*,#5204,.T.);
#5204 = EDGE_CURVE('',#5205,#5207,#5209,.T.);
#5205 = VERTEX_POINT('',#5206);
#5206 = CARTESIAN_POINT('',(153.252583,-36.588395,1.585));
#5207 = VERTEX_POINT('',#5208);
#5208 = CARTESIAN_POINT('',(153.422461,-36.686474,1.585));
#5209 = CIRCLE('',#5210,0.100000442863);
#5210 = AXIS2_PLACEMENT_3D('',#5211,#5212,#5213);
#5211 = CARTESIAN_POINT('',(153.32776774891,-36.65432937725,1.585));
#5212 = DIRECTION('',(0.,0.,-1.));
#5213 = DIRECTION('',(-0.751844159514,0.659340852522,0.));
#5214 = ORIENTED_EDGE('',*,*,#5215,.T.);
#5215 = EDGE_CURVE('',#5207,#5216,#5218,.T.);
#5216 = VERTEX_POINT('',#5217);
#5217 = CARTESIAN_POINT('',(151.799279,-39.497906,1.585));
#5218 = LINE('',#5219,#5220);
#5219 = CARTESIAN_POINT('',(153.422461,-36.686474,1.585));
#5220 = VECTOR('',#5221,1.);
#5221 = DIRECTION('',(-0.500000225943,-0.866025273336,0.));
#5222 = ORIENTED_EDGE('',*,*,#5223,.T.);
#5223 = EDGE_CURVE('',#5216,#5224,#5226,.T.);
#5224 = VERTEX_POINT('',#5225);
#5225 = CARTESIAN_POINT('',(151.626191,-39.405388,1.585));
#5226 = LINE('',#5227,#5228);
#5227 = CARTESIAN_POINT('',(151.799279,-39.497906,1.585));
#5228 = VECTOR('',#5229,1.);
#5229 = DIRECTION('',(-0.8819201279,0.471398862966,0.));
#5230 = ORIENTED_EDGE('',*,*,#5231,.T.);
#5231 = EDGE_CURVE('',#5224,#5205,#5232,.T.);
#5232 = LINE('',#5233,#5234);
#5233 = CARTESIAN_POINT('',(151.626191,-39.405388,1.585));
#5234 = VECTOR('',#5235,1.);
#5235 = DIRECTION('',(0.500000076814,0.866025359436,0.));
#5236 = PLANE('',#5237);
#5237 = AXIS2_PLACEMENT_3D('',#5238,#5239,#5240);
#5238 = CARTESIAN_POINT('',(0.,0.,1.585));
#5239 = DIRECTION('',(0.,0.,1.));
#5240 = DIRECTION('',(1.,0.,-0.));
#5241 = SHELL_BASED_SURFACE_MODEL('',(#5242));
#5242 = OPEN_SHELL('',(#5243));
#5243 = ADVANCED_FACE('',(#5244),#5295,.T.);
#5244 = FACE_BOUND('',#5245,.F.);
#5245 = EDGE_LOOP('',(#5246,#5257,#5265,#5273,#5281,#5289));
#5246 = ORIENTED_EDGE('',*,*,#5247,.T.);
#5247 = EDGE_CURVE('',#5248,#5250,#5252,.T.);
#5248 = VERTEX_POINT('',#5249);
#5249 = CARTESIAN_POINT('',(148.130555,-35.914066,1.585));
#5250 = VERTEX_POINT('',#5251);
#5251 = CARTESIAN_POINT('',(148.295427,-35.935772,1.585));
#5252 = CIRCLE('',#5253,0.100001210234);
#5253 = AXIS2_PLACEMENT_3D('',#5254,#5255,#5256);
#5254 = CARTESIAN_POINT('',(148.20573908257,-35.98000230089,1.585));
#5255 = DIRECTION('',(0.,0.,-1.));
#5256 = DIRECTION('',(-0.751831726864,0.659355029161,0.));
#5257 = ORIENTED_EDGE('',*,*,#5258,.T.);
#5258 = EDGE_CURVE('',#5250,#5259,#5261,.T.);
#5259 = VERTEX_POINT('',#5260);
#5260 = CARTESIAN_POINT('',(149.144963,-39.106287,1.585));
#5261 = LINE('',#5262,#5263);
#5262 = CARTESIAN_POINT('',(148.295427,-35.935772,1.585));
#5263 = VECTOR('',#5264,1.);
#5264 = DIRECTION('',(0.258818779658,-0.965925897415,0.));
#5265 = ORIENTED_EDGE('',*,*,#5266,.T.);
#5266 = EDGE_CURVE('',#5259,#5267,#5269,.T.);
#5267 = VERTEX_POINT('',#5268);
#5268 = CARTESIAN_POINT('',(148.957151,-39.163259,1.585));
#5269 = LINE('',#5270,#5271);
#5270 = CARTESIAN_POINT('',(149.144963,-39.106287,1.585));
#5271 = VECTOR('',#5272,1.);
#5272 = DIRECTION('',(-0.956940544275,-0.290283989779,0.));
#5273 = ORIENTED_EDGE('',*,*,#5274,.T.);
#5274 = EDGE_CURVE('',#5267,#5275,#5277,.T.);
#5275 = VERTEX_POINT('',#5276);
#5276 = CARTESIAN_POINT('',(148.105953,-35.986541,1.585));
#5277 = LINE('',#5278,#5279);
#5278 = CARTESIAN_POINT('',(148.957151,-39.163259,1.585));
#5279 = VECTOR('',#5280,1.);
#5280 = DIRECTION('',(-0.258818754972,0.965925904029,0.));
#5281 = ORIENTED_EDGE('',*,*,#5282,.T.);
#5282 = EDGE_CURVE('',#5275,#5283,#5285,.T.);
#5283 = VERTEX_POINT('',#5284);
#5284 = CARTESIAN_POINT('',(148.111046,-35.947857,1.585));
#5285 = LINE('',#5286,#5287);
#5286 = CARTESIAN_POINT('',(148.105953,-35.986541,1.585));
#5287 = VECTOR('',#5288,1.);
#5288 = DIRECTION('',(0.130530091623,0.991444348,0.));
#5289 = ORIENTED_EDGE('',*,*,#5290,.T.);
#5290 = EDGE_CURVE('',#5283,#5248,#5291,.T.);
#5291 = LINE('',#5292,#5293);
#5292 = CARTESIAN_POINT('',(148.111046,-35.947857,1.585));
#5293 = VECTOR('',#5294,1.);
#5294 = DIRECTION('',(0.49999533015,0.866028099907,0.));
#5295 = PLANE('',#5296);
#5296 = AXIS2_PLACEMENT_3D('',#5297,#5298,#5299);
#5297 = CARTESIAN_POINT('',(0.,0.,1.585));
#5298 = DIRECTION('',(0.,0.,1.));
#5299 = DIRECTION('',(1.,0.,-0.));
#5300 = SHELL_BASED_SURFACE_MODEL('',(#5301));
#5301 = OPEN_SHELL('',(#5302));
#5302 = ADVANCED_FACE('',(#5303),#5354,.T.);
#5303 = FACE_BOUND('',#5304,.F.);
#5304 = EDGE_LOOP('',(#5305,#5316,#5324,#5332,#5340,#5348));
#5305 = ORIENTED_EDGE('',*,*,#5306,.T.);
#5306 = EDGE_CURVE('',#5307,#5309,#5311,.T.);
#5307 = VERTEX_POINT('',#5308);
#5308 = CARTESIAN_POINT('',(151.633861,-35.904817,1.585));
#5309 = VERTEX_POINT('',#5310);
#5310 = CARTESIAN_POINT('',(151.799582,-35.986542,1.585));
#5311 = CIRCLE('',#5312,9.999991917952E-02);
#5312 = AXIS2_PLACEMENT_3D('',#5313,#5314,#5315);
#5313 = CARTESIAN_POINT('',(151.6997962823,-35.98000025866,1.585));
#5314 = DIRECTION('',(0.,0.,-1.));
#5315 = DIRECTION('',(-0.659353355927,0.751833194284,0.));
#5316 = ORIENTED_EDGE('',*,*,#5317,.T.);
#5317 = EDGE_CURVE('',#5309,#5318,#5320,.T.);
#5318 = VERTEX_POINT('',#5319);
#5319 = CARTESIAN_POINT('',(150.955484,-39.136757,1.585));
#5320 = LINE('',#5321,#5322);
#5321 = CARTESIAN_POINT('',(151.799582,-35.986542,1.585));
#5322 = VECTOR('',#5323,1.);
#5323 = DIRECTION('',(-0.258819169481,-0.965925792962,0.));
#5324 = ORIENTED_EDGE('',*,*,#5325,.T.);
#5325 = EDGE_CURVE('',#5318,#5326,#5328,.T.);
#5326 = VERTEX_POINT('',#5327);
#5327 = CARTESIAN_POINT('',(150.850431,-39.10489,1.585));
#5328 = LINE('',#5329,#5330);
#5329 = CARTESIAN_POINT('',(150.955484,-39.136757,1.585));
#5330 = VECTOR('',#5331,1.);
#5331 = DIRECTION('',(-0.956941548164,0.290280680374,0.));
#5332 = ORIENTED_EDGE('',*,*,#5333,.T.);
#5333 = EDGE_CURVE('',#5326,#5334,#5336,.T.);
#5334 = VERTEX_POINT('',#5335);
#5335 = CARTESIAN_POINT('',(150.765474,-39.08799,1.585));
#5336 = LINE('',#5337,#5338);
#5337 = CARTESIAN_POINT('',(150.850431,-39.10489,1.585));
#5338 = VECTOR('',#5339,1.);
#5339 = DIRECTION('',(-0.980783066975,0.195101449343,0.));
#5340 = ORIENTED_EDGE('',*,*,#5341,.T.);
#5341 = EDGE_CURVE('',#5334,#5342,#5344,.T.);
#5342 = VERTEX_POINT('',#5343);
#5343 = CARTESIAN_POINT('',(151.610108,-35.935772,1.585));
#5344 = LINE('',#5345,#5346);
#5345 = CARTESIAN_POINT('',(150.765474,-39.08799,1.585));
#5346 = VECTOR('',#5347,1.);
#5347 = DIRECTION('',(0.258818968634,0.965925846779,0.));
#5348 = ORIENTED_EDGE('',*,*,#5349,.T.);
#5349 = EDGE_CURVE('',#5342,#5307,#5350,.T.);
#5350 = LINE('',#5351,#5352);
#5351 = CARTESIAN_POINT('',(151.610108,-35.935772,1.585));
#5352 = VECTOR('',#5353,1.);
#5353 = DIRECTION('',(0.608767769953,0.793348474673,0.));
#5354 = PLANE('',#5355);
#5355 = AXIS2_PLACEMENT_3D('',#5356,#5357,#5358);
#5356 = CARTESIAN_POINT('',(0.,0.,1.585));
#5357 = DIRECTION('',(0.,0.,1.));
#5358 = DIRECTION('',(1.,0.,-0.));
#5359 = SHELL_BASED_SURFACE_MODEL('',(#5360));
#5360 = OPEN_SHELL('',(#5361));
#5361 = ADVANCED_FACE('',(#5362),#5437,.T.);
#5362 = FACE_BOUND('',#5363,.F.);
#5363 = EDGE_LOOP('',(#5364,#5374,#5382,#5390,#5398,#5406,#5414,#5422,
    #5431));
#5364 = ORIENTED_EDGE('',*,*,#5365,.T.);
#5365 = EDGE_CURVE('',#5366,#5368,#5370,.T.);
#5366 = VERTEX_POINT('',#5367);
#5367 = CARTESIAN_POINT('',(150.202768,-39.,1.585));
#5368 = VERTEX_POINT('',#5369);
#5369 = CARTESIAN_POINT('',(150.202058,-39.007201,1.585));
#5370 = LINE('',#5371,#5372);
#5371 = CARTESIAN_POINT('',(150.202768,-39.,1.585));
#5372 = VECTOR('',#5373,1.);
#5373 = DIRECTION('',(-9.812162828431E-02,-0.995174429968,0.));
#5374 = ORIENTED_EDGE('',*,*,#5375,.T.);
#5375 = EDGE_CURVE('',#5368,#5376,#5378,.T.);
#5376 = VERTEX_POINT('',#5377);
#5377 = CARTESIAN_POINT('',(150.171737,-39.004215,1.585));
#5378 = LINE('',#5379,#5380);
#5379 = CARTESIAN_POINT('',(150.202058,-39.007201,1.585));
#5380 = VECTOR('',#5381,1.);
#5381 = DIRECTION('',(-0.995185872267,9.80055082151E-02,0.));
#5382 = ORIENTED_EDGE('',*,*,#5383,.T.);
#5383 = EDGE_CURVE('',#5376,#5384,#5386,.T.);
#5384 = VERTEX_POINT('',#5385);
#5385 = CARTESIAN_POINT('',(150.,-38.999999,1.585));
#5386 = LINE('',#5387,#5388);
#5387 = CARTESIAN_POINT('',(150.171737,-39.004215,1.585));
#5388 = VECTOR('',#5389,1.);
#5389 = DIRECTION('',(-0.999698805374,2.454177121677E-02,0.));
#5390 = ORIENTED_EDGE('',*,*,#5391,.T.);
#5391 = EDGE_CURVE('',#5384,#5392,#5394,.T.);
#5392 = VERTEX_POINT('',#5393);
#5393 = CARTESIAN_POINT('',(149.828263,-39.004215,1.585));
#5394 = LINE('',#5395,#5396);
#5395 = CARTESIAN_POINT('',(150.,-38.999999,1.585));
#5396 = VECTOR('',#5397,1.);
#5397 = DIRECTION('',(-0.999698805374,-2.454177121677E-02,0.));
#5398 = ORIENTED_EDGE('',*,*,#5399,.T.);
#5399 = EDGE_CURVE('',#5392,#5400,#5402,.T.);
#5400 = VERTEX_POINT('',#5401);
#5401 = CARTESIAN_POINT('',(149.704384,-39.016415,1.585));
#5402 = LINE('',#5403,#5404);
#5403 = CARTESIAN_POINT('',(149.828263,-39.004215,1.585));
#5404 = VECTOR('',#5405,1.);
#5405 = DIRECTION('',(-0.995185523245,-9.800905224933E-02,0.));
#5406 = ORIENTED_EDGE('',*,*,#5407,.T.);
#5407 = EDGE_CURVE('',#5400,#5408,#5410,.T.);
#5408 = VERTEX_POINT('',#5409);
#5409 = CARTESIAN_POINT('',(149.702768,-39.,1.585));
#5410 = LINE('',#5411,#5412);
#5411 = CARTESIAN_POINT('',(149.704384,-39.016415,1.585));
#5412 = VECTOR('',#5413,1.);
#5413 = DIRECTION('',(-9.797292441126E-02,0.995189080568,0.));
#5414 = ORIENTED_EDGE('',*,*,#5415,.T.);
#5415 = EDGE_CURVE('',#5408,#5416,#5418,.T.);
#5416 = VERTEX_POINT('',#5417);
#5417 = CARTESIAN_POINT('',(149.702768,-35.25,1.585));
#5418 = LINE('',#5419,#5420);
#5419 = CARTESIAN_POINT('',(149.702768,-39.,1.585));
#5420 = VECTOR('',#5421,1.);
#5421 = DIRECTION('',(0.,1.,0.));
#5422 = ORIENTED_EDGE('',*,*,#5423,.T.);
#5423 = EDGE_CURVE('',#5416,#5424,#5426,.T.);
#5424 = VERTEX_POINT('',#5425);
#5425 = CARTESIAN_POINT('',(150.202768,-35.25,1.585));
#5426 = CIRCLE('',#5427,0.250000000003);
#5427 = AXIS2_PLACEMENT_3D('',#5428,#5429,#5430);
#5428 = CARTESIAN_POINT('',(149.952768,-35.25000118974,1.585));
#5429 = DIRECTION('',(0.,0.,-1.));
#5430 = DIRECTION('',(-0.999999999989,4.758985653498E-06,0.));
#5431 = ORIENTED_EDGE('',*,*,#5432,.T.);
#5432 = EDGE_CURVE('',#5424,#5366,#5433,.T.);
#5433 = LINE('',#5434,#5435);
#5434 = CARTESIAN_POINT('',(150.202768,-35.25,1.585));
#5435 = VECTOR('',#5436,1.);
#5436 = DIRECTION('',(0.,-1.,0.));
#5437 = PLANE('',#5438);
#5438 = AXIS2_PLACEMENT_3D('',#5439,#5440,#5441);
#5439 = CARTESIAN_POINT('',(0.,0.,1.585));
#5440 = DIRECTION('',(0.,0.,1.));
#5441 = DIRECTION('',(1.,0.,-0.));
#5442 = SHELL_BASED_SURFACE_MODEL('',(#5443));
#5443 = OPEN_SHELL('',(#5444));
#5444 = ADVANCED_FACE('',(#5445),#5495,.T.);
#5445 = FACE_BOUND('',#5446,.F.);
#5446 = EDGE_LOOP('',(#5447,#5457,#5465,#5473,#5481,#5489));
#5447 = ORIENTED_EDGE('',*,*,#5448,.T.);
#5448 = EDGE_CURVE('',#5449,#5451,#5453,.T.);
#5449 = VERTEX_POINT('',#5450);
#5450 = CARTESIAN_POINT('',(143.424983,-32.537501,1.585));
#5451 = VERTEX_POINT('',#5452);
#5452 = CARTESIAN_POINT('',(143.424983,-30.016914,1.585));
#5453 = LINE('',#5454,#5455);
#5454 = CARTESIAN_POINT('',(143.424983,-32.537501,1.585));
#5455 = VECTOR('',#5456,1.);
#5456 = DIRECTION('',(0.,1.,0.));
#5457 = ORIENTED_EDGE('',*,*,#5458,.T.);
#5458 = EDGE_CURVE('',#5451,#5459,#5461,.T.);
#5459 = VERTEX_POINT('',#5460);
#5460 = CARTESIAN_POINT('',(143.711968,-30.016914,1.585));
#5461 = LINE('',#5462,#5463);
#5462 = CARTESIAN_POINT('',(143.424983,-30.016914,1.585));
#5463 = VECTOR('',#5464,1.);
#5464 = DIRECTION('',(1.,0.,0.));
#5465 = ORIENTED_EDGE('',*,*,#5466,.T.);
#5466 = EDGE_CURVE('',#5459,#5467,#5469,.T.);
#5467 = VERTEX_POINT('',#5468);
#5468 = CARTESIAN_POINT('',(143.711968,-32.25021,1.585));
#5469 = LINE('',#5470,#5471);
#5470 = CARTESIAN_POINT('',(143.711968,-30.016914,1.585));
#5471 = VECTOR('',#5472,1.);
#5472 = DIRECTION('',(0.,-1.,0.));
#5473 = ORIENTED_EDGE('',*,*,#5474,.T.);
#5474 = EDGE_CURVE('',#5467,#5475,#5477,.T.);
#5475 = VERTEX_POINT('',#5476);
#5476 = CARTESIAN_POINT('',(145.945569,-32.25021,1.585));
#5477 = LINE('',#5478,#5479);
#5478 = CARTESIAN_POINT('',(143.711968,-32.25021,1.585));
#5479 = VECTOR('',#5480,1.);
#5480 = DIRECTION('',(1.,0.,0.));
#5481 = ORIENTED_EDGE('',*,*,#5482,.T.);
#5482 = EDGE_CURVE('',#5475,#5483,#5485,.T.);
#5483 = VERTEX_POINT('',#5484);
#5484 = CARTESIAN_POINT('',(145.945569,-32.537501,1.585));
#5485 = LINE('',#5486,#5487);
#5486 = CARTESIAN_POINT('',(145.945569,-32.25021,1.585));
#5487 = VECTOR('',#5488,1.);
#5488 = DIRECTION('',(0.,-1.,0.));
#5489 = ORIENTED_EDGE('',*,*,#5490,.T.);
#5490 = EDGE_CURVE('',#5483,#5449,#5491,.T.);
#5491 = LINE('',#5492,#5493);
#5492 = CARTESIAN_POINT('',(145.945569,-32.537501,1.585));
#5493 = VECTOR('',#5494,1.);
#5494 = DIRECTION('',(-1.,0.,0.));
#5495 = PLANE('',#5496);
#5496 = AXIS2_PLACEMENT_3D('',#5497,#5498,#5499);
#5497 = CARTESIAN_POINT('',(0.,0.,1.585));
#5498 = DIRECTION('',(0.,0.,1.));
#5499 = DIRECTION('',(1.,0.,-0.));
#5500 = SHELL_BASED_SURFACE_MODEL('',(#5501));
#5501 = OPEN_SHELL('',(#5502));
#5502 = ADVANCED_FACE('',(#5503,#5700),#5798,.T.);
#5503 = FACE_BOUND('',#5504,.F.);
#5504 = EDGE_LOOP('',(#5505,#5515,#5523,#5531,#5540,#5548,#5556,#5564,
    #5572,#5580,#5588,#5596,#5604,#5612,#5620,#5628,#5636,#5644,#5652,
    #5661,#5669,#5677,#5685,#5694));
#5505 = ORIENTED_EDGE('',*,*,#5506,.T.);
#5506 = EDGE_CURVE('',#5507,#5509,#5511,.T.);
#5507 = VERTEX_POINT('',#5508);
#5508 = CARTESIAN_POINT('',(146.443211,-30.519959,1.585));
#5509 = VERTEX_POINT('',#5510);
#5510 = CARTESIAN_POINT('',(146.554039,-30.5054,1.585));
#5511 = LINE('',#5512,#5513);
#5512 = CARTESIAN_POINT('',(146.443211,-30.519959,1.585));
#5513 = VECTOR('',#5514,1.);
#5514 = DIRECTION('',(0.991481617617,0.13024669642,0.));
#5515 = ORIENTED_EDGE('',*,*,#5516,.T.);
#5516 = EDGE_CURVE('',#5509,#5517,#5519,.T.);
#5517 = VERTEX_POINT('',#5518);
#5518 = CARTESIAN_POINT('',(147.770063,-30.5054,1.585));
#5519 = LINE('',#5520,#5521);
#5520 = CARTESIAN_POINT('',(146.554039,-30.5054,1.585));
#5521 = VECTOR('',#5522,1.);
#5522 = DIRECTION('',(1.,0.,0.));
#5523 = ORIENTED_EDGE('',*,*,#5524,.T.);
#5524 = EDGE_CURVE('',#5517,#5525,#5527,.T.);
#5525 = VERTEX_POINT('',#5526);
#5526 = CARTESIAN_POINT('',(147.883784,-30.52003,1.585));
#5527 = LINE('',#5528,#5529);
#5528 = CARTESIAN_POINT('',(147.770063,-30.5054,1.585));
#5529 = VECTOR('',#5530,1.);
#5530 = DIRECTION('',(0.991826143904,-0.1275966311,0.));
#5531 = ORIENTED_EDGE('',*,*,#5532,.T.);
#5532 = EDGE_CURVE('',#5525,#5533,#5535,.T.);
#5533 = VERTEX_POINT('',#5534);
#5534 = CARTESIAN_POINT('',(148.138564,-30.716823,1.585));
#5535 = CIRCLE('',#5536,0.43237444304);
#5536 = AXIS2_PLACEMENT_3D('',#5537,#5538,#5539);
#5537 = CARTESIAN_POINT('',(147.76586761191,-30.93601483676,1.585));
#5538 = DIRECTION('',(0.,0.,-1.));
#5539 = DIRECTION('',(0.272718219088,0.962093952261,0.));
#5540 = ORIENTED_EDGE('',*,*,#5541,.T.);
#5541 = EDGE_CURVE('',#5533,#5542,#5544,.T.);
#5542 = VERTEX_POINT('',#5543);
#5543 = CARTESIAN_POINT('',(148.181744,-30.817408,1.585));
#5544 = LINE('',#5545,#5546);
#5545 = CARTESIAN_POINT('',(148.138564,-30.716823,1.585));
#5546 = VECTOR('',#5547,1.);
#5547 = DIRECTION('',(0.394476026525,-0.918906232701,0.));
#5548 = ORIENTED_EDGE('',*,*,#5549,.T.);
#5549 = EDGE_CURVE('',#5542,#5550,#5552,.T.);
#5550 = VERTEX_POINT('',#5551);
#5551 = CARTESIAN_POINT('',(148.196267,-30.928245,1.585));
#5552 = LINE('',#5553,#5554);
#5553 = CARTESIAN_POINT('',(148.181744,-30.817408,1.585));
#5554 = VECTOR('',#5555,1.);
#5555 = DIRECTION('',(0.129919707086,-0.991524517957,0.));
#5556 = ORIENTED_EDGE('',*,*,#5557,.T.);
#5557 = EDGE_CURVE('',#5550,#5558,#5560,.T.);
#5558 = VERTEX_POINT('',#5559);
#5559 = CARTESIAN_POINT('',(148.196267,-31.662195,1.585));
#5560 = LINE('',#5561,#5562);
#5561 = CARTESIAN_POINT('',(148.196267,-30.928245,1.585));
#5562 = VECTOR('',#5563,1.);
#5563 = DIRECTION('',(0.,-1.,0.));
#5564 = ORIENTED_EDGE('',*,*,#5565,.T.);
#5565 = EDGE_CURVE('',#5558,#5566,#5568,.T.);
#5566 = VERTEX_POINT('',#5567);
#5567 = CARTESIAN_POINT('',(146.418179,-31.662195,1.585));
#5568 = LINE('',#5569,#5570);
#5569 = CARTESIAN_POINT('',(148.196267,-31.662195,1.585));
#5570 = VECTOR('',#5571,1.);
#5571 = DIRECTION('',(-1.,0.,0.));
#5572 = ORIENTED_EDGE('',*,*,#5573,.T.);
#5573 = EDGE_CURVE('',#5566,#5574,#5576,.T.);
#5574 = VERTEX_POINT('',#5575);
#5575 = CARTESIAN_POINT('',(146.418179,-32.112976,1.585));
#5576 = LINE('',#5577,#5578);
#5577 = CARTESIAN_POINT('',(146.418179,-31.662195,1.585));
#5578 = VECTOR('',#5579,1.);
#5579 = DIRECTION('',(0.,-1.,0.));
#5580 = ORIENTED_EDGE('',*,*,#5581,.T.);
#5581 = EDGE_CURVE('',#5574,#5582,#5584,.T.);
#5582 = VERTEX_POINT('',#5583);
#5583 = CARTESIAN_POINT('',(146.428173,-32.165157,1.585));
#5584 = LINE('',#5585,#5586);
#5585 = CARTESIAN_POINT('',(146.418179,-32.112976,1.585));
#5586 = VECTOR('',#5587,1.);
#5587 = DIRECTION('',(0.188106651568,-0.982148607715,0.));
#5588 = ORIENTED_EDGE('',*,*,#5589,.T.);
#5589 = EDGE_CURVE('',#5582,#5590,#5592,.T.);
#5590 = VERTEX_POINT('',#5591);
#5591 = CARTESIAN_POINT('',(146.458326,-32.209757,1.585));
#5592 = LINE('',#5593,#5594);
#5593 = CARTESIAN_POINT('',(146.428173,-32.165157,1.585));
#5594 = VECTOR('',#5595,1.);
#5595 = DIRECTION('',(0.560085215237,-0.828435001478,0.));
#5596 = ORIENTED_EDGE('',*,*,#5597,.T.);
#5597 = EDGE_CURVE('',#5590,#5598,#5600,.T.);
#5598 = VERTEX_POINT('',#5599);
#5599 = CARTESIAN_POINT('',(146.502654,-32.240153,1.585));
#5600 = LINE('',#5601,#5602);
#5601 = CARTESIAN_POINT('',(146.458326,-32.209757,1.585));
#5602 = VECTOR('',#5603,1.);
#5603 = DIRECTION('',(0.824731827016,-0.565524016738,0.));
#5604 = ORIENTED_EDGE('',*,*,#5605,.T.);
#5605 = EDGE_CURVE('',#5598,#5606,#5608,.T.);
#5606 = VERTEX_POINT('',#5607);
#5607 = CARTESIAN_POINT('',(146.554497,-32.25021,1.585));
#5608 = LINE('',#5609,#5610);
#5609 = CARTESIAN_POINT('',(146.502654,-32.240153,1.585));
#5610 = VECTOR('',#5611,1.);
#5611 = DIRECTION('',(0.981698965717,-0.190439336038,0.));
#5612 = ORIENTED_EDGE('',*,*,#5613,.T.);
#5613 = EDGE_CURVE('',#5606,#5614,#5616,.T.);
#5614 = VERTEX_POINT('',#5615);
#5615 = CARTESIAN_POINT('',(148.196267,-32.25021,1.585));
#5616 = LINE('',#5617,#5618);
#5617 = CARTESIAN_POINT('',(146.554497,-32.25021,1.585));
#5618 = VECTOR('',#5619,1.);
#5619 = DIRECTION('',(1.,0.,0.));
#5620 = ORIENTED_EDGE('',*,*,#5621,.T.);
#5621 = EDGE_CURVE('',#5614,#5622,#5624,.T.);
#5622 = VERTEX_POINT('',#5623);
#5623 = CARTESIAN_POINT('',(148.196267,-32.537501,1.585));
#5624 = LINE('',#5625,#5626);
#5625 = CARTESIAN_POINT('',(148.196267,-32.25021,1.585));
#5626 = VECTOR('',#5627,1.);
#5627 = DIRECTION('',(0.,-1.,0.));
#5628 = ORIENTED_EDGE('',*,*,#5629,.T.);
#5629 = EDGE_CURVE('',#5622,#5630,#5632,.T.);
#5630 = VERTEX_POINT('',#5631);
#5631 = CARTESIAN_POINT('',(146.554039,-32.537501,1.585));
#5632 = LINE('',#5633,#5634);
#5633 = CARTESIAN_POINT('',(148.196267,-32.537501,1.585));
#5634 = VECTOR('',#5635,1.);
#5635 = DIRECTION('',(-1.,0.,0.));
#5636 = ORIENTED_EDGE('',*,*,#5637,.T.);
#5637 = EDGE_CURVE('',#5630,#5638,#5640,.T.);
#5638 = VERTEX_POINT('',#5639);
#5639 = CARTESIAN_POINT('',(146.443202,-32.522978,1.585));
#5640 = LINE('',#5641,#5642);
#5641 = CARTESIAN_POINT('',(146.554039,-32.537501,1.585));
#5642 = VECTOR('',#5643,1.);
#5643 = DIRECTION('',(-0.991524517957,0.129919707086,0.));
#5644 = ORIENTED_EDGE('',*,*,#5645,.T.);
#5645 = EDGE_CURVE('',#5638,#5646,#5648,.T.);
#5646 = VERTEX_POINT('',#5647);
#5647 = CARTESIAN_POINT('',(146.342616,-32.479798,1.585));
#5648 = LINE('',#5649,#5650);
#5649 = CARTESIAN_POINT('',(146.443202,-32.522978,1.585));
#5650 = VECTOR('',#5651,1.);
#5651 = DIRECTION('',(-0.918907654289,0.394472715012,0.));
#5652 = ORIENTED_EDGE('',*,*,#5653,.T.);
#5653 = EDGE_CURVE('',#5646,#5654,#5656,.T.);
#5654 = VERTEX_POINT('',#5655);
#5655 = CARTESIAN_POINT('',(146.145717,-32.224734,1.585));
#5656 = CIRCLE('',#5657,0.438933363644);
#5657 = AXIS2_PLACEMENT_3D('',#5658,#5659,#5660);
#5658 = CARTESIAN_POINT('',(146.56736522432,-32.10276977309,1.585));
#5659 = DIRECTION('',(0.,0.,-1.));
#5660 = DIRECTION('',(-0.512034953225,-0.858964613169,-0.));
#5661 = ORIENTED_EDGE('',*,*,#5662,.T.);
#5662 = EDGE_CURVE('',#5654,#5663,#5665,.T.);
#5663 = VERTEX_POINT('',#5664);
#5664 = CARTESIAN_POINT('',(146.131194,-32.113587,1.585));
#5665 = LINE('',#5666,#5667);
#5666 = CARTESIAN_POINT('',(146.145717,-32.224734,1.585));
#5667 = VECTOR('',#5668,1.);
#5668 = DIRECTION('',(-0.129563439314,0.991571134712,0.));
#5669 = ORIENTED_EDGE('',*,*,#5670,.T.);
#5670 = EDGE_CURVE('',#5663,#5671,#5673,.T.);
#5671 = VERTEX_POINT('',#5672);
#5672 = CARTESIAN_POINT('',(146.131274,-30.928703,1.585));
#5673 = LINE('',#5674,#5675);
#5674 = CARTESIAN_POINT('',(146.131194,-32.113587,1.585));
#5675 = VECTOR('',#5676,1.);
#5676 = DIRECTION('',(6.751715764128E-05,0.999999997721,0.));
#5677 = ORIENTED_EDGE('',*,*,#5678,.T.);
#5678 = EDGE_CURVE('',#5671,#5679,#5681,.T.);
#5679 = VERTEX_POINT('',#5680);
#5680 = CARTESIAN_POINT('',(146.145722,-30.818189,1.585));
#5681 = LINE('',#5682,#5683);
#5682 = CARTESIAN_POINT('',(146.131274,-30.928703,1.585));
#5683 = VECTOR('',#5684,1.);
#5684 = DIRECTION('',(0.12963146122,0.99156224427,0.));
#5685 = ORIENTED_EDGE('',*,*,#5686,.T.);
#5686 = EDGE_CURVE('',#5679,#5687,#5689,.T.);
#5687 = VERTEX_POINT('',#5688);
#5688 = CARTESIAN_POINT('',(146.342616,-30.563255,1.585));
#5689 = CIRCLE('',#5690,0.435215412394);
#5690 = AXIS2_PLACEMENT_3D('',#5691,#5692,#5693);
#5691 = CARTESIAN_POINT('',(146.5641605327,-30.93786209445,1.585));
#5692 = DIRECTION('',(0.,0.,-1.));
#5693 = DIRECTION('',(-0.961451549704,0.274974394395,0.));
#5694 = ORIENTED_EDGE('',*,*,#5695,.T.);
#5695 = EDGE_CURVE('',#5687,#5507,#5696,.T.);
#5696 = LINE('',#5697,#5698);
#5697 = CARTESIAN_POINT('',(146.342616,-30.563255,1.585));
#5698 = VECTOR('',#5699,1.);
#5699 = DIRECTION('',(0.918536092445,0.395337130657,0.));
#5700 = FACE_BOUND('',#5701,.F.);
#5701 = EDGE_LOOP('',(#5702,#5712,#5720,#5728,#5736,#5744,#5752,#5760,
    #5768,#5776,#5784,#5792));
#5702 = ORIENTED_EDGE('',*,*,#5703,.T.);
#5703 = EDGE_CURVE('',#5704,#5706,#5708,.T.);
#5704 = VERTEX_POINT('',#5705);
#5705 = CARTESIAN_POINT('',(147.824677,-30.802681,1.585));
#5706 = VERTEX_POINT('',#5707);
#5707 = CARTESIAN_POINT('',(147.772811,-30.792691,1.585));
#5708 = LINE('',#5709,#5710);
#5709 = CARTESIAN_POINT('',(147.824677,-30.802681,1.585));
#5710 = VECTOR('',#5711,1.);
#5711 = DIRECTION('',(-0.981951038806,0.189135288583,0.));
#5712 = ORIENTED_EDGE('',*,*,#5713,.T.);
#5713 = EDGE_CURVE('',#5706,#5714,#5716,.T.);
#5714 = VERTEX_POINT('',#5715);
#5715 = CARTESIAN_POINT('',(146.554802,-30.792691,1.585));
#5716 = LINE('',#5717,#5718);
#5717 = CARTESIAN_POINT('',(147.772811,-30.792691,1.585));
#5718 = VECTOR('',#5719,1.);
#5719 = DIRECTION('',(-1.,0.,0.));
#5720 = ORIENTED_EDGE('',*,*,#5721,.T.);
#5721 = EDGE_CURVE('',#5714,#5722,#5724,.T.);
#5722 = VERTEX_POINT('',#5723);
#5723 = CARTESIAN_POINT('',(146.502805,-30.802688,1.585));
#5724 = LINE('',#5725,#5726);
#5725 = CARTESIAN_POINT('',(146.554802,-30.792691,1.585));
#5726 = VECTOR('',#5727,1.);
#5727 = DIRECTION('',(-0.982014932562,-0.188803263281,0.));
#5728 = ORIENTED_EDGE('',*,*,#5729,.T.);
#5729 = EDGE_CURVE('',#5722,#5730,#5732,.T.);
#5730 = VERTEX_POINT('',#5731);
#5731 = CARTESIAN_POINT('',(146.458479,-30.832838,1.585));
#5732 = LINE('',#5733,#5734);
#5733 = CARTESIAN_POINT('',(146.502805,-30.802688,1.585));
#5734 = VECTOR('',#5735,1.);
#5735 = DIRECTION('',(-0.826854328613,-0.562416144197,0.));
#5736 = ORIENTED_EDGE('',*,*,#5737,.T.);
#5737 = EDGE_CURVE('',#5730,#5738,#5740,.T.);
#5738 = VERTEX_POINT('',#5739);
#5739 = CARTESIAN_POINT('',(146.428212,-30.876901,1.585));
#5740 = LINE('',#5741,#5742);
#5741 = CARTESIAN_POINT('',(146.458479,-30.832838,1.585));
#5742 = VECTOR('',#5743,1.);
#5743 = DIRECTION('',(-0.566194537359,-0.824271645675,0.));
#5744 = ORIENTED_EDGE('',*,*,#5745,.T.);
#5745 = EDGE_CURVE('',#5738,#5746,#5748,.T.);
#5746 = VERTEX_POINT('',#5747);
#5747 = CARTESIAN_POINT('',(146.418179,-30.928703,1.585));
#5748 = LINE('',#5749,#5750);
#5749 = CARTESIAN_POINT('',(146.428212,-30.876901,1.585));
#5750 = VECTOR('',#5751,1.);
#5751 = DIRECTION('',(-0.190146243629,-0.981755777184,0.));
#5752 = ORIENTED_EDGE('',*,*,#5753,.T.);
#5753 = EDGE_CURVE('',#5746,#5754,#5756,.T.);
#5754 = VERTEX_POINT('',#5755);
#5755 = CARTESIAN_POINT('',(146.418179,-31.374905,1.585));
#5756 = LINE('',#5757,#5758);
#5757 = CARTESIAN_POINT('',(146.418179,-30.928703,1.585));
#5758 = VECTOR('',#5759,1.);
#5759 = DIRECTION('',(0.,-1.,0.));
#5760 = ORIENTED_EDGE('',*,*,#5761,.T.);
#5761 = EDGE_CURVE('',#5754,#5762,#5764,.T.);
#5762 = VERTEX_POINT('',#5763);
#5763 = CARTESIAN_POINT('',(147.909281,-31.374905,1.585));
#5764 = LINE('',#5765,#5766);
#5765 = CARTESIAN_POINT('',(146.418179,-31.374905,1.585));
#5766 = VECTOR('',#5767,1.);
#5767 = DIRECTION('',(1.,0.,0.));
#5768 = ORIENTED_EDGE('',*,*,#5769,.T.);
#5769 = EDGE_CURVE('',#5762,#5770,#5772,.T.);
#5770 = VERTEX_POINT('',#5771);
#5771 = CARTESIAN_POINT('',(147.909281,-30.928703,1.585));
#5772 = LINE('',#5773,#5774);
#5773 = CARTESIAN_POINT('',(147.909281,-31.374905,1.585));
#5774 = VECTOR('',#5775,1.);
#5775 = DIRECTION('',(0.,1.,0.));
#5776 = ORIENTED_EDGE('',*,*,#5777,.T.);
#5777 = EDGE_CURVE('',#5770,#5778,#5780,.T.);
#5778 = VERTEX_POINT('',#5779);
#5779 = CARTESIAN_POINT('',(147.899248,-30.876901,1.585));
#5780 = LINE('',#5781,#5782);
#5781 = CARTESIAN_POINT('',(147.909281,-30.928703,1.585));
#5782 = VECTOR('',#5783,1.);
#5783 = DIRECTION('',(-0.190146243629,0.981755777184,0.));
#5784 = ORIENTED_EDGE('',*,*,#5785,.T.);
#5785 = EDGE_CURVE('',#5778,#5786,#5788,.T.);
#5786 = VERTEX_POINT('',#5787);
#5787 = CARTESIAN_POINT('',(147.868981,-30.832838,1.585));
#5788 = LINE('',#5789,#5790);
#5789 = CARTESIAN_POINT('',(147.899248,-30.876901,1.585));
#5790 = VECTOR('',#5791,1.);
#5791 = DIRECTION('',(-0.566194537359,0.824271645675,0.));
#5792 = ORIENTED_EDGE('',*,*,#5793,.T.);
#5793 = EDGE_CURVE('',#5786,#5704,#5794,.T.);
#5794 = LINE('',#5795,#5796);
#5795 = CARTESIAN_POINT('',(147.868981,-30.832838,1.585));
#5796 = VECTOR('',#5797,1.);
#5797 = DIRECTION('',(-0.826663697022,0.562696305325,0.));
#5798 = PLANE('',#5799);
#5799 = AXIS2_PLACEMENT_3D('',#5800,#5801,#5802);
#5800 = CARTESIAN_POINT('',(0.,0.,1.585));
#5801 = DIRECTION('',(0.,0.,1.));
#5802 = DIRECTION('',(1.,0.,-0.));
#5803 = SHELL_BASED_SURFACE_MODEL('',(#5804));
#5804 = OPEN_SHELL('',(#5805));
#5805 = ADVANCED_FACE('',(#5806),#5864,.T.);
#5806 = FACE_BOUND('',#5807,.F.);
#5807 = EDGE_LOOP('',(#5808,#5818,#5826,#5834,#5842,#5850,#5858));
#5808 = ORIENTED_EDGE('',*,*,#5809,.T.);
#5809 = EDGE_CURVE('',#5810,#5812,#5814,.T.);
#5810 = VERTEX_POINT('',#5811);
#5811 = CARTESIAN_POINT('',(149.498386,-32.537501,1.585));
#5812 = VERTEX_POINT('',#5813);
#5813 = CARTESIAN_POINT('',(148.37838,-30.5054,1.585));
#5814 = LINE('',#5815,#5816);
#5815 = CARTESIAN_POINT('',(149.498386,-32.537501,1.585));
#5816 = VECTOR('',#5817,1.);
#5817 = DIRECTION('',(-0.482696286431,0.875787813951,0.));
#5818 = ORIENTED_EDGE('',*,*,#5819,.T.);
#5819 = EDGE_CURVE('',#5812,#5820,#5822,.T.);
#5820 = VERTEX_POINT('',#5821);
#5821 = CARTESIAN_POINT('',(148.71452,-30.5054,1.585));
#5822 = LINE('',#5823,#5824);
#5823 = CARTESIAN_POINT('',(148.37838,-30.5054,1.585));
#5824 = VECTOR('',#5825,1.);
#5825 = DIRECTION('',(1.,0.,0.));
#5826 = ORIENTED_EDGE('',*,*,#5827,.T.);
#5827 = EDGE_CURVE('',#5820,#5828,#5830,.T.);
#5828 = VERTEX_POINT('',#5829);
#5829 = CARTESIAN_POINT('',(149.666456,-32.257232,1.585));
#5830 = LINE('',#5831,#5832);
#5831 = CARTESIAN_POINT('',(148.71452,-30.5054,1.585));
#5832 = VECTOR('',#5833,1.);
#5833 = DIRECTION('',(0.477456552878,-0.878655359122,0.));
#5834 = ORIENTED_EDGE('',*,*,#5835,.T.);
#5835 = EDGE_CURVE('',#5828,#5836,#5838,.T.);
#5836 = VERTEX_POINT('',#5837);
#5837 = CARTESIAN_POINT('',(150.618393,-30.5054,1.585));
#5838 = LINE('',#5839,#5840);
#5839 = CARTESIAN_POINT('',(149.666456,-32.257232,1.585));
#5840 = VECTOR('',#5841,1.);
#5841 = DIRECTION('',(0.477456940103,0.878655148706,0.));
#5842 = ORIENTED_EDGE('',*,*,#5843,.T.);
#5843 = EDGE_CURVE('',#5836,#5844,#5846,.T.);
#5844 = VERTEX_POINT('',#5845);
#5845 = CARTESIAN_POINT('',(150.954379,-30.5054,1.585));
#5846 = LINE('',#5847,#5848);
#5847 = CARTESIAN_POINT('',(150.618393,-30.5054,1.585));
#5848 = VECTOR('',#5849,1.);
#5849 = DIRECTION('',(1.,0.,0.));
#5850 = ORIENTED_EDGE('',*,*,#5851,.T.);
#5851 = EDGE_CURVE('',#5844,#5852,#5854,.T.);
#5852 = VERTEX_POINT('',#5853);
#5853 = CARTESIAN_POINT('',(149.831015,-32.537501,1.585));
#5854 = LINE('',#5855,#5856);
#5855 = CARTESIAN_POINT('',(150.954379,-30.5054,1.585));
#5856 = VECTOR('',#5857,1.);
#5857 = DIRECTION('',(-0.483805146788,-0.875175742318,0.));
#5858 = ORIENTED_EDGE('',*,*,#5859,.T.);
#5859 = EDGE_CURVE('',#5852,#5810,#5860,.T.);
#5860 = LINE('',#5861,#5862);
#5861 = CARTESIAN_POINT('',(149.831015,-32.537501,1.585));
#5862 = VECTOR('',#5863,1.);
#5863 = DIRECTION('',(-1.,0.,0.));
#5864 = PLANE('',#5865);
#5865 = AXIS2_PLACEMENT_3D('',#5866,#5867,#5868);
#5866 = CARTESIAN_POINT('',(0.,0.,1.585));
#5867 = DIRECTION('',(0.,0.,1.));
#5868 = DIRECTION('',(1.,0.,-0.));
#5869 = SHELL_BASED_SURFACE_MODEL('',(#5870));
#5870 = OPEN_SHELL('',(#5871));
#5871 = ADVANCED_FACE('',(#5872,#6069),#6167,.T.);
#5872 = FACE_BOUND('',#5873,.F.);
#5873 = EDGE_LOOP('',(#5874,#5884,#5892,#5900,#5909,#5917,#5925,#5933,
    #5941,#5949,#5957,#5965,#5973,#5981,#5989,#5997,#6005,#6013,#6021,
    #6030,#6038,#6046,#6054,#6063));
#5874 = ORIENTED_EDGE('',*,*,#5875,.T.);
#5875 = EDGE_CURVE('',#5876,#5878,#5880,.T.);
#5876 = VERTEX_POINT('',#5877);
#5877 = CARTESIAN_POINT('',(151.452631,-30.519959,1.585));
#5878 = VERTEX_POINT('',#5879);
#5879 = CARTESIAN_POINT('',(151.56346,-30.5054,1.585));
#5880 = LINE('',#5881,#5882);
#5881 = CARTESIAN_POINT('',(151.452631,-30.519959,1.585));
#5882 = VECTOR('',#5883,1.);
#5883 = DIRECTION('',(0.991481769378,0.130245541152,0.));
#5884 = ORIENTED_EDGE('',*,*,#5885,.T.);
#5885 = EDGE_CURVE('',#5878,#5886,#5888,.T.);
#5886 = VERTEX_POINT('',#5887);
#5887 = CARTESIAN_POINT('',(152.779484,-30.5054,1.585));
#5888 = LINE('',#5889,#5890);
#5889 = CARTESIAN_POINT('',(151.56346,-30.5054,1.585));
#5890 = VECTOR('',#5891,1.);
#5891 = DIRECTION('',(1.,0.,0.));
#5892 = ORIENTED_EDGE('',*,*,#5893,.T.);
#5893 = EDGE_CURVE('',#5886,#5894,#5896,.T.);
#5894 = VERTEX_POINT('',#5895);
#5895 = CARTESIAN_POINT('',(152.893204,-30.52003,1.585));
#5896 = LINE('',#5897,#5898);
#5897 = CARTESIAN_POINT('',(152.779484,-30.5054,1.585));
#5898 = VECTOR('',#5899,1.);
#5899 = DIRECTION('',(0.991826001907,-0.127597734857,0.));
#5900 = ORIENTED_EDGE('',*,*,#5901,.T.);
#5901 = EDGE_CURVE('',#5894,#5902,#5904,.T.);
#5902 = VERTEX_POINT('',#5903);
#5903 = CARTESIAN_POINT('',(153.147985,-30.716823,1.585));
#5904 = CIRCLE('',#5905,0.432371649);
#5905 = AXIS2_PLACEMENT_3D('',#5906,#5907,#5908);
#5906 = CARTESIAN_POINT('',(152.77529065221,-30.93601279444,1.585));
#5907 = DIRECTION('',(0.,0.,-1.));
#5908 = DIRECTION('',(0.272712949745,0.96209544591,0.));
#5909 = ORIENTED_EDGE('',*,*,#5910,.T.);
#5910 = EDGE_CURVE('',#5902,#5911,#5913,.T.);
#5911 = VERTEX_POINT('',#5912);
#5912 = CARTESIAN_POINT('',(153.191165,-30.817408,1.585));
#5913 = LINE('',#5914,#5915);
#5914 = CARTESIAN_POINT('',(153.147985,-30.716823,1.585));
#5915 = VECTOR('',#5916,1.);
#5916 = DIRECTION('',(0.394476026525,-0.918906232701,0.));
#5917 = ORIENTED_EDGE('',*,*,#5918,.T.);
#5918 = EDGE_CURVE('',#5911,#5919,#5921,.T.);
#5919 = VERTEX_POINT('',#5920);
#5920 = CARTESIAN_POINT('',(153.205688,-30.928245,1.585));
#5921 = LINE('',#5922,#5923);
#5922 = CARTESIAN_POINT('',(153.191165,-30.817408,1.585));
#5923 = VECTOR('',#5924,1.);
#5924 = DIRECTION('',(0.129919707086,-0.991524517957,0.));
#5925 = ORIENTED_EDGE('',*,*,#5926,.T.);
#5926 = EDGE_CURVE('',#5919,#5927,#5929,.T.);
#5927 = VERTEX_POINT('',#5928);
#5928 = CARTESIAN_POINT('',(153.205688,-31.662195,1.585));
#5929 = LINE('',#5930,#5931);
#5930 = CARTESIAN_POINT('',(153.205688,-30.928245,1.585));
#5931 = VECTOR('',#5932,1.);
#5932 = DIRECTION('',(0.,-1.,0.));
#5933 = ORIENTED_EDGE('',*,*,#5934,.T.);
#5934 = EDGE_CURVE('',#5927,#5935,#5937,.T.);
#5935 = VERTEX_POINT('',#5936);
#5936 = CARTESIAN_POINT('',(151.4276,-31.662195,1.585));
#5937 = LINE('',#5938,#5939);
#5938 = CARTESIAN_POINT('',(153.205688,-31.662195,1.585));
#5939 = VECTOR('',#5940,1.);
#5940 = DIRECTION('',(-1.,0.,0.));
#5941 = ORIENTED_EDGE('',*,*,#5942,.T.);
#5942 = EDGE_CURVE('',#5935,#5943,#5945,.T.);
#5943 = VERTEX_POINT('',#5944);
#5944 = CARTESIAN_POINT('',(151.4276,-32.112976,1.585));
#5945 = LINE('',#5946,#5947);
#5946 = CARTESIAN_POINT('',(151.4276,-31.662195,1.585));
#5947 = VECTOR('',#5948,1.);
#5948 = DIRECTION('',(0.,-1.,0.));
#5949 = ORIENTED_EDGE('',*,*,#5950,.T.);
#5950 = EDGE_CURVE('',#5943,#5951,#5953,.T.);
#5951 = VERTEX_POINT('',#5952);
#5952 = CARTESIAN_POINT('',(151.437594,-32.165157,1.585));
#5953 = LINE('',#5954,#5955);
#5954 = CARTESIAN_POINT('',(151.4276,-32.112976,1.585));
#5955 = VECTOR('',#5956,1.);
#5956 = DIRECTION('',(0.188106651568,-0.982148607715,0.));
#5957 = ORIENTED_EDGE('',*,*,#5958,.T.);
#5958 = EDGE_CURVE('',#5951,#5959,#5961,.T.);
#5959 = VERTEX_POINT('',#5960);
#5960 = CARTESIAN_POINT('',(151.467747,-32.209757,1.585));
#5961 = LINE('',#5962,#5963);
#5962 = CARTESIAN_POINT('',(151.437594,-32.165157,1.585));
#5963 = VECTOR('',#5964,1.);
#5964 = DIRECTION('',(0.560085215237,-0.828435001478,0.));
#5965 = ORIENTED_EDGE('',*,*,#5966,.T.);
#5966 = EDGE_CURVE('',#5959,#5967,#5969,.T.);
#5967 = VERTEX_POINT('',#5968);
#5968 = CARTESIAN_POINT('',(151.512075,-32.240153,1.585));
#5969 = LINE('',#5970,#5971);
#5970 = CARTESIAN_POINT('',(151.467747,-32.209757,1.585));
#5971 = VECTOR('',#5972,1.);
#5972 = DIRECTION('',(0.824731827016,-0.565524016738,0.));
#5973 = ORIENTED_EDGE('',*,*,#5974,.T.);
#5974 = EDGE_CURVE('',#5967,#5975,#5977,.T.);
#5975 = VERTEX_POINT('',#5976);
#5976 = CARTESIAN_POINT('',(151.563918,-32.25021,1.585));
#5977 = LINE('',#5978,#5979);
#5978 = CARTESIAN_POINT('',(151.512075,-32.240153,1.585));
#5979 = VECTOR('',#5980,1.);
#5980 = DIRECTION('',(0.981698965717,-0.190439336038,0.));
#5981 = ORIENTED_EDGE('',*,*,#5982,.T.);
#5982 = EDGE_CURVE('',#5975,#5983,#5985,.T.);
#5983 = VERTEX_POINT('',#5984);
#5984 = CARTESIAN_POINT('',(153.205688,-32.25021,1.585));
#5985 = LINE('',#5986,#5987);
#5986 = CARTESIAN_POINT('',(151.563918,-32.25021,1.585));
#5987 = VECTOR('',#5988,1.);
#5988 = DIRECTION('',(1.,0.,0.));
#5989 = ORIENTED_EDGE('',*,*,#5990,.T.);
#5990 = EDGE_CURVE('',#5983,#5991,#5993,.T.);
#5991 = VERTEX_POINT('',#5992);
#5992 = CARTESIAN_POINT('',(153.205688,-32.537501,1.585));
#5993 = LINE('',#5994,#5995);
#5994 = CARTESIAN_POINT('',(153.205688,-32.25021,1.585));
#5995 = VECTOR('',#5996,1.);
#5996 = DIRECTION('',(0.,-1.,0.));
#5997 = ORIENTED_EDGE('',*,*,#5998,.T.);
#5998 = EDGE_CURVE('',#5991,#5999,#6001,.T.);
#5999 = VERTEX_POINT('',#6000);
#6000 = CARTESIAN_POINT('',(151.56346,-32.537501,1.585));
#6001 = LINE('',#6002,#6003);
#6002 = CARTESIAN_POINT('',(153.205688,-32.537501,1.585));
#6003 = VECTOR('',#6004,1.);
#6004 = DIRECTION('',(-1.,0.,0.));
#6005 = ORIENTED_EDGE('',*,*,#6006,.T.);
#6006 = EDGE_CURVE('',#5999,#6007,#6009,.T.);
#6007 = VERTEX_POINT('',#6008);
#6008 = CARTESIAN_POINT('',(151.452622,-32.522978,1.585));
#6009 = LINE('',#6010,#6011);
#6010 = CARTESIAN_POINT('',(151.56346,-32.537501,1.585));
#6011 = VECTOR('',#6012,1.);
#6012 = DIRECTION('',(-0.991524668953,0.129918554712,0.));
#6013 = ORIENTED_EDGE('',*,*,#6014,.T.);
#6014 = EDGE_CURVE('',#6007,#6015,#6017,.T.);
#6015 = VERTEX_POINT('',#6016);
#6016 = CARTESIAN_POINT('',(151.352037,-32.479798,1.585));
#6017 = LINE('',#6018,#6019);
#6018 = CARTESIAN_POINT('',(151.452622,-32.522978,1.585));
#6019 = VECTOR('',#6020,1.);
#6020 = DIRECTION('',(-0.918906232701,0.394476026525,0.));
#6021 = ORIENTED_EDGE('',*,*,#6022,.T.);
#6022 = EDGE_CURVE('',#6015,#6023,#6025,.T.);
#6023 = VERTEX_POINT('',#6024);
#6024 = CARTESIAN_POINT('',(151.155138,-32.224734,1.585));
#6025 = CIRCLE('',#6026,0.438922718365);
#6026 = AXIS2_PLACEMENT_3D('',#6027,#6028,#6029);
#6027 = CARTESIAN_POINT('',(151.57677716542,-32.10277676619,1.585));
#6028 = DIRECTION('',(0.,0.,-1.));
#6029 = DIRECTION('',(-0.51202673277,-0.858969513387,-0.));
#6030 = ORIENTED_EDGE('',*,*,#6031,.T.);
#6031 = EDGE_CURVE('',#6023,#6032,#6034,.T.);
#6032 = VERTEX_POINT('',#6033);
#6033 = CARTESIAN_POINT('',(151.140614,-32.113587,1.585));
#6034 = LINE('',#6035,#6036);
#6035 = CARTESIAN_POINT('',(151.155138,-32.224734,1.585));
#6036 = VECTOR('',#6037,1.);
#6037 = DIRECTION('',(-0.129572210799,0.991569988548,0.));
#6038 = ORIENTED_EDGE('',*,*,#6039,.T.);
#6039 = EDGE_CURVE('',#6032,#6040,#6042,.T.);
#6040 = VERTEX_POINT('',#6041);
#6041 = CARTESIAN_POINT('',(151.140694,-30.928703,1.585));
#6042 = LINE('',#6043,#6044);
#6043 = CARTESIAN_POINT('',(151.140614,-32.113587,1.585));
#6044 = VECTOR('',#6045,1.);
#6045 = DIRECTION('',(6.751715764128E-05,0.999999997721,0.));
#6046 = ORIENTED_EDGE('',*,*,#6047,.T.);
#6047 = EDGE_CURVE('',#6040,#6048,#6050,.T.);
#6048 = VERTEX_POINT('',#6049);
#6049 = CARTESIAN_POINT('',(151.155142,-30.818189,1.585));
#6050 = LINE('',#6051,#6052);
#6051 = CARTESIAN_POINT('',(151.140694,-30.928703,1.585));
#6052 = VECTOR('',#6053,1.);
#6053 = DIRECTION('',(0.12963146122,0.99156224427,0.));
#6054 = ORIENTED_EDGE('',*,*,#6055,.T.);
#6055 = EDGE_CURVE('',#6048,#6056,#6058,.T.);
#6056 = VERTEX_POINT('',#6057);
#6057 = CARTESIAN_POINT('',(151.352037,-30.563255,1.585));
#6058 = CIRCLE('',#6059,0.435225399914);
#6059 = AXIS2_PLACEMENT_3D('',#6060,#6061,#6062);
#6060 = CARTESIAN_POINT('',(151.57358883763,-30.93786937768,1.585));
#6061 = DIRECTION('',(0.,0.,-1.));
#6062 = DIRECTION('',(-0.961448568299,0.274984818699,0.));
#6063 = ORIENTED_EDGE('',*,*,#6064,.T.);
#6064 = EDGE_CURVE('',#6056,#5876,#6065,.T.);
#6065 = LINE('',#6066,#6067);
#6066 = CARTESIAN_POINT('',(151.352037,-30.563255,1.585));
#6067 = VECTOR('',#6068,1.);
#6068 = DIRECTION('',(0.918534665325,0.395340446447,0.));
#6069 = FACE_BOUND('',#6070,.F.);
#6070 = EDGE_LOOP('',(#6071,#6081,#6089,#6097,#6105,#6113,#6121,#6129,
    #6137,#6145,#6153,#6161));
#6071 = ORIENTED_EDGE('',*,*,#6072,.T.);
#6072 = EDGE_CURVE('',#6073,#6075,#6077,.T.);
#6073 = VERTEX_POINT('',#6074);
#6074 = CARTESIAN_POINT('',(152.834098,-30.802681,1.585));
#6075 = VERTEX_POINT('',#6076);
#6076 = CARTESIAN_POINT('',(152.782232,-30.792691,1.585));
#6077 = LINE('',#6078,#6079);
#6078 = CARTESIAN_POINT('',(152.834098,-30.802681,1.585));
#6079 = VECTOR('',#6080,1.);
#6080 = DIRECTION('',(-0.981951038806,0.189135288583,0.));
#6081 = ORIENTED_EDGE('',*,*,#6082,.T.);
#6082 = EDGE_CURVE('',#6075,#6083,#6085,.T.);
#6083 = VERTEX_POINT('',#6084);
#6084 = CARTESIAN_POINT('',(151.564223,-30.792691,1.585));
#6085 = LINE('',#6086,#6087);
#6086 = CARTESIAN_POINT('',(152.782232,-30.792691,1.585));
#6087 = VECTOR('',#6088,1.);
#6088 = DIRECTION('',(-1.,0.,0.));
#6089 = ORIENTED_EDGE('',*,*,#6090,.T.);
#6090 = EDGE_CURVE('',#6083,#6091,#6093,.T.);
#6091 = VERTEX_POINT('',#6092);
#6092 = CARTESIAN_POINT('',(151.512225,-30.802688,1.585));
#6093 = LINE('',#6094,#6095);
#6094 = CARTESIAN_POINT('',(151.564223,-30.792691,1.585));
#6095 = VECTOR('',#6096,1.);
#6096 = DIRECTION('',(-0.982015605766,-0.188799761738,0.));
#6097 = ORIENTED_EDGE('',*,*,#6098,.T.);
#6098 = EDGE_CURVE('',#6091,#6099,#6101,.T.);
#6099 = VERTEX_POINT('',#6100);
#6100 = CARTESIAN_POINT('',(151.4679,-30.832838,1.585));
#6101 = LINE('',#6102,#6103);
#6102 = CARTESIAN_POINT('',(151.512225,-30.802688,1.585));
#6103 = VECTOR('',#6104,1.);
#6104 = DIRECTION('',(-0.826848428015,-0.562424819055,0.));
#6105 = ORIENTED_EDGE('',*,*,#6106,.T.);
#6106 = EDGE_CURVE('',#6099,#6107,#6109,.T.);
#6107 = VERTEX_POINT('',#6108);
#6108 = CARTESIAN_POINT('',(151.437633,-30.876901,1.585));
#6109 = LINE('',#6110,#6111);
#6110 = CARTESIAN_POINT('',(151.4679,-30.832838,1.585));
#6111 = VECTOR('',#6112,1.);
#6112 = DIRECTION('',(-0.566194537359,-0.824271645676,0.));
#6113 = ORIENTED_EDGE('',*,*,#6114,.T.);
#6114 = EDGE_CURVE('',#6107,#6115,#6117,.T.);
#6115 = VERTEX_POINT('',#6116);
#6116 = CARTESIAN_POINT('',(151.4276,-30.928703,1.585));
#6117 = LINE('',#6118,#6119);
#6118 = CARTESIAN_POINT('',(151.437633,-30.876901,1.585));
#6119 = VECTOR('',#6120,1.);
#6120 = DIRECTION('',(-0.190146243629,-0.981755777184,0.));
#6121 = ORIENTED_EDGE('',*,*,#6122,.T.);
#6122 = EDGE_CURVE('',#6115,#6123,#6125,.T.);
#6123 = VERTEX_POINT('',#6124);
#6124 = CARTESIAN_POINT('',(151.4276,-31.374905,1.585));
#6125 = LINE('',#6126,#6127);
#6126 = CARTESIAN_POINT('',(151.4276,-30.928703,1.585));
#6127 = VECTOR('',#6128,1.);
#6128 = DIRECTION('',(0.,-1.,0.));
#6129 = ORIENTED_EDGE('',*,*,#6130,.T.);
#6130 = EDGE_CURVE('',#6123,#6131,#6133,.T.);
#6131 = VERTEX_POINT('',#6132);
#6132 = CARTESIAN_POINT('',(152.918702,-31.374905,1.585));
#6133 = LINE('',#6134,#6135);
#6134 = CARTESIAN_POINT('',(151.4276,-31.374905,1.585));
#6135 = VECTOR('',#6136,1.);
#6136 = DIRECTION('',(1.,0.,0.));
#6137 = ORIENTED_EDGE('',*,*,#6138,.T.);
#6138 = EDGE_CURVE('',#6131,#6139,#6141,.T.);
#6139 = VERTEX_POINT('',#6140);
#6140 = CARTESIAN_POINT('',(152.918702,-30.928703,1.585));
#6141 = LINE('',#6142,#6143);
#6142 = CARTESIAN_POINT('',(152.918702,-31.374905,1.585));
#6143 = VECTOR('',#6144,1.);
#6144 = DIRECTION('',(0.,1.,0.));
#6145 = ORIENTED_EDGE('',*,*,#6146,.T.);
#6146 = EDGE_CURVE('',#6139,#6147,#6149,.T.);
#6147 = VERTEX_POINT('',#6148);
#6148 = CARTESIAN_POINT('',(152.908669,-30.876901,1.585));
#6149 = LINE('',#6150,#6151);
#6150 = CARTESIAN_POINT('',(152.918702,-30.928703,1.585));
#6151 = VECTOR('',#6152,1.);
#6152 = DIRECTION('',(-0.190146243629,0.981755777184,0.));
#6153 = ORIENTED_EDGE('',*,*,#6154,.T.);
#6154 = EDGE_CURVE('',#6147,#6155,#6157,.T.);
#6155 = VERTEX_POINT('',#6156);
#6156 = CARTESIAN_POINT('',(152.878402,-30.832838,1.585));
#6157 = LINE('',#6158,#6159);
#6158 = CARTESIAN_POINT('',(152.908669,-30.876901,1.585));
#6159 = VECTOR('',#6160,1.);
#6160 = DIRECTION('',(-0.566194537359,0.824271645675,0.));
#6161 = ORIENTED_EDGE('',*,*,#6162,.T.);
#6162 = EDGE_CURVE('',#6155,#6073,#6163,.T.);
#6163 = LINE('',#6164,#6165);
#6164 = CARTESIAN_POINT('',(152.878402,-30.832838,1.585));
#6165 = VECTOR('',#6166,1.);
#6166 = DIRECTION('',(-0.826663697022,0.562696305325,0.));
#6167 = PLANE('',#6168);
#6168 = AXIS2_PLACEMENT_3D('',#6169,#6170,#6171);
#6169 = CARTESIAN_POINT('',(0.,0.,1.585));
#6170 = DIRECTION('',(0.,0.,1.));
#6171 = DIRECTION('',(1.,0.,-0.));
#6172 = SHELL_BASED_SURFACE_MODEL('',(#6173));
#6173 = OPEN_SHELL('',(#6174));
#6174 = ADVANCED_FACE('',(#6175),#6290,.T.);
#6175 = FACE_BOUND('',#6176,.F.);
#6176 = EDGE_LOOP('',(#6177,#6187,#6195,#6203,#6211,#6219,#6227,#6235,
    #6243,#6251,#6259,#6267,#6276,#6284));
#6177 = ORIENTED_EDGE('',*,*,#6178,.T.);
#6178 = EDGE_CURVE('',#6179,#6181,#6183,.T.);
#6179 = VERTEX_POINT('',#6180);
#6180 = CARTESIAN_POINT('',(153.5,-32.113739,1.585));
#6181 = VERTEX_POINT('',#6182);
#6182 = CARTESIAN_POINT('',(153.5,-29.841059,1.585));
#6183 = LINE('',#6184,#6185);
#6184 = CARTESIAN_POINT('',(153.5,-32.113739,1.585));
#6185 = VECTOR('',#6186,1.);
#6186 = DIRECTION('',(0.,1.,0.));
#6187 = ORIENTED_EDGE('',*,*,#6188,.T.);
#6188 = EDGE_CURVE('',#6181,#6189,#6191,.T.);
#6189 = VERTEX_POINT('',#6190);
#6190 = CARTESIAN_POINT('',(153.786986,-29.841059,1.585));
#6191 = LINE('',#6192,#6193);
#6192 = CARTESIAN_POINT('',(153.5,-29.841059,1.585));
#6193 = VECTOR('',#6194,1.);
#6194 = DIRECTION('',(1.,0.,0.));
#6195 = ORIENTED_EDGE('',*,*,#6196,.T.);
#6196 = EDGE_CURVE('',#6189,#6197,#6199,.T.);
#6197 = VERTEX_POINT('',#6198);
#6198 = CARTESIAN_POINT('',(153.786986,-32.113739,1.585));
#6199 = LINE('',#6200,#6201);
#6200 = CARTESIAN_POINT('',(153.786986,-29.841059,1.585));
#6201 = VECTOR('',#6202,1.);
#6202 = DIRECTION('',(0.,-1.,0.));
#6203 = ORIENTED_EDGE('',*,*,#6204,.T.);
#6204 = EDGE_CURVE('',#6197,#6205,#6207,.T.);
#6205 = VERTEX_POINT('',#6206);
#6206 = CARTESIAN_POINT('',(153.797009,-32.165594,1.585));
#6207 = LINE('',#6208,#6209);
#6208 = CARTESIAN_POINT('',(153.786986,-32.113739,1.585));
#6209 = VECTOR('',#6210,1.);
#6210 = DIRECTION('',(0.189776403126,-0.981827335541,0.));
#6211 = ORIENTED_EDGE('',*,*,#6212,.T.);
#6212 = EDGE_CURVE('',#6205,#6213,#6215,.T.);
#6213 = VERTEX_POINT('',#6214);
#6214 = CARTESIAN_POINT('',(153.827286,-32.20991,1.585));
#6215 = LINE('',#6216,#6217);
#6216 = CARTESIAN_POINT('',(153.797009,-32.165594,1.585));
#6217 = VECTOR('',#6218,1.);
#6218 = DIRECTION('',(0.564119376252,-0.825693241669,0.));
#6219 = ORIENTED_EDGE('',*,*,#6220,.T.);
#6220 = EDGE_CURVE('',#6213,#6221,#6223,.T.);
#6221 = VERTEX_POINT('',#6222);
#6222 = CARTESIAN_POINT('',(153.87175,-32.240184,1.585));
#6223 = LINE('',#6224,#6225);
#6224 = CARTESIAN_POINT('',(153.827286,-32.20991,1.585));
#6225 = VECTOR('',#6226,1.);
#6226 = DIRECTION('',(0.826593727422,-0.562799084742,0.));
#6227 = ORIENTED_EDGE('',*,*,#6228,.T.);
#6228 = EDGE_CURVE('',#6221,#6229,#6231,.T.);
#6229 = VERTEX_POINT('',#6230);
#6230 = CARTESIAN_POINT('',(153.923762,-32.25021,1.585));
#6231 = LINE('',#6232,#6233);
#6232 = CARTESIAN_POINT('',(153.87175,-32.240184,1.585));
#6233 = VECTOR('',#6234,1.);
#6234 = DIRECTION('',(0.981923404093,-0.189278705865,0.));
#6235 = ORIENTED_EDGE('',*,*,#6236,.T.);
#6236 = EDGE_CURVE('',#6229,#6237,#6239,.T.);
#6237 = VERTEX_POINT('',#6238);
#6238 = CARTESIAN_POINT('',(154.266923,-32.25021,1.585));
#6239 = LINE('',#6240,#6241);
#6240 = CARTESIAN_POINT('',(153.923762,-32.25021,1.585));
#6241 = VECTOR('',#6242,1.);
#6242 = DIRECTION('',(1.,0.,0.));
#6243 = ORIENTED_EDGE('',*,*,#6244,.T.);
#6244 = EDGE_CURVE('',#6237,#6245,#6247,.T.);
#6245 = VERTEX_POINT('',#6246);
#6246 = CARTESIAN_POINT('',(154.266923,-32.537501,1.585));
#6247 = LINE('',#6248,#6249);
#6248 = CARTESIAN_POINT('',(154.266923,-32.25021,1.585));
#6249 = VECTOR('',#6250,1.);
#6250 = DIRECTION('',(0.,-1.,0.));
#6251 = ORIENTED_EDGE('',*,*,#6252,.T.);
#6252 = EDGE_CURVE('',#6245,#6253,#6255,.T.);
#6253 = VERTEX_POINT('',#6254);
#6254 = CARTESIAN_POINT('',(153.923914,-32.537501,1.585));
#6255 = LINE('',#6256,#6257);
#6256 = CARTESIAN_POINT('',(154.266923,-32.537501,1.585));
#6257 = VECTOR('',#6258,1.);
#6258 = DIRECTION('',(-1.,0.,0.));
#6259 = ORIENTED_EDGE('',*,*,#6260,.T.);
#6260 = EDGE_CURVE('',#6253,#6261,#6263,.T.);
#6261 = VERTEX_POINT('',#6262);
#6262 = CARTESIAN_POINT('',(153.812658,-32.522968,1.585));
#6263 = LINE('',#6264,#6265);
#6264 = CARTESIAN_POINT('',(153.923914,-32.537501,1.585));
#6265 = VECTOR('',#6266,1.);
#6266 = DIRECTION('',(-0.991575991673,0.129526262736,0.));
#6267 = ORIENTED_EDGE('',*,*,#6268,.T.);
#6268 = EDGE_CURVE('',#6261,#6269,#6271,.T.);
#6269 = VERTEX_POINT('',#6270);
#6270 = CARTESIAN_POINT('',(153.557703,-32.32562,1.585));
#6271 = CIRCLE('',#6272,0.433874739504);
#6272 = AXIS2_PLACEMENT_3D('',#6273,#6274,#6275);
#6273 = CARTESIAN_POINT('',(153.93174474181,-32.10575625818,1.585));
#6274 = DIRECTION('',(0.,0.,-1.));
#6275 = DIRECTION('',(-0.274472632232,-0.961594911673,-0.));
#6276 = ORIENTED_EDGE('',*,*,#6277,.T.);
#6277 = EDGE_CURVE('',#6269,#6278,#6280,.T.);
#6278 = VERTEX_POINT('',#6279);
#6279 = CARTESIAN_POINT('',(153.514528,-32.224864,1.585));
#6280 = LINE('',#6281,#6282);
#6281 = CARTESIAN_POINT('',(153.557703,-32.32562,1.585));
#6282 = VECTOR('',#6283,1.);
#6283 = DIRECTION('',(-0.393871954464,0.91916531891,0.));
#6284 = ORIENTED_EDGE('',*,*,#6285,.T.);
#6285 = EDGE_CURVE('',#6278,#6179,#6286,.T.);
#6286 = LINE('',#6287,#6288);
#6287 = CARTESIAN_POINT('',(153.514528,-32.224864,1.585));
#6288 = VECTOR('',#6289,1.);
#6289 = DIRECTION('',(-0.129632524325,0.991562105285,0.));
#6290 = PLANE('',#6291);
#6291 = AXIS2_PLACEMENT_3D('',#6292,#6293,#6294);
#6292 = CARTESIAN_POINT('',(0.,0.,1.585));
#6293 = DIRECTION('',(0.,0.,1.));
#6294 = DIRECTION('',(1.,0.,-0.));
#6295 = SHELL_BASED_SURFACE_MODEL('',(#6296));
#6296 = OPEN_SHELL('',(#6297));
#6297 = ADVANCED_FACE('',(#6298),#6802,.T.);
#6298 = FACE_BOUND('',#6299,.F.);
#6299 = EDGE_LOOP('',(#6300,#6311,#6319,#6327,#6335,#6344,#6352,#6360,
    #6368,#6376,#6384,#6392,#6400,#6408,#6416,#6424,#6432,#6440,#6448,
    #6456,#6464,#6472,#6480,#6488,#6496,#6504,#6512,#6521,#6529,#6537,
    #6545,#6553,#6561,#6569,#6577,#6585,#6593,#6601,#6610,#6618,#6626,
    #6634,#6642,#6650,#6658,#6666,#6674,#6682,#6690,#6698,#6706,#6714,
    #6722,#6730,#6738,#6746,#6754,#6762,#6770,#6779,#6787,#6796));
#6300 = ORIENTED_EDGE('',*,*,#6301,.T.);
#6301 = EDGE_CURVE('',#6302,#6304,#6306,.T.);
#6302 = VERTEX_POINT('',#6303);
#6303 = CARTESIAN_POINT('',(154.59314,-30.716823,1.585));
#6304 = VERTEX_POINT('',#6305);
#6305 = CARTESIAN_POINT('',(154.847466,-30.519928,1.585));
#6306 = CIRCLE('',#6307,0.437181754577);
#6307 = AXIS2_PLACEMENT_3D('',#6308,#6309,#6310);
#6308 = CARTESIAN_POINT('',(154.96916693113,-30.93982890485,1.585));
#6309 = DIRECTION('',(0.,0.,-1.));
#6310 = DIRECTION('',(-0.860115792102,0.510098837655,0.));
#6311 = ORIENTED_EDGE('',*,*,#6312,.T.);
#6312 = EDGE_CURVE('',#6304,#6313,#6315,.T.);
#6313 = VERTEX_POINT('',#6314);
#6314 = CARTESIAN_POINT('',(154.958435,-30.5054,1.585));
#6315 = LINE('',#6316,#6317);
#6316 = CARTESIAN_POINT('',(154.847466,-30.519928,1.585));
#6317 = VECTOR('',#6318,1.);
#6318 = DIRECTION('',(0.991538665126,0.129811692697,0.));
#6319 = ORIENTED_EDGE('',*,*,#6320,.T.);
#6320 = EDGE_CURVE('',#6313,#6321,#6323,.T.);
#6321 = VERTEX_POINT('',#6322);
#6322 = CARTESIAN_POINT('',(156.174459,-30.5054,1.585));
#6323 = LINE('',#6324,#6325);
#6324 = CARTESIAN_POINT('',(154.958435,-30.5054,1.585));
#6325 = VECTOR('',#6326,1.);
#6326 = DIRECTION('',(1.,0.,0.));
#6327 = ORIENTED_EDGE('',*,*,#6328,.T.);
#6328 = EDGE_CURVE('',#6321,#6329,#6331,.T.);
#6329 = VERTEX_POINT('',#6330);
#6330 = CARTESIAN_POINT('',(156.28818,-30.52003,1.585));
#6331 = LINE('',#6332,#6333);
#6332 = CARTESIAN_POINT('',(156.174459,-30.5054,1.585));
#6333 = VECTOR('',#6334,1.);
#6334 = DIRECTION('',(0.991826143904,-0.1275966311,0.));
#6335 = ORIENTED_EDGE('',*,*,#6336,.T.);
#6336 = EDGE_CURVE('',#6329,#6337,#6339,.T.);
#6337 = VERTEX_POINT('',#6338);
#6338 = CARTESIAN_POINT('',(156.542961,-30.717128,1.585));
#6339 = CIRCLE('',#6340,0.431556111266);
#6340 = AXIS2_PLACEMENT_3D('',#6341,#6342,#6343);
#6341 = CARTESIAN_POINT('',(156.17058942692,-30.93525660595,1.585));
#6342 = DIRECTION('',(0.,0.,-1.));
#6343 = DIRECTION('',(0.272480379735,0.962161339204,0.));
#6344 = ORIENTED_EDGE('',*,*,#6345,.T.);
#6345 = EDGE_CURVE('',#6337,#6346,#6348,.T.);
#6346 = VERTEX_POINT('',#6347);
#6347 = CARTESIAN_POINT('',(156.586136,-30.817734,1.585));
#6348 = LINE('',#6349,#6350);
#6349 = CARTESIAN_POINT('',(156.542961,-30.717128,1.585));
#6350 = VECTOR('',#6351,1.);
#6351 = DIRECTION('',(0.394367928534,-0.918952630413,0.));
#6352 = ORIENTED_EDGE('',*,*,#6353,.T.);
#6353 = EDGE_CURVE('',#6346,#6354,#6356,.T.);
#6354 = VERTEX_POINT('',#6355);
#6355 = CARTESIAN_POINT('',(156.600663,-30.956486,1.585));
#6356 = LINE('',#6357,#6358);
#6357 = CARTESIAN_POINT('',(156.586136,-30.817734,1.585));
#6358 = VECTOR('',#6359,1.);
#6359 = DIRECTION('',(0.104128439008,-0.994563858277,0.));
#6360 = ORIENTED_EDGE('',*,*,#6361,.T.);
#6361 = EDGE_CURVE('',#6354,#6362,#6364,.T.);
#6362 = VERTEX_POINT('',#6363);
#6363 = CARTESIAN_POINT('',(156.313678,-30.956486,1.585));
#6364 = LINE('',#6365,#6366);
#6365 = CARTESIAN_POINT('',(156.600663,-30.956486,1.585));
#6366 = VECTOR('',#6367,1.);
#6367 = DIRECTION('',(-1.,0.,0.));
#6368 = ORIENTED_EDGE('',*,*,#6369,.T.);
#6369 = EDGE_CURVE('',#6362,#6370,#6372,.T.);
#6370 = VERTEX_POINT('',#6371);
#6371 = CARTESIAN_POINT('',(156.313678,-30.928551,1.585));
#6372 = LINE('',#6373,#6374);
#6373 = CARTESIAN_POINT('',(156.313678,-30.956486,1.585));
#6374 = VECTOR('',#6375,1.);
#6375 = DIRECTION('',(0.,1.,0.));
#6376 = ORIENTED_EDGE('',*,*,#6377,.T.);
#6377 = EDGE_CURVE('',#6370,#6378,#6380,.T.);
#6378 = VERTEX_POINT('',#6379);
#6379 = CARTESIAN_POINT('',(156.303652,-30.87688,1.585));
#6380 = LINE('',#6381,#6382);
#6381 = CARTESIAN_POINT('',(156.313678,-30.928551,1.585));
#6382 = VECTOR('',#6383,1.);
#6383 = DIRECTION('',(-0.190482660616,0.98169056021,0.));
#6384 = ORIENTED_EDGE('',*,*,#6385,.T.);
#6385 = EDGE_CURVE('',#6378,#6386,#6388,.T.);
#6386 = VERTEX_POINT('',#6387);
#6387 = CARTESIAN_POINT('',(156.273378,-30.832838,1.585));
#6388 = LINE('',#6389,#6390);
#6389 = CARTESIAN_POINT('',(156.303652,-30.87688,1.585));
#6390 = VECTOR('',#6391,1.);
#6391 = DIRECTION('',(-0.566466880324,0.824084506283,0.));
#6392 = ORIENTED_EDGE('',*,*,#6393,.T.);
#6393 = EDGE_CURVE('',#6386,#6394,#6396,.T.);
#6394 = VERTEX_POINT('',#6395);
#6395 = CARTESIAN_POINT('',(156.229178,-30.802693,1.585));
#6396 = LINE('',#6397,#6398);
#6397 = CARTESIAN_POINT('',(156.273378,-30.832838,1.585));
#6398 = VECTOR('',#6399,1.);
#6399 = DIRECTION('',(-0.826152201475,0.563447016141,0.));
#6400 = ORIENTED_EDGE('',*,*,#6401,.T.);
#6401 = EDGE_CURVE('',#6394,#6402,#6404,.T.);
#6402 = VERTEX_POINT('',#6403);
#6403 = CARTESIAN_POINT('',(156.177207,-30.792691,1.585));
#6404 = LINE('',#6405,#6406);
#6405 = CARTESIAN_POINT('',(156.229178,-30.802693,1.585));
#6406 = VECTOR('',#6407,1.);
#6407 = DIRECTION('',(-0.981979887569,0.18898545026,0.));
#6408 = ORIENTED_EDGE('',*,*,#6409,.T.);
#6409 = EDGE_CURVE('',#6402,#6410,#6412,.T.);
#6410 = VERTEX_POINT('',#6411);
#6411 = CARTESIAN_POINT('',(154.959046,-30.792691,1.585));
#6412 = LINE('',#6413,#6414);
#6413 = CARTESIAN_POINT('',(156.177207,-30.792691,1.585));
#6414 = VECTOR('',#6415,1.);
#6415 = DIRECTION('',(-1.,0.,0.));
#6416 = ORIENTED_EDGE('',*,*,#6417,.T.);
#6417 = EDGE_CURVE('',#6410,#6418,#6420,.T.);
#6418 = VERTEX_POINT('',#6419);
#6419 = CARTESIAN_POINT('',(154.907048,-30.802688,1.585));
#6420 = LINE('',#6421,#6422);
#6421 = CARTESIAN_POINT('',(154.959046,-30.792691,1.585));
#6422 = VECTOR('',#6423,1.);
#6423 = DIRECTION('',(-0.982015605766,-0.188799761738,0.));
#6424 = ORIENTED_EDGE('',*,*,#6425,.T.);
#6425 = EDGE_CURVE('',#6418,#6426,#6428,.T.);
#6426 = VERTEX_POINT('',#6427);
#6427 = CARTESIAN_POINT('',(154.862723,-30.832838,1.585));
#6428 = LINE('',#6429,#6430);
#6429 = CARTESIAN_POINT('',(154.907048,-30.802688,1.585));
#6430 = VECTOR('',#6431,1.);
#6431 = DIRECTION('',(-0.826848428015,-0.562424819055,0.));
#6432 = ORIENTED_EDGE('',*,*,#6433,.T.);
#6433 = EDGE_CURVE('',#6426,#6434,#6436,.T.);
#6434 = VERTEX_POINT('',#6435);
#6435 = CARTESIAN_POINT('',(154.832575,-30.87689,1.585));
#6436 = LINE('',#6437,#6438);
#6437 = CARTESIAN_POINT('',(154.862723,-30.832838,1.585));
#6438 = VECTOR('',#6439,1.);
#6439 = DIRECTION('',(-0.564775246409,-0.825244764323,0.));
#6440 = ORIENTED_EDGE('',*,*,#6441,.T.);
#6441 = EDGE_CURVE('',#6434,#6442,#6444,.T.);
#6442 = VERTEX_POINT('',#6443);
#6443 = CARTESIAN_POINT('',(154.822575,-30.928703,1.585));
#6444 = LINE('',#6445,#6446);
#6445 = CARTESIAN_POINT('',(154.832575,-30.87689,1.585));
#6446 = VECTOR('',#6447,1.);
#6447 = DIRECTION('',(-0.189504534705,-0.981879845667,0.));
#6448 = ORIENTED_EDGE('',*,*,#6449,.T.);
#6449 = EDGE_CURVE('',#6442,#6450,#6452,.T.);
#6450 = VERTEX_POINT('',#6451);
#6451 = CARTESIAN_POINT('',(154.822575,-31.238892,1.585));
#6452 = LINE('',#6453,#6454);
#6453 = CARTESIAN_POINT('',(154.822575,-30.928703,1.585));
#6454 = VECTOR('',#6455,1.);
#6455 = DIRECTION('',(0.,-1.,0.));
#6456 = ORIENTED_EDGE('',*,*,#6457,.T.);
#6457 = EDGE_CURVE('',#6450,#6458,#6460,.T.);
#6458 = VERTEX_POINT('',#6459);
#6459 = CARTESIAN_POINT('',(154.83257,-31.290732,1.585));
#6460 = LINE('',#6461,#6462);
#6461 = CARTESIAN_POINT('',(154.822575,-31.238892,1.585));
#6462 = VECTOR('',#6463,1.);
#6463 = DIRECTION('',(0.189318066751,-0.981915815944,0.));
#6464 = ORIENTED_EDGE('',*,*,#6465,.T.);
#6465 = EDGE_CURVE('',#6458,#6466,#6468,.T.);
#6466 = VERTEX_POINT('',#6467);
#6467 = CARTESIAN_POINT('',(154.862723,-31.33491,1.585));
#6468 = LINE('',#6469,#6470);
#6469 = CARTESIAN_POINT('',(154.83257,-31.290732,1.585));
#6470 = VECTOR('',#6471,1.);
#6471 = DIRECTION('',(0.563740527715,-0.825951946188,0.));
#6472 = ORIENTED_EDGE('',*,*,#6473,.T.);
#6473 = EDGE_CURVE('',#6466,#6474,#6476,.T.);
#6474 = VERTEX_POINT('',#6475);
#6475 = CARTESIAN_POINT('',(154.906889,-31.364942,1.585));
#6476 = LINE('',#6477,#6478);
#6477 = CARTESIAN_POINT('',(154.862723,-31.33491,1.585));
#6478 = VECTOR('',#6479,1.);
#6479 = DIRECTION('',(0.826934163395,-0.562298754587,0.));
#6480 = ORIENTED_EDGE('',*,*,#6481,.T.);
#6481 = EDGE_CURVE('',#6474,#6482,#6484,.T.);
#6482 = VERTEX_POINT('',#6483);
#6483 = CARTESIAN_POINT('',(154.958741,-31.374905,1.585));
#6484 = LINE('',#6485,#6486);
#6485 = CARTESIAN_POINT('',(154.906889,-31.364942,1.585));
#6486 = VECTOR('',#6487,1.);
#6487 = DIRECTION('',(0.982036423948,-0.188691446652,0.));
#6488 = ORIENTED_EDGE('',*,*,#6489,.T.);
#6489 = EDGE_CURVE('',#6482,#6490,#6492,.T.);
#6490 = VERTEX_POINT('',#6491);
#6491 = CARTESIAN_POINT('',(156.174459,-31.374905,1.585));
#6492 = LINE('',#6493,#6494);
#6493 = CARTESIAN_POINT('',(154.958741,-31.374905,1.585));
#6494 = VECTOR('',#6495,1.);
#6495 = DIRECTION('',(1.,0.,0.));
#6496 = ORIENTED_EDGE('',*,*,#6497,.T.);
#6497 = EDGE_CURVE('',#6490,#6498,#6500,.T.);
#6498 = VERTEX_POINT('',#6499);
#6499 = CARTESIAN_POINT('',(156.288294,-31.389612,1.585));
#6500 = LINE('',#6501,#6502);
#6501 = CARTESIAN_POINT('',(156.174459,-31.374905,1.585));
#6502 = VECTOR('',#6503,1.);
#6503 = DIRECTION('',(0.991757272602,-0.128130840323,0.));
#6504 = ORIENTED_EDGE('',*,*,#6505,.T.);
#6505 = EDGE_CURVE('',#6498,#6506,#6508,.T.);
#6506 = VERTEX_POINT('',#6507);
#6507 = CARTESIAN_POINT('',(156.38924,-31.432912,1.585));
#6508 = LINE('',#6509,#6510);
#6509 = CARTESIAN_POINT('',(156.288294,-31.389612,1.585));
#6510 = VECTOR('',#6511,1.);
#6511 = DIRECTION('',(0.919021608801,-0.394207156907,0.));
#6512 = ORIENTED_EDGE('',*,*,#6513,.T.);
#6513 = EDGE_CURVE('',#6506,#6514,#6516,.T.);
#6514 = VERTEX_POINT('',#6515);
#6515 = CARTESIAN_POINT('',(156.586134,-31.688452,1.585));
#6516 = CIRCLE('',#6517,0.438983695283);
#6517 = AXIS2_PLACEMENT_3D('',#6518,#6519,#6520);
#6518 = CARTESIAN_POINT('',(156.16427599314,-31.80987072498,1.585));
#6519 = DIRECTION('',(0.,0.,-1.));
#6520 = DIRECTION('',(0.51246551813,0.858707804045,0.));
#6521 = ORIENTED_EDGE('',*,*,#6522,.T.);
#6522 = EDGE_CURVE('',#6514,#6523,#6525,.T.);
#6523 = VERTEX_POINT('',#6524);
#6524 = CARTESIAN_POINT('',(156.600663,-31.799887,1.585));
#6525 = LINE('',#6526,#6527);
#6526 = CARTESIAN_POINT('',(156.586134,-31.688452,1.585));
#6527 = VECTOR('',#6528,1.);
#6528 = DIRECTION('',(0.129286685891,-0.991607257361,0.));
#6529 = ORIENTED_EDGE('',*,*,#6530,.T.);
#6530 = EDGE_CURVE('',#6523,#6531,#6533,.T.);
#6531 = VERTEX_POINT('',#6532);
#6532 = CARTESIAN_POINT('',(156.600663,-32.112518,1.585));
#6533 = LINE('',#6534,#6535);
#6534 = CARTESIAN_POINT('',(156.600663,-31.799887,1.585));
#6535 = VECTOR('',#6536,1.);
#6536 = DIRECTION('',(0.,-1.,0.));
#6537 = ORIENTED_EDGE('',*,*,#6538,.T.);
#6538 = EDGE_CURVE('',#6531,#6539,#6541,.T.);
#6539 = VERTEX_POINT('',#6540);
#6540 = CARTESIAN_POINT('',(156.586134,-32.223953,1.585));
#6541 = LINE('',#6542,#6543);
#6542 = CARTESIAN_POINT('',(156.600663,-32.112518,1.585));
#6543 = VECTOR('',#6544,1.);
#6544 = DIRECTION('',(-0.129286685891,-0.991607257361,0.));
#6545 = ORIENTED_EDGE('',*,*,#6546,.T.);
#6546 = EDGE_CURVE('',#6539,#6547,#6549,.T.);
#6547 = VERTEX_POINT('',#6548);
#6548 = CARTESIAN_POINT('',(156.542961,-32.325009,1.585));
#6549 = LINE('',#6550,#6551);
#6550 = CARTESIAN_POINT('',(156.586134,-32.223953,1.585));
#6551 = VECTOR('',#6552,1.);
#6552 = DIRECTION('',(-0.392868007874,-0.919594871881,0.));
#6553 = ORIENTED_EDGE('',*,*,#6554,.T.);
#6554 = EDGE_CURVE('',#6547,#6555,#6557,.T.);
#6555 = VERTEX_POINT('',#6556);
#6556 = CARTESIAN_POINT('',(156.475622,-32.412002,1.585));
#6557 = LINE('',#6558,#6559);
#6558 = CARTESIAN_POINT('',(156.542961,-32.325009,1.585));
#6559 = VECTOR('',#6560,1.);
#6560 = DIRECTION('',(-0.612113972969,-0.790769551827,0.));
#6561 = ORIENTED_EDGE('',*,*,#6562,.T.);
#6562 = EDGE_CURVE('',#6555,#6563,#6565,.T.);
#6563 = VERTEX_POINT('',#6564);
#6564 = CARTESIAN_POINT('',(156.389088,-32.479645,1.585));
#6565 = LINE('',#6566,#6567);
#6566 = CARTESIAN_POINT('',(156.475622,-32.412002,1.585));
#6567 = VECTOR('',#6568,1.);
#6568 = DIRECTION('',(-0.787855117052,-0.615860629149,0.));
#6569 = ORIENTED_EDGE('',*,*,#6570,.T.);
#6570 = EDGE_CURVE('',#6563,#6571,#6573,.T.);
#6571 = VERTEX_POINT('',#6572);
#6572 = CARTESIAN_POINT('',(156.288171,-32.522834,1.585));
#6573 = LINE('',#6574,#6575);
#6574 = CARTESIAN_POINT('',(156.389088,-32.479645,1.585));
#6575 = VECTOR('',#6576,1.);
#6576 = DIRECTION('',(-0.919346584511,-0.393448672062,0.));
#6577 = ORIENTED_EDGE('',*,*,#6578,.T.);
#6578 = EDGE_CURVE('',#6571,#6579,#6581,.T.);
#6579 = VERTEX_POINT('',#6580);
#6580 = CARTESIAN_POINT('',(156.174459,-32.537501,1.585));
#6581 = LINE('',#6582,#6583);
#6582 = CARTESIAN_POINT('',(156.288171,-32.522834,1.585));
#6583 = VECTOR('',#6584,1.);
#6584 = DIRECTION('',(-0.991783971723,-0.127924014293,0.));
#6585 = ORIENTED_EDGE('',*,*,#6586,.T.);
#6586 = EDGE_CURVE('',#6579,#6587,#6589,.T.);
#6587 = VERTEX_POINT('',#6588);
#6588 = CARTESIAN_POINT('',(154.958435,-32.537501,1.585));
#6589 = LINE('',#6590,#6591);
#6590 = CARTESIAN_POINT('',(156.174459,-32.537501,1.585));
#6591 = VECTOR('',#6592,1.);
#6592 = DIRECTION('',(-1.,0.,0.));
#6593 = ORIENTED_EDGE('',*,*,#6594,.T.);
#6594 = EDGE_CURVE('',#6587,#6595,#6597,.T.);
#6595 = VERTEX_POINT('',#6596);
#6596 = CARTESIAN_POINT('',(154.847475,-32.522937,1.585));
#6597 = LINE('',#6598,#6599);
#6598 = CARTESIAN_POINT('',(154.958435,-32.537501,1.585));
#6599 = VECTOR('',#6600,1.);
#6600 = DIRECTION('',(-0.991495851386,0.130138298302,0.));
#6601 = ORIENTED_EDGE('',*,*,#6602,.T.);
#6602 = EDGE_CURVE('',#6595,#6603,#6605,.T.);
#6603 = VERTEX_POINT('',#6604);
#6604 = CARTESIAN_POINT('',(154.59314,-32.325162,1.585));
#6605 = CIRCLE('',#6606,0.432628035788);
#6606 = AXIS2_PLACEMENT_3D('',#6607,#6608,#6609);
#6607 = CARTESIAN_POINT('',(154.9667837847,-32.10708554666,1.585));
#6608 = DIRECTION('',(0.,0.,-1.));
#6609 = DIRECTION('',(-0.275776821744,-0.961221693778,-0.));
#6610 = ORIENTED_EDGE('',*,*,#6611,.T.);
#6611 = EDGE_CURVE('',#6603,#6612,#6614,.T.);
#6612 = VERTEX_POINT('',#6613);
#6613 = CARTESIAN_POINT('',(154.550078,-32.224135,1.585));
#6614 = LINE('',#6615,#6616);
#6615 = CARTESIAN_POINT('',(154.59314,-32.325162,1.585));
#6616 = VECTOR('',#6617,1.);
#6617 = DIRECTION('',(-0.392108546554,0.919918957148,0.));
#6618 = ORIENTED_EDGE('',*,*,#6619,.T.);
#6619 = EDGE_CURVE('',#6612,#6620,#6622,.T.);
#6620 = VERTEX_POINT('',#6621);
#6621 = CARTESIAN_POINT('',(154.53559,-32.084735,1.585));
#6622 = LINE('',#6623,#6624);
#6623 = CARTESIAN_POINT('',(154.550078,-32.224135,1.585));
#6624 = VECTOR('',#6625,1.);
#6625 = DIRECTION('',(-0.103374324794,0.994642523208,0.));
#6626 = ORIENTED_EDGE('',*,*,#6627,.T.);
#6627 = EDGE_CURVE('',#6620,#6628,#6630,.T.);
#6628 = VERTEX_POINT('',#6629);
#6629 = CARTESIAN_POINT('',(154.822575,-32.084735,1.585));
#6630 = LINE('',#6631,#6632);
#6631 = CARTESIAN_POINT('',(154.53559,-32.084735,1.585));
#6632 = VECTOR('',#6633,1.);
#6633 = DIRECTION('',(1.,0.,0.));
#6634 = ORIENTED_EDGE('',*,*,#6635,.T.);
#6635 = EDGE_CURVE('',#6628,#6636,#6638,.T.);
#6636 = VERTEX_POINT('',#6637);
#6637 = CARTESIAN_POINT('',(154.822575,-32.112976,1.585));
#6638 = LINE('',#6639,#6640);
#6639 = CARTESIAN_POINT('',(154.822575,-32.084735,1.585));
#6640 = VECTOR('',#6641,1.);
#6641 = DIRECTION('',(0.,-1.,0.));
#6642 = ORIENTED_EDGE('',*,*,#6643,.T.);
#6643 = EDGE_CURVE('',#6636,#6644,#6646,.T.);
#6644 = VERTEX_POINT('',#6645);
#6645 = CARTESIAN_POINT('',(154.832582,-32.165262,1.585));
#6646 = LINE('',#6647,#6648);
#6647 = CARTESIAN_POINT('',(154.822575,-32.112976,1.585));
#6648 = VECTOR('',#6649,1.);
#6649 = DIRECTION('',(0.187977813569,-0.982173274736,0.));
#6650 = ORIENTED_EDGE('',*,*,#6651,.T.);
#6651 = EDGE_CURVE('',#6644,#6652,#6654,.T.);
#6652 = VERTEX_POINT('',#6653);
#6653 = CARTESIAN_POINT('',(154.862723,-32.209757,1.585));
#6654 = LINE('',#6655,#6656);
#6655 = CARTESIAN_POINT('',(154.832582,-32.165262,1.585));
#6656 = VECTOR('',#6657,1.);
#6657 = DIRECTION('',(0.560838270861,-0.82792537945,0.));
#6658 = ORIENTED_EDGE('',*,*,#6659,.T.);
#6659 = EDGE_CURVE('',#6652,#6660,#6662,.T.);
#6660 = VERTEX_POINT('',#6661);
#6661 = CARTESIAN_POINT('',(154.907072,-32.240146,1.585));
#6662 = LINE('',#6663,#6664);
#6663 = CARTESIAN_POINT('',(154.862723,-32.209757,1.585));
#6664 = VECTOR('',#6665,1.);
#6665 = DIRECTION('',(0.824917435132,-0.565253239898,0.));
#6666 = ORIENTED_EDGE('',*,*,#6667,.T.);
#6667 = EDGE_CURVE('',#6660,#6668,#6670,.T.);
#6668 = VERTEX_POINT('',#6669);
#6669 = CARTESIAN_POINT('',(154.959046,-32.25021,1.585));
#6670 = LINE('',#6671,#6672);
#6671 = CARTESIAN_POINT('',(154.907072,-32.240146,1.585));
#6672 = VECTOR('',#6673,1.);
#6673 = DIRECTION('',(0.981763932205,-0.190104133099,0.));
#6674 = ORIENTED_EDGE('',*,*,#6675,.T.);
#6675 = EDGE_CURVE('',#6668,#6676,#6678,.T.);
#6676 = VERTEX_POINT('',#6677);
#6677 = CARTESIAN_POINT('',(156.177207,-32.25021,1.585));
#6678 = LINE('',#6679,#6680);
#6679 = CARTESIAN_POINT('',(154.959046,-32.25021,1.585));
#6680 = VECTOR('',#6681,1.);
#6681 = DIRECTION('',(1.,0.,0.));
#6682 = ORIENTED_EDGE('',*,*,#6683,.T.);
#6683 = EDGE_CURVE('',#6676,#6684,#6686,.T.);
#6684 = VERTEX_POINT('',#6685);
#6685 = CARTESIAN_POINT('',(156.229155,-32.240141,1.585));
#6686 = LINE('',#6687,#6688);
#6687 = CARTESIAN_POINT('',(156.177207,-32.25021,1.585));
#6688 = VECTOR('',#6689,1.);
#6689 = DIRECTION('',(0.981728522164,0.190286911713,0.));
#6690 = ORIENTED_EDGE('',*,*,#6691,.T.);
#6691 = EDGE_CURVE('',#6684,#6692,#6694,.T.);
#6692 = VERTEX_POINT('',#6693);
#6693 = CARTESIAN_POINT('',(156.273378,-32.209757,1.585));
#6694 = LINE('',#6695,#6696);
#6695 = CARTESIAN_POINT('',(156.229155,-32.240141,1.585));
#6696 = VECTOR('',#6697,1.);
#6697 = DIRECTION('',(0.824209922837,0.566284383589,0.));
#6698 = ORIENTED_EDGE('',*,*,#6699,.T.);
#6699 = EDGE_CURVE('',#6692,#6700,#6702,.T.);
#6700 = VERTEX_POINT('',#6701);
#6701 = CARTESIAN_POINT('',(156.30365,-32.165145,1.585));
#6702 = LINE('',#6703,#6704);
#6703 = CARTESIAN_POINT('',(156.273378,-32.209757,1.585));
#6704 = VECTOR('',#6705,1.);
#6705 = DIRECTION('',(0.561495975313,0.827479467847,0.));
#6706 = ORIENTED_EDGE('',*,*,#6707,.T.);
#6707 = EDGE_CURVE('',#6700,#6708,#6710,.T.);
#6708 = VERTEX_POINT('',#6709);
#6709 = CARTESIAN_POINT('',(156.313678,-32.112976,1.585));
#6710 = LINE('',#6711,#6712);
#6711 = CARTESIAN_POINT('',(156.30365,-32.165145,1.585));
#6712 = VECTOR('',#6713,1.);
#6713 = DIRECTION('',(0.188765706558,0.982022152514,0.));
#6714 = ORIENTED_EDGE('',*,*,#6715,.T.);
#6715 = EDGE_CURVE('',#6708,#6716,#6718,.T.);
#6716 = VERTEX_POINT('',#6717);
#6717 = CARTESIAN_POINT('',(156.313678,-31.799429,1.585));
#6718 = LINE('',#6719,#6720);
#6719 = CARTESIAN_POINT('',(156.313678,-32.112976,1.585));
#6720 = VECTOR('',#6721,1.);
#6721 = DIRECTION('',(0.,1.,0.));
#6722 = ORIENTED_EDGE('',*,*,#6723,.T.);
#6723 = EDGE_CURVE('',#6716,#6724,#6726,.T.);
#6724 = VERTEX_POINT('',#6725);
#6725 = CARTESIAN_POINT('',(156.303645,-31.747286,1.585));
#6726 = LINE('',#6727,#6728);
#6727 = CARTESIAN_POINT('',(156.313678,-31.799429,1.585));
#6728 = VECTOR('',#6729,1.);
#6729 = DIRECTION('',(-0.188947277885,0.981987233206,0.));
#6730 = ORIENTED_EDGE('',*,*,#6731,.T.);
#6731 = EDGE_CURVE('',#6724,#6732,#6734,.T.);
#6732 = VERTEX_POINT('',#6733);
#6733 = CARTESIAN_POINT('',(156.273378,-31.702801,1.585));
#6734 = LINE('',#6735,#6736);
#6735 = CARTESIAN_POINT('',(156.303645,-31.747286,1.585));
#6736 = VECTOR('',#6737,1.);
#6737 = DIRECTION('',(-0.562528595387,0.826777829511,0.));
#6738 = ORIENTED_EDGE('',*,*,#6739,.T.);
#6739 = EDGE_CURVE('',#6732,#6740,#6742,.T.);
#6740 = VERTEX_POINT('',#6741);
#6741 = CARTESIAN_POINT('',(156.229143,-31.672297,1.585));
#6742 = LINE('',#6743,#6744);
#6743 = CARTESIAN_POINT('',(156.273378,-31.702801,1.585));
#6744 = VECTOR('',#6745,1.);
#6745 = DIRECTION('',(-0.82323797909,0.567696423966,0.));
#6746 = ORIENTED_EDGE('',*,*,#6747,.T.);
#6747 = EDGE_CURVE('',#6740,#6748,#6750,.T.);
#6748 = VERTEX_POINT('',#6749);
#6749 = CARTESIAN_POINT('',(156.177207,-31.662195,1.585));
#6750 = LINE('',#6751,#6752);
#6751 = CARTESIAN_POINT('',(156.229143,-31.672297,1.585));
#6752 = VECTOR('',#6753,1.);
#6753 = DIRECTION('',(-0.981603583915,0.190930364385,0.));
#6754 = ORIENTED_EDGE('',*,*,#6755,.T.);
#6755 = EDGE_CURVE('',#6748,#6756,#6758,.T.);
#6756 = VERTEX_POINT('',#6757);
#6757 = CARTESIAN_POINT('',(154.959046,-31.662195,1.585));
#6758 = LINE('',#6759,#6760);
#6759 = CARTESIAN_POINT('',(156.177207,-31.662195,1.585));
#6760 = VECTOR('',#6761,1.);
#6761 = DIRECTION('',(-1.,0.,0.));
#6762 = ORIENTED_EDGE('',*,*,#6763,.T.);
#6763 = EDGE_CURVE('',#6756,#6764,#6766,.T.);
#6764 = VERTEX_POINT('',#6765);
#6765 = CARTESIAN_POINT('',(154.847921,-31.647667,1.585));
#6766 = LINE('',#6767,#6768);
#6767 = CARTESIAN_POINT('',(154.959046,-31.662195,1.585));
#6768 = VECTOR('',#6769,1.);
#6769 = DIRECTION('',(-0.991562105285,0.129632524325,0.));
#6770 = ORIENTED_EDGE('',*,*,#6771,.T.);
#6771 = EDGE_CURVE('',#6764,#6772,#6774,.T.);
#6772 = VERTEX_POINT('',#6773);
#6773 = CARTESIAN_POINT('',(154.593292,-31.450772,1.585));
#6774 = CIRCLE('',#6775,0.433808601321);
#6775 = AXIS2_PLACEMENT_3D('',#6776,#6777,#6778);
#6776 = CARTESIAN_POINT('',(154.96703554056,-31.23053197533,1.585));
#6777 = DIRECTION('',(0.,0.,-1.));
#6778 = DIRECTION('',(-0.274578558842,-0.961564670225,-0.));
#6779 = ORIENTED_EDGE('',*,*,#6780,.T.);
#6780 = EDGE_CURVE('',#6772,#6781,#6783,.T.);
#6781 = VERTEX_POINT('',#6782);
#6782 = CARTESIAN_POINT('',(154.550113,-31.350187,1.585));
#6783 = LINE('',#6784,#6785);
#6784 = CARTESIAN_POINT('',(154.593292,-31.450772,1.585));
#6785 = VECTOR('',#6786,1.);
#6786 = DIRECTION('',(-0.39446831247,0.918909544219,0.));
#6787 = ORIENTED_EDGE('',*,*,#6788,.T.);
#6788 = EDGE_CURVE('',#6781,#6789,#6791,.T.);
#6789 = VERTEX_POINT('',#6790);
#6790 = CARTESIAN_POINT('',(154.550077,-30.817399,1.585));
#6791 = CIRCLE('',#6792,1.625686592468);
#6792 = AXIS2_PLACEMENT_3D('',#6793,#6794,#6795);
#6793 = CARTESIAN_POINT('',(156.15380667035,-31.08368463866,1.585));
#6794 = DIRECTION('',(0.,0.,-1.));
#6795 = DIRECTION('',(-0.986471610078,-0.163932188758,-0.));
#6796 = ORIENTED_EDGE('',*,*,#6797,.T.);
#6797 = EDGE_CURVE('',#6789,#6302,#6798,.T.);
#6798 = LINE('',#6799,#6800);
#6799 = CARTESIAN_POINT('',(154.550077,-30.817399,1.585));
#6800 = VECTOR('',#6801,1.);
#6801 = DIRECTION('',(0.393602679005,0.919280659581,0.));
#6802 = PLANE('',#6803);
#6803 = AXIS2_PLACEMENT_3D('',#6804,#6805,#6806);
#6804 = CARTESIAN_POINT('',(0.,0.,1.585));
#6805 = DIRECTION('',(0.,0.,1.));
#6806 = DIRECTION('',(1.,0.,-0.));
#6807 = ( GEOMETRIC_REPRESENTATION_CONTEXT(3) 
GLOBAL_UNCERTAINTY_ASSIGNED_CONTEXT((#6811)) 
GLOBAL_UNIT_ASSIGNED_CONTEXT((#6808,#6809,#6810)) REPRESENTATION_CONTEXT
('Context #1','3D Context with UNIT and UNCERTAINTY') );
#6808 = ( LENGTH_UNIT() NAMED_UNIT(*) SI_UNIT(.MILLI.,.METRE.) );
#6809 = ( NAMED_UNIT(*) PLANE_ANGLE_UNIT() SI_UNIT($,.RADIAN.) );
#6810 = ( NAMED_UNIT(*) SI_UNIT($,.STERADIAN.) SOLID_ANGLE_UNIT() );
#6811 = UNCERTAINTY_MEASURE_WITH_UNIT(LENGTH_MEASURE(1.E-07),#6808,
  'distance_accuracy_value','confusion accuracy');
#6812 = CONTEXT_DEPENDENT_SHAPE_REPRESENTATION(#6813,#6815);
#6813 = ( REPRESENTATION_RELATIONSHIP('','',#669,#10) 
REPRESENTATION_RELATIONSHIP_WITH_TRANSFORMATION(#6814) 
SHAPE_REPRESENTATION_RELATIONSHIP() );
#6814 = ITEM_DEFINED_TRANSFORMATION('','',#11,#19);
#6815 = PRODUCT_DEFINITION_SHAPE('Placement','Placement of an item',
  #6816);
#6816 = NEXT_ASSEMBLY_USAGE_OCCURRENCE('2','=>[0:1:1:3]','',#5,#664,$);
#6817 = PRODUCT_RELATED_PRODUCT_CATEGORY('part',$,(#666));
#6818 = SHAPE_DEFINITION_REPRESENTATION(#6819,#6825);
#6819 = PRODUCT_DEFINITION_SHAPE('','',#6820);
#6820 = PRODUCT_DEFINITION('design','',#6821,#6824);
#6821 = PRODUCT_DEFINITION_FORMATION('','',#6822);
#6822 = PRODUCT('LevelsFaceplate-unsaved-export-oxjU8a_soldermask',
  'LevelsFaceplate-unsaved-export-oxjU8a_soldermask','',(#6823));
#6823 = PRODUCT_CONTEXT('',#2,'mechanical');
#6824 = PRODUCT_DEFINITION_CONTEXT('part definition',#2,'design');
#6825 = MANIFOLD_SURFACE_SHAPE_REPRESENTATION('',(#11,#6826),#6956);
#6826 = SHELL_BASED_SURFACE_MODEL('',(#6827));
#6827 = OPEN_SHELL('',(#6828));
#6828 = ADVANCED_FACE('',(#6829,#6863,#6874,#6885,#6896,#6907,#6918,
    #6929,#6940),#6951,.T.);
#6829 = FACE_BOUND('',#6830,.F.);
#6830 = EDGE_LOOP('',(#6831,#6841,#6849,#6857));
#6831 = ORIENTED_EDGE('',*,*,#6832,.T.);
#6832 = EDGE_CURVE('',#6833,#6835,#6837,.T.);
#6833 = VERTEX_POINT('',#6834);
#6834 = CARTESIAN_POINT('',(142.5,-151.750001,1.56));
#6835 = VERTEX_POINT('',#6836);
#6836 = CARTESIAN_POINT('',(142.5,-23.250001,1.56));
#6837 = LINE('',#6838,#6839);
#6838 = CARTESIAN_POINT('',(142.5,-151.750001,1.56));
#6839 = VECTOR('',#6840,1.);
#6840 = DIRECTION('',(0.,1.,0.));
#6841 = ORIENTED_EDGE('',*,*,#6842,.T.);
#6842 = EDGE_CURVE('',#6835,#6843,#6845,.T.);
#6843 = VERTEX_POINT('',#6844);
#6844 = CARTESIAN_POINT('',(157.5,-23.250001,1.56));
#6845 = LINE('',#6846,#6847);
#6846 = CARTESIAN_POINT('',(142.5,-23.250001,1.56));
#6847 = VECTOR('',#6848,1.);
#6848 = DIRECTION('',(1.,0.,0.));
#6849 = ORIENTED_EDGE('',*,*,#6850,.T.);
#6850 = EDGE_CURVE('',#6843,#6851,#6853,.T.);
#6851 = VERTEX_POINT('',#6852);
#6852 = CARTESIAN_POINT('',(157.5,-151.750001,1.56));
#6853 = LINE('',#6854,#6855);
#6854 = CARTESIAN_POINT('',(157.5,-23.250001,1.56));
#6855 = VECTOR('',#6856,1.);
#6856 = DIRECTION('',(0.,-1.,0.));
#6857 = ORIENTED_EDGE('',*,*,#6858,.T.);
#6858 = EDGE_CURVE('',#6851,#6833,#6859,.T.);
#6859 = LINE('',#6860,#6861);
#6860 = CARTESIAN_POINT('',(157.5,-151.750001,1.56));
#6861 = VECTOR('',#6862,1.);
#6862 = DIRECTION('',(-1.,0.,0.));
#6863 = FACE_BOUND('',#6864,.F.);
#6864 = EDGE_LOOP('',(#6865));
#6865 = ORIENTED_EDGE('',*,*,#6866,.T.);
#6866 = EDGE_CURVE('',#6867,#6867,#6869,.T.);
#6867 = VERTEX_POINT('',#6868);
#6868 = CARTESIAN_POINT('',(151.651,-148.75,1.56));
#6869 = CIRCLE('',#6870,1.651);
#6870 = AXIS2_PLACEMENT_3D('',#6871,#6872,#6873);
#6871 = CARTESIAN_POINT('',(150.,-148.75,1.56));
#6872 = DIRECTION('',(0.,0.,1.));
#6873 = DIRECTION('',(1.,0.,-0.));
#6874 = FACE_BOUND('',#6875,.F.);
#6875 = EDGE_LOOP('',(#6876));
#6876 = ORIENTED_EDGE('',*,*,#6877,.T.);
#6877 = EDGE_CURVE('',#6878,#6878,#6880,.T.);
#6878 = VERTEX_POINT('',#6879);
#6879 = CARTESIAN_POINT('',(153.050999,-132.499999,1.56));
#6880 = CIRCLE('',#6881,3.050999);
#6881 = AXIS2_PLACEMENT_3D('',#6882,#6883,#6884);
#6882 = CARTESIAN_POINT('',(150.,-132.499999,1.56));
#6883 = DIRECTION('',(0.,0.,1.));
#6884 = DIRECTION('',(1.,0.,-0.));
#6885 = FACE_BOUND('',#6886,.F.);
#6886 = EDGE_LOOP('',(#6887));
#6887 = ORIENTED_EDGE('',*,*,#6888,.T.);
#6888 = EDGE_CURVE('',#6889,#6889,#6891,.T.);
#6889 = VERTEX_POINT('',#6890);
#6890 = CARTESIAN_POINT('',(153.050999,-117.499999,1.56));
#6891 = CIRCLE('',#6892,3.050999);
#6892 = AXIS2_PLACEMENT_3D('',#6893,#6894,#6895);
#6893 = CARTESIAN_POINT('',(150.,-117.499999,1.56));
#6894 = DIRECTION('',(0.,0.,1.));
#6895 = DIRECTION('',(1.,0.,-0.));
#6896 = FACE_BOUND('',#6897,.F.);
#6897 = EDGE_LOOP('',(#6898));
#6898 = ORIENTED_EDGE('',*,*,#6899,.T.);
#6899 = EDGE_CURVE('',#6900,#6900,#6902,.T.);
#6900 = VERTEX_POINT('',#6901);
#6901 = CARTESIAN_POINT('',(153.551,-97.499999,1.56));
#6902 = CIRCLE('',#6903,3.551);
#6903 = AXIS2_PLACEMENT_3D('',#6904,#6905,#6906);
#6904 = CARTESIAN_POINT('',(150.,-97.499999,1.56));
#6905 = DIRECTION('',(0.,0.,1.));
#6906 = DIRECTION('',(1.,0.,-0.));
#6907 = FACE_BOUND('',#6908,.F.);
#6908 = EDGE_LOOP('',(#6909));
#6909 = ORIENTED_EDGE('',*,*,#6910,.T.);
#6910 = EDGE_CURVE('',#6911,#6911,#6913,.T.);
#6911 = VERTEX_POINT('',#6912);
#6912 = CARTESIAN_POINT('',(153.050999,-77.499999,1.56));
#6913 = CIRCLE('',#6914,3.050999);
#6914 = AXIS2_PLACEMENT_3D('',#6915,#6916,#6917);
#6915 = CARTESIAN_POINT('',(150.,-77.499999,1.56));
#6916 = DIRECTION('',(0.,0.,1.));
#6917 = DIRECTION('',(1.,0.,-0.));
#6918 = FACE_BOUND('',#6919,.F.);
#6919 = EDGE_LOOP('',(#6920));
#6920 = ORIENTED_EDGE('',*,*,#6921,.T.);
#6921 = EDGE_CURVE('',#6922,#6922,#6924,.T.);
#6922 = VERTEX_POINT('',#6923);
#6923 = CARTESIAN_POINT('',(153.050999,-62.499999,1.56));
#6924 = CIRCLE('',#6925,3.050999);
#6925 = AXIS2_PLACEMENT_3D('',#6926,#6927,#6928);
#6926 = CARTESIAN_POINT('',(150.,-62.499999,1.56));
#6927 = DIRECTION('',(0.,0.,1.));
#6928 = DIRECTION('',(1.,0.,-0.));
#6929 = FACE_BOUND('',#6930,.F.);
#6930 = EDGE_LOOP('',(#6931));
#6931 = ORIENTED_EDGE('',*,*,#6932,.T.);
#6932 = EDGE_CURVE('',#6933,#6933,#6935,.T.);
#6933 = VERTEX_POINT('',#6934);
#6934 = CARTESIAN_POINT('',(153.551,-42.499999,1.56));
#6935 = CIRCLE('',#6936,3.551);
#6936 = AXIS2_PLACEMENT_3D('',#6937,#6938,#6939);
#6937 = CARTESIAN_POINT('',(150.,-42.499999,1.56));
#6938 = DIRECTION('',(0.,0.,1.));
#6939 = DIRECTION('',(1.,0.,-0.));
#6940 = FACE_BOUND('',#6941,.F.);
#6941 = EDGE_LOOP('',(#6942));
#6942 = ORIENTED_EDGE('',*,*,#6943,.T.);
#6943 = EDGE_CURVE('',#6944,#6944,#6946,.T.);
#6944 = VERTEX_POINT('',#6945);
#6945 = CARTESIAN_POINT('',(151.651,-26.249999,1.56));
#6946 = CIRCLE('',#6947,1.651);
#6947 = AXIS2_PLACEMENT_3D('',#6948,#6949,#6950);
#6948 = CARTESIAN_POINT('',(150.,-26.249999,1.56));
#6949 = DIRECTION('',(0.,0.,1.));
#6950 = DIRECTION('',(1.,0.,-0.));
#6951 = PLANE('',#6952);
#6952 = AXIS2_PLACEMENT_3D('',#6953,#6954,#6955);
#6953 = CARTESIAN_POINT('',(0.,0.,1.56));
#6954 = DIRECTION('',(0.,0.,1.));
#6955 = DIRECTION('',(1.,0.,-0.));
#6956 = ( GEOMETRIC_REPRESENTATION_CONTEXT(3) 
GLOBAL_UNCERTAINTY_ASSIGNED_CONTEXT((#6960)) 
GLOBAL_UNIT_ASSIGNED_CONTEXT((#6957,#6958,#6959)) REPRESENTATION_CONTEXT
('Context #1','3D Context with UNIT and UNCERTAINTY') );
#6957 = ( LENGTH_UNIT() NAMED_UNIT(*) SI_UNIT(.MILLI.,.METRE.) );
#6958 = ( NAMED_UNIT(*) PLANE_ANGLE_UNIT() SI_UNIT($,.RADIAN.) );
#6959 = ( NAMED_UNIT(*) SI_UNIT($,.STERADIAN.) SOLID_ANGLE_UNIT() );
#6960 = UNCERTAINTY_MEASURE_WITH_UNIT(LENGTH_MEASURE(1.E-07),#6957,
  'distance_accuracy_value','confusion accuracy');
#6961 = CONTEXT_DEPENDENT_SHAPE_REPRESENTATION(#6962,#6964);
#6962 = ( REPRESENTATION_RELATIONSHIP('','',#6825,#10) 
REPRESENTATION_RELATIONSHIP_WITH_TRANSFORMATION(#6963) 
SHAPE_REPRESENTATION_RELATIONSHIP() );
#6963 = ITEM_DEFINED_TRANSFORMATION('','',#11,#23);
#6964 = PRODUCT_DEFINITION_SHAPE('Placement','Placement of an item',
  #6965);
#6965 = NEXT_ASSEMBLY_USAGE_OCCURRENCE('3','=>[0:1:1:4]','',#5,#6820,$);
#6966 = PRODUCT_RELATED_PRODUCT_CATEGORY('part',$,(#6822));
#6967 = SHAPE_DEFINITION_REPRESENTATION(#6968,#6974);
#6968 = PRODUCT_DEFINITION_SHAPE('','',#6969);
#6969 = PRODUCT_DEFINITION('design','',#6970,#6973);
#6970 = PRODUCT_DEFINITION_FORMATION('','',#6971);
#6971 = PRODUCT('LevelsFaceplate-unsaved-export-oxjU8a_soldermask',
  'LevelsFaceplate-unsaved-export-oxjU8a_soldermask','',(#6972));
#6972 = PRODUCT_CONTEXT('',#2,'mechanical');
#6973 = PRODUCT_DEFINITION_CONTEXT('part definition',#2,'design');
#6974 = MANIFOLD_SURFACE_SHAPE_REPRESENTATION('',(#11,#6975),#7105);
#6975 = SHELL_BASED_SURFACE_MODEL('',(#6976));
#6976 = OPEN_SHELL('',(#6977));
#6977 = ADVANCED_FACE('',(#6978,#7012,#7023,#7034,#7045,#7056,#7067,
    #7078,#7089),#7100,.T.);
#6978 = FACE_BOUND('',#6979,.T.);
#6979 = EDGE_LOOP('',(#6980,#6990,#6998,#7006));
#6980 = ORIENTED_EDGE('',*,*,#6981,.T.);
#6981 = EDGE_CURVE('',#6982,#6984,#6986,.T.);
#6982 = VERTEX_POINT('',#6983);
#6983 = CARTESIAN_POINT('',(142.5,-151.750001,-5.E-02));
#6984 = VERTEX_POINT('',#6985);
#6985 = CARTESIAN_POINT('',(142.5,-23.250001,-5.E-02));
#6986 = LINE('',#6987,#6988);
#6987 = CARTESIAN_POINT('',(142.5,-151.750001,-5.E-02));
#6988 = VECTOR('',#6989,1.);
#6989 = DIRECTION('',(0.,1.,0.));
#6990 = ORIENTED_EDGE('',*,*,#6991,.T.);
#6991 = EDGE_CURVE('',#6984,#6992,#6994,.T.);
#6992 = VERTEX_POINT('',#6993);
#6993 = CARTESIAN_POINT('',(157.5,-23.250001,-5.E-02));
#6994 = LINE('',#6995,#6996);
#6995 = CARTESIAN_POINT('',(142.5,-23.250001,-5.E-02));
#6996 = VECTOR('',#6997,1.);
#6997 = DIRECTION('',(1.,0.,0.));
#6998 = ORIENTED_EDGE('',*,*,#6999,.T.);
#6999 = EDGE_CURVE('',#6992,#7000,#7002,.T.);
#7000 = VERTEX_POINT('',#7001);
#7001 = CARTESIAN_POINT('',(157.5,-151.750001,-5.E-02));
#7002 = LINE('',#7003,#7004);
#7003 = CARTESIAN_POINT('',(157.5,-23.250001,-5.E-02));
#7004 = VECTOR('',#7005,1.);
#7005 = DIRECTION('',(0.,-1.,0.));
#7006 = ORIENTED_EDGE('',*,*,#7007,.T.);
#7007 = EDGE_CURVE('',#7000,#6982,#7008,.T.);
#7008 = LINE('',#7009,#7010);
#7009 = CARTESIAN_POINT('',(157.5,-151.750001,-5.E-02));
#7010 = VECTOR('',#7011,1.);
#7011 = DIRECTION('',(-1.,0.,0.));
#7012 = FACE_BOUND('',#7013,.T.);
#7013 = EDGE_LOOP('',(#7014));
#7014 = ORIENTED_EDGE('',*,*,#7015,.T.);
#7015 = EDGE_CURVE('',#7016,#7016,#7018,.T.);
#7016 = VERTEX_POINT('',#7017);
#7017 = CARTESIAN_POINT('',(151.651,-148.75,-5.E-02));
#7018 = CIRCLE('',#7019,1.651);
#7019 = AXIS2_PLACEMENT_3D('',#7020,#7021,#7022);
#7020 = CARTESIAN_POINT('',(150.,-148.75,-5.E-02));
#7021 = DIRECTION('',(0.,0.,1.));
#7022 = DIRECTION('',(1.,0.,-0.));
#7023 = FACE_BOUND('',#7024,.T.);
#7024 = EDGE_LOOP('',(#7025));
#7025 = ORIENTED_EDGE('',*,*,#7026,.T.);
#7026 = EDGE_CURVE('',#7027,#7027,#7029,.T.);
#7027 = VERTEX_POINT('',#7028);
#7028 = CARTESIAN_POINT('',(153.050999,-132.499999,-5.E-02));
#7029 = CIRCLE('',#7030,3.050999);
#7030 = AXIS2_PLACEMENT_3D('',#7031,#7032,#7033);
#7031 = CARTESIAN_POINT('',(150.,-132.499999,-5.E-02));
#7032 = DIRECTION('',(0.,0.,1.));
#7033 = DIRECTION('',(1.,0.,-0.));
#7034 = FACE_BOUND('',#7035,.T.);
#7035 = EDGE_LOOP('',(#7036));
#7036 = ORIENTED_EDGE('',*,*,#7037,.T.);
#7037 = EDGE_CURVE('',#7038,#7038,#7040,.T.);
#7038 = VERTEX_POINT('',#7039);
#7039 = CARTESIAN_POINT('',(153.050999,-117.499999,-5.E-02));
#7040 = CIRCLE('',#7041,3.050999);
#7041 = AXIS2_PLACEMENT_3D('',#7042,#7043,#7044);
#7042 = CARTESIAN_POINT('',(150.,-117.499999,-5.E-02));
#7043 = DIRECTION('',(0.,0.,1.));
#7044 = DIRECTION('',(1.,0.,-0.));
#7045 = FACE_BOUND('',#7046,.T.);
#7046 = EDGE_LOOP('',(#7047));
#7047 = ORIENTED_EDGE('',*,*,#7048,.T.);
#7048 = EDGE_CURVE('',#7049,#7049,#7051,.T.);
#7049 = VERTEX_POINT('',#7050);
#7050 = CARTESIAN_POINT('',(153.551,-97.499999,-5.E-02));
#7051 = CIRCLE('',#7052,3.551);
#7052 = AXIS2_PLACEMENT_3D('',#7053,#7054,#7055);
#7053 = CARTESIAN_POINT('',(150.,-97.499999,-5.E-02));
#7054 = DIRECTION('',(0.,0.,1.));
#7055 = DIRECTION('',(1.,0.,-0.));
#7056 = FACE_BOUND('',#7057,.T.);
#7057 = EDGE_LOOP('',(#7058));
#7058 = ORIENTED_EDGE('',*,*,#7059,.T.);
#7059 = EDGE_CURVE('',#7060,#7060,#7062,.T.);
#7060 = VERTEX_POINT('',#7061);
#7061 = CARTESIAN_POINT('',(153.050999,-77.499999,-5.E-02));
#7062 = CIRCLE('',#7063,3.050999);
#7063 = AXIS2_PLACEMENT_3D('',#7064,#7065,#7066);
#7064 = CARTESIAN_POINT('',(150.,-77.499999,-5.E-02));
#7065 = DIRECTION('',(0.,0.,1.));
#7066 = DIRECTION('',(1.,0.,-0.));
#7067 = FACE_BOUND('',#7068,.T.);
#7068 = EDGE_LOOP('',(#7069));
#7069 = ORIENTED_EDGE('',*,*,#7070,.T.);
#7070 = EDGE_CURVE('',#7071,#7071,#7073,.T.);
#7071 = VERTEX_POINT('',#7072);
#7072 = CARTESIAN_POINT('',(153.050999,-62.499999,-5.E-02));
#7073 = CIRCLE('',#7074,3.050999);
#7074 = AXIS2_PLACEMENT_3D('',#7075,#7076,#7077);
#7075 = CARTESIAN_POINT('',(150.,-62.499999,-5.E-02));
#7076 = DIRECTION('',(0.,0.,1.));
#7077 = DIRECTION('',(1.,0.,-0.));
#7078 = FACE_BOUND('',#7079,.T.);
#7079 = EDGE_LOOP('',(#7080));
#7080 = ORIENTED_EDGE('',*,*,#7081,.T.);
#7081 = EDGE_CURVE('',#7082,#7082,#7084,.T.);
#7082 = VERTEX_POINT('',#7083);
#7083 = CARTESIAN_POINT('',(153.551,-42.499999,-5.E-02));
#7084 = CIRCLE('',#7085,3.551);
#7085 = AXIS2_PLACEMENT_3D('',#7086,#7087,#7088);
#7086 = CARTESIAN_POINT('',(150.,-42.499999,-5.E-02));
#7087 = DIRECTION('',(0.,0.,1.));
#7088 = DIRECTION('',(1.,0.,-0.));
#7089 = FACE_BOUND('',#7090,.T.);
#7090 = EDGE_LOOP('',(#7091));
#7091 = ORIENTED_EDGE('',*,*,#7092,.T.);
#7092 = EDGE_CURVE('',#7093,#7093,#7095,.T.);
#7093 = VERTEX_POINT('',#7094);
#7094 = CARTESIAN_POINT('',(151.651,-26.249999,-5.E-02));
#7095 = CIRCLE('',#7096,1.651);
#7096 = AXIS2_PLACEMENT_3D('',#7097,#7098,#7099);
#7097 = CARTESIAN_POINT('',(150.,-26.249999,-5.E-02));
#7098 = DIRECTION('',(0.,0.,1.));
#7099 = DIRECTION('',(1.,0.,-0.));
#7100 = PLANE('',#7101);
#7101 = AXIS2_PLACEMENT_3D('',#7102,#7103,#7104);
#7102 = CARTESIAN_POINT('',(0.,0.,-5.E-02));
#7103 = DIRECTION('',(-0.,-0.,-1.));
#7104 = DIRECTION('',(-1.,0.,0.));
#7105 = ( GEOMETRIC_REPRESENTATION_CONTEXT(3) 
GLOBAL_UNCERTAINTY_ASSIGNED_CONTEXT((#7109)) 
GLOBAL_UNIT_ASSIGNED_CONTEXT((#7106,#7107,#7108)) REPRESENTATION_CONTEXT
('Context #1','3D Context with UNIT and UNCERTAINTY') );
#7106 = ( LENGTH_UNIT() NAMED_UNIT(*) SI_UNIT(.MILLI.,.METRE.) );
#7107 = ( NAMED_UNIT(*) PLANE_ANGLE_UNIT() SI_UNIT($,.RADIAN.) );
#7108 = ( NAMED_UNIT(*) SI_UNIT($,.STERADIAN.) SOLID_ANGLE_UNIT() );
#7109 = UNCERTAINTY_MEASURE_WITH_UNIT(LENGTH_MEASURE(1.E-07),#7106,
  'distance_accuracy_value','confusion accuracy');
#7110 = CONTEXT_DEPENDENT_SHAPE_REPRESENTATION(#7111,#7113);
#7111 = ( REPRESENTATION_RELATIONSHIP('','',#6974,#10) 
REPRESENTATION_RELATIONSHIP_WITH_TRANSFORMATION(#7112) 
SHAPE_REPRESENTATION_RELATIONSHIP() );
#7112 = ITEM_DEFINED_TRANSFORMATION('','',#11,#27);
#7113 = PRODUCT_DEFINITION_SHAPE('Placement','Placement of an item',
  #7114);
#7114 = NEXT_ASSEMBLY_USAGE_OCCURRENCE('4','=>[0:1:1:5]','',#5,#6969,$);
#7115 = PRODUCT_RELATED_PRODUCT_CATEGORY('part',$,(#6971));
#7116 = SHAPE_DEFINITION_REPRESENTATION(#7117,#7123);
#7117 = PRODUCT_DEFINITION_SHAPE('','',#7118);
#7118 = PRODUCT_DEFINITION('design','',#7119,#7122);
#7119 = PRODUCT_DEFINITION_FORMATION('','',#7120);
#7120 = PRODUCT('LevelsFaceplate-unsaved-export-oxjU8a_PCB',
  'LevelsFaceplate-unsaved-export-oxjU8a_PCB','',(#7121));
#7121 = PRODUCT_CONTEXT('',#2,'mechanical');
#7122 = PRODUCT_DEFINITION_CONTEXT('part definition',#2,'design');
#7123 = ADVANCED_BREP_SHAPE_REPRESENTATION('',(#11,#7124),#7656);
#7124 = MANIFOLD_SOLID_BREP('',#7125);
#7125 = CLOSED_SHELL('',(#7126,#7166,#7197,#7228,#7351,#7474,#7486,#7508
    ,#7520,#7537,#7554,#7571,#7588,#7605,#7622,#7644));
#7126 = ADVANCED_FACE('',(#7127),#7161,.T.);
#7127 = FACE_BOUND('',#7128,.T.);
#7128 = EDGE_LOOP('',(#7129,#7139,#7147,#7155));
#7129 = ORIENTED_EDGE('',*,*,#7130,.T.);
#7130 = EDGE_CURVE('',#7131,#7133,#7135,.T.);
#7131 = VERTEX_POINT('',#7132);
#7132 = CARTESIAN_POINT('',(157.5,-151.750001,0.));
#7133 = VERTEX_POINT('',#7134);
#7134 = CARTESIAN_POINT('',(157.5,-151.750001,1.51));
#7135 = LINE('',#7136,#7137);
#7136 = CARTESIAN_POINT('',(157.5,-151.750001,0.));
#7137 = VECTOR('',#7138,1.);
#7138 = DIRECTION('',(0.,0.,1.));
#7139 = ORIENTED_EDGE('',*,*,#7140,.T.);
#7140 = EDGE_CURVE('',#7133,#7141,#7143,.T.);
#7141 = VERTEX_POINT('',#7142);
#7142 = CARTESIAN_POINT('',(142.5,-151.750001,1.51));
#7143 = LINE('',#7144,#7145);
#7144 = CARTESIAN_POINT('',(157.5,-151.750001,1.51));
#7145 = VECTOR('',#7146,1.);
#7146 = DIRECTION('',(-1.,0.,0.));
#7147 = ORIENTED_EDGE('',*,*,#7148,.F.);
#7148 = EDGE_CURVE('',#7149,#7141,#7151,.T.);
#7149 = VERTEX_POINT('',#7150);
#7150 = CARTESIAN_POINT('',(142.5,-151.750001,0.));
#7151 = LINE('',#7152,#7153);
#7152 = CARTESIAN_POINT('',(142.5,-151.750001,0.));
#7153 = VECTOR('',#7154,1.);
#7154 = DIRECTION('',(0.,0.,1.));
#7155 = ORIENTED_EDGE('',*,*,#7156,.F.);
#7156 = EDGE_CURVE('',#7131,#7149,#7157,.T.);
#7157 = LINE('',#7158,#7159);
#7158 = CARTESIAN_POINT('',(157.5,-151.750001,0.));
#7159 = VECTOR('',#7160,1.);
#7160 = DIRECTION('',(-1.,0.,0.));
#7161 = PLANE('',#7162);
#7162 = AXIS2_PLACEMENT_3D('',#7163,#7164,#7165);
#7163 = CARTESIAN_POINT('',(157.5,-151.750001,0.));
#7164 = DIRECTION('',(0.,-1.,0.));
#7165 = DIRECTION('',(-1.,0.,0.));
#7166 = ADVANCED_FACE('',(#7167),#7192,.T.);
#7167 = FACE_BOUND('',#7168,.T.);
#7168 = EDGE_LOOP('',(#7169,#7179,#7185,#7186));
#7169 = ORIENTED_EDGE('',*,*,#7170,.T.);
#7170 = EDGE_CURVE('',#7171,#7173,#7175,.T.);
#7171 = VERTEX_POINT('',#7172);
#7172 = CARTESIAN_POINT('',(157.5,-23.250001,0.));
#7173 = VERTEX_POINT('',#7174);
#7174 = CARTESIAN_POINT('',(157.5,-23.250001,1.51));
#7175 = LINE('',#7176,#7177);
#7176 = CARTESIAN_POINT('',(157.5,-23.250001,0.));
#7177 = VECTOR('',#7178,1.);
#7178 = DIRECTION('',(0.,0.,1.));
#7179 = ORIENTED_EDGE('',*,*,#7180,.T.);
#7180 = EDGE_CURVE('',#7173,#7133,#7181,.T.);
#7181 = LINE('',#7182,#7183);
#7182 = CARTESIAN_POINT('',(157.5,-23.250001,1.51));
#7183 = VECTOR('',#7184,1.);
#7184 = DIRECTION('',(0.,-1.,0.));
#7185 = ORIENTED_EDGE('',*,*,#7130,.F.);
#7186 = ORIENTED_EDGE('',*,*,#7187,.F.);
#7187 = EDGE_CURVE('',#7171,#7131,#7188,.T.);
#7188 = LINE('',#7189,#7190);
#7189 = CARTESIAN_POINT('',(157.5,-23.250001,0.));
#7190 = VECTOR('',#7191,1.);
#7191 = DIRECTION('',(0.,-1.,0.));
#7192 = PLANE('',#7193);
#7193 = AXIS2_PLACEMENT_3D('',#7194,#7195,#7196);
#7194 = CARTESIAN_POINT('',(157.5,-23.250001,0.));
#7195 = DIRECTION('',(1.,0.,-0.));
#7196 = DIRECTION('',(0.,-1.,0.));
#7197 = ADVANCED_FACE('',(#7198),#7223,.T.);
#7198 = FACE_BOUND('',#7199,.T.);
#7199 = EDGE_LOOP('',(#7200,#7201,#7209,#7217));
#7200 = ORIENTED_EDGE('',*,*,#7148,.T.);
#7201 = ORIENTED_EDGE('',*,*,#7202,.T.);
#7202 = EDGE_CURVE('',#7141,#7203,#7205,.T.);
#7203 = VERTEX_POINT('',#7204);
#7204 = CARTESIAN_POINT('',(142.5,-23.250001,1.51));
#7205 = LINE('',#7206,#7207);
#7206 = CARTESIAN_POINT('',(142.5,-151.750001,1.51));
#7207 = VECTOR('',#7208,1.);
#7208 = DIRECTION('',(0.,1.,0.));
#7209 = ORIENTED_EDGE('',*,*,#7210,.F.);
#7210 = EDGE_CURVE('',#7211,#7203,#7213,.T.);
#7211 = VERTEX_POINT('',#7212);
#7212 = CARTESIAN_POINT('',(142.5,-23.250001,0.));
#7213 = LINE('',#7214,#7215);
#7214 = CARTESIAN_POINT('',(142.5,-23.250001,0.));
#7215 = VECTOR('',#7216,1.);
#7216 = DIRECTION('',(0.,0.,1.));
#7217 = ORIENTED_EDGE('',*,*,#7218,.F.);
#7218 = EDGE_CURVE('',#7149,#7211,#7219,.T.);
#7219 = LINE('',#7220,#7221);
#7220 = CARTESIAN_POINT('',(142.5,-151.750001,0.));
#7221 = VECTOR('',#7222,1.);
#7222 = DIRECTION('',(0.,1.,0.));
#7223 = PLANE('',#7224);
#7224 = AXIS2_PLACEMENT_3D('',#7225,#7226,#7227);
#7225 = CARTESIAN_POINT('',(142.5,-151.750001,0.));
#7226 = DIRECTION('',(-1.,0.,0.));
#7227 = DIRECTION('',(0.,1.,0.));
#7228 = ADVANCED_FACE('',(#7229,#7240,#7260,#7271,#7282,#7293,#7304,
    #7315,#7326),#7346,.F.);
#7229 = FACE_BOUND('',#7230,.F.);
#7230 = EDGE_LOOP('',(#7231,#7232,#7233,#7239));
#7231 = ORIENTED_EDGE('',*,*,#7156,.F.);
#7232 = ORIENTED_EDGE('',*,*,#7187,.F.);
#7233 = ORIENTED_EDGE('',*,*,#7234,.F.);
#7234 = EDGE_CURVE('',#7211,#7171,#7235,.T.);
#7235 = LINE('',#7236,#7237);
#7236 = CARTESIAN_POINT('',(142.5,-23.250001,0.));
#7237 = VECTOR('',#7238,1.);
#7238 = DIRECTION('',(1.,0.,0.));
#7239 = ORIENTED_EDGE('',*,*,#7218,.F.);
#7240 = FACE_BOUND('',#7241,.F.);
#7241 = EDGE_LOOP('',(#7242,#7253));
#7242 = ORIENTED_EDGE('',*,*,#7243,.F.);
#7243 = EDGE_CURVE('',#7244,#7246,#7248,.T.);
#7244 = VERTEX_POINT('',#7245);
#7245 = CARTESIAN_POINT('',(148.4,-148.7499998355,0.));
#7246 = VERTEX_POINT('',#7247);
#7247 = CARTESIAN_POINT('',(151.6,-148.750001,0.));
#7248 = CIRCLE('',#7249,1.6);
#7249 = AXIS2_PLACEMENT_3D('',#7250,#7251,#7252);
#7250 = CARTESIAN_POINT('',(150.,-148.750001,0.));
#7251 = DIRECTION('',(0.,0.,1.));
#7252 = DIRECTION('',(1.,0.,-0.));
#7253 = ORIENTED_EDGE('',*,*,#7254,.F.);
#7254 = EDGE_CURVE('',#7246,#7244,#7255,.T.);
#7255 = CIRCLE('',#7256,1.6);
#7256 = AXIS2_PLACEMENT_3D('',#7257,#7258,#7259);
#7257 = CARTESIAN_POINT('',(150.,-148.750001,0.));
#7258 = DIRECTION('',(0.,0.,1.));
#7259 = DIRECTION('',(1.,0.,-0.));
#7260 = FACE_BOUND('',#7261,.F.);
#7261 = EDGE_LOOP('',(#7262));
#7262 = ORIENTED_EDGE('',*,*,#7263,.T.);
#7263 = EDGE_CURVE('',#7264,#7264,#7266,.T.);
#7264 = VERTEX_POINT('',#7265);
#7265 = CARTESIAN_POINT('',(150.,-135.499999,0.));
#7266 = CIRCLE('',#7267,3.);
#7267 = AXIS2_PLACEMENT_3D('',#7268,#7269,#7270);
#7268 = CARTESIAN_POINT('',(150.,-132.499999,0.));
#7269 = DIRECTION('',(-0.,0.,-1.));
#7270 = DIRECTION('',(-0.,-1.,0.));
#7271 = FACE_BOUND('',#7272,.F.);
#7272 = EDGE_LOOP('',(#7273));
#7273 = ORIENTED_EDGE('',*,*,#7274,.T.);
#7274 = EDGE_CURVE('',#7275,#7275,#7277,.T.);
#7275 = VERTEX_POINT('',#7276);
#7276 = CARTESIAN_POINT('',(150.,-120.499999,0.));
#7277 = CIRCLE('',#7278,3.);
#7278 = AXIS2_PLACEMENT_3D('',#7279,#7280,#7281);
#7279 = CARTESIAN_POINT('',(150.,-117.499999,0.));
#7280 = DIRECTION('',(-0.,0.,-1.));
#7281 = DIRECTION('',(-0.,-1.,0.));
#7282 = FACE_BOUND('',#7283,.F.);
#7283 = EDGE_LOOP('',(#7284));
#7284 = ORIENTED_EDGE('',*,*,#7285,.T.);
#7285 = EDGE_CURVE('',#7286,#7286,#7288,.T.);
#7286 = VERTEX_POINT('',#7287);
#7287 = CARTESIAN_POINT('',(150.,-100.999999,0.));
#7288 = CIRCLE('',#7289,3.5);
#7289 = AXIS2_PLACEMENT_3D('',#7290,#7291,#7292);
#7290 = CARTESIAN_POINT('',(150.,-97.499999,0.));
#7291 = DIRECTION('',(-0.,0.,-1.));
#7292 = DIRECTION('',(-0.,-1.,0.));
#7293 = FACE_BOUND('',#7294,.F.);
#7294 = EDGE_LOOP('',(#7295));
#7295 = ORIENTED_EDGE('',*,*,#7296,.T.);
#7296 = EDGE_CURVE('',#7297,#7297,#7299,.T.);
#7297 = VERTEX_POINT('',#7298);
#7298 = CARTESIAN_POINT('',(150.,-80.499999,0.));
#7299 = CIRCLE('',#7300,3.);
#7300 = AXIS2_PLACEMENT_3D('',#7301,#7302,#7303);
#7301 = CARTESIAN_POINT('',(150.,-77.499999,0.));
#7302 = DIRECTION('',(-0.,0.,-1.));
#7303 = DIRECTION('',(-0.,-1.,0.));
#7304 = FACE_BOUND('',#7305,.F.);
#7305 = EDGE_LOOP('',(#7306));
#7306 = ORIENTED_EDGE('',*,*,#7307,.T.);
#7307 = EDGE_CURVE('',#7308,#7308,#7310,.T.);
#7308 = VERTEX_POINT('',#7309);
#7309 = CARTESIAN_POINT('',(150.,-65.499999,0.));
#7310 = CIRCLE('',#7311,3.);
#7311 = AXIS2_PLACEMENT_3D('',#7312,#7313,#7314);
#7312 = CARTESIAN_POINT('',(150.,-62.499999,0.));
#7313 = DIRECTION('',(-0.,0.,-1.));
#7314 = DIRECTION('',(-0.,-1.,0.));
#7315 = FACE_BOUND('',#7316,.F.);
#7316 = EDGE_LOOP('',(#7317));
#7317 = ORIENTED_EDGE('',*,*,#7318,.T.);
#7318 = EDGE_CURVE('',#7319,#7319,#7321,.T.);
#7319 = VERTEX_POINT('',#7320);
#7320 = CARTESIAN_POINT('',(150.,-45.999999,0.));
#7321 = CIRCLE('',#7322,3.5);
#7322 = AXIS2_PLACEMENT_3D('',#7323,#7324,#7325);
#7323 = CARTESIAN_POINT('',(150.,-42.499999,0.));
#7324 = DIRECTION('',(-0.,0.,-1.));
#7325 = DIRECTION('',(-0.,-1.,0.));
#7326 = FACE_BOUND('',#7327,.F.);
#7327 = EDGE_LOOP('',(#7328,#7339));
#7328 = ORIENTED_EDGE('',*,*,#7329,.F.);
#7329 = EDGE_CURVE('',#7330,#7332,#7334,.T.);
#7330 = VERTEX_POINT('',#7331);
#7331 = CARTESIAN_POINT('',(148.4,-26.25000223678,0.));
#7332 = VERTEX_POINT('',#7333);
#7333 = CARTESIAN_POINT('',(151.6,-26.250001,0.));
#7334 = CIRCLE('',#7335,1.6);
#7335 = AXIS2_PLACEMENT_3D('',#7336,#7337,#7338);
#7336 = CARTESIAN_POINT('',(150.,-26.250001,0.));
#7337 = DIRECTION('',(0.,0.,1.));
#7338 = DIRECTION('',(1.,0.,-0.));
#7339 = ORIENTED_EDGE('',*,*,#7340,.F.);
#7340 = EDGE_CURVE('',#7332,#7330,#7341,.T.);
#7341 = CIRCLE('',#7342,1.6);
#7342 = AXIS2_PLACEMENT_3D('',#7343,#7344,#7345);
#7343 = CARTESIAN_POINT('',(150.,-26.250001,0.));
#7344 = DIRECTION('',(0.,0.,1.));
#7345 = DIRECTION('',(1.,0.,-0.));
#7346 = PLANE('',#7347);
#7347 = AXIS2_PLACEMENT_3D('',#7348,#7349,#7350);
#7348 = CARTESIAN_POINT('',(0.,0.,0.));
#7349 = DIRECTION('',(0.,0.,1.));
#7350 = DIRECTION('',(1.,0.,-0.));
#7351 = ADVANCED_FACE('',(#7352,#7363,#7383,#7394,#7405,#7416,#7427,
    #7438,#7449),#7469,.T.);
#7352 = FACE_BOUND('',#7353,.T.);
#7353 = EDGE_LOOP('',(#7354,#7355,#7356,#7362));
#7354 = ORIENTED_EDGE('',*,*,#7140,.F.);
#7355 = ORIENTED_EDGE('',*,*,#7180,.F.);
#7356 = ORIENTED_EDGE('',*,*,#7357,.F.);
#7357 = EDGE_CURVE('',#7203,#7173,#7358,.T.);
#7358 = LINE('',#7359,#7360);
#7359 = CARTESIAN_POINT('',(142.5,-23.250001,1.51));
#7360 = VECTOR('',#7361,1.);
#7361 = DIRECTION('',(1.,0.,0.));
#7362 = ORIENTED_EDGE('',*,*,#7202,.F.);
#7363 = FACE_BOUND('',#7364,.T.);
#7364 = EDGE_LOOP('',(#7365,#7376));
#7365 = ORIENTED_EDGE('',*,*,#7366,.F.);
#7366 = EDGE_CURVE('',#7367,#7369,#7371,.T.);
#7367 = VERTEX_POINT('',#7368);
#7368 = CARTESIAN_POINT('',(148.4,-148.7499998355,1.51));
#7369 = VERTEX_POINT('',#7370);
#7370 = CARTESIAN_POINT('',(151.6,-148.750001,1.51));
#7371 = CIRCLE('',#7372,1.6);
#7372 = AXIS2_PLACEMENT_3D('',#7373,#7374,#7375);
#7373 = CARTESIAN_POINT('',(150.,-148.750001,1.51));
#7374 = DIRECTION('',(0.,0.,1.));
#7375 = DIRECTION('',(1.,0.,-0.));
#7376 = ORIENTED_EDGE('',*,*,#7377,.F.);
#7377 = EDGE_CURVE('',#7369,#7367,#7378,.T.);
#7378 = CIRCLE('',#7379,1.6);
#7379 = AXIS2_PLACEMENT_3D('',#7380,#7381,#7382);
#7380 = CARTESIAN_POINT('',(150.,-148.750001,1.51));
#7381 = DIRECTION('',(0.,0.,1.));
#7382 = DIRECTION('',(1.,0.,-0.));
#7383 = FACE_BOUND('',#7384,.T.);
#7384 = EDGE_LOOP('',(#7385));
#7385 = ORIENTED_EDGE('',*,*,#7386,.T.);
#7386 = EDGE_CURVE('',#7387,#7387,#7389,.T.);
#7387 = VERTEX_POINT('',#7388);
#7388 = CARTESIAN_POINT('',(150.,-135.499999,1.51));
#7389 = CIRCLE('',#7390,3.);
#7390 = AXIS2_PLACEMENT_3D('',#7391,#7392,#7393);
#7391 = CARTESIAN_POINT('',(150.,-132.499999,1.51));
#7392 = DIRECTION('',(-0.,0.,-1.));
#7393 = DIRECTION('',(-0.,-1.,0.));
#7394 = FACE_BOUND('',#7395,.T.);
#7395 = EDGE_LOOP('',(#7396));
#7396 = ORIENTED_EDGE('',*,*,#7397,.T.);
#7397 = EDGE_CURVE('',#7398,#7398,#7400,.T.);
#7398 = VERTEX_POINT('',#7399);
#7399 = CARTESIAN_POINT('',(150.,-120.499999,1.51));
#7400 = CIRCLE('',#7401,3.);
#7401 = AXIS2_PLACEMENT_3D('',#7402,#7403,#7404);
#7402 = CARTESIAN_POINT('',(150.,-117.499999,1.51));
#7403 = DIRECTION('',(-0.,0.,-1.));
#7404 = DIRECTION('',(-0.,-1.,0.));
#7405 = FACE_BOUND('',#7406,.T.);
#7406 = EDGE_LOOP('',(#7407));
#7407 = ORIENTED_EDGE('',*,*,#7408,.T.);
#7408 = EDGE_CURVE('',#7409,#7409,#7411,.T.);
#7409 = VERTEX_POINT('',#7410);
#7410 = CARTESIAN_POINT('',(150.,-100.999999,1.51));
#7411 = CIRCLE('',#7412,3.5);
#7412 = AXIS2_PLACEMENT_3D('',#7413,#7414,#7415);
#7413 = CARTESIAN_POINT('',(150.,-97.499999,1.51));
#7414 = DIRECTION('',(-0.,0.,-1.));
#7415 = DIRECTION('',(-0.,-1.,0.));
#7416 = FACE_BOUND('',#7417,.T.);
#7417 = EDGE_LOOP('',(#7418));
#7418 = ORIENTED_EDGE('',*,*,#7419,.T.);
#7419 = EDGE_CURVE('',#7420,#7420,#7422,.T.);
#7420 = VERTEX_POINT('',#7421);
#7421 = CARTESIAN_POINT('',(150.,-80.499999,1.51));
#7422 = CIRCLE('',#7423,3.);
#7423 = AXIS2_PLACEMENT_3D('',#7424,#7425,#7426);
#7424 = CARTESIAN_POINT('',(150.,-77.499999,1.51));
#7425 = DIRECTION('',(-0.,0.,-1.));
#7426 = DIRECTION('',(-0.,-1.,0.));
#7427 = FACE_BOUND('',#7428,.T.);
#7428 = EDGE_LOOP('',(#7429));
#7429 = ORIENTED_EDGE('',*,*,#7430,.T.);
#7430 = EDGE_CURVE('',#7431,#7431,#7433,.T.);
#7431 = VERTEX_POINT('',#7432);
#7432 = CARTESIAN_POINT('',(150.,-65.499999,1.51));
#7433 = CIRCLE('',#7434,3.);
#7434 = AXIS2_PLACEMENT_3D('',#7435,#7436,#7437);
#7435 = CARTESIAN_POINT('',(150.,-62.499999,1.51));
#7436 = DIRECTION('',(-0.,0.,-1.));
#7437 = DIRECTION('',(-0.,-1.,0.));
#7438 = FACE_BOUND('',#7439,.T.);
#7439 = EDGE_LOOP('',(#7440));
#7440 = ORIENTED_EDGE('',*,*,#7441,.T.);
#7441 = EDGE_CURVE('',#7442,#7442,#7444,.T.);
#7442 = VERTEX_POINT('',#7443);
#7443 = CARTESIAN_POINT('',(150.,-45.999999,1.51));
#7444 = CIRCLE('',#7445,3.5);
#7445 = AXIS2_PLACEMENT_3D('',#7446,#7447,#7448);
#7446 = CARTESIAN_POINT('',(150.,-42.499999,1.51));
#7447 = DIRECTION('',(-0.,0.,-1.));
#7448 = DIRECTION('',(-0.,-1.,0.));
#7449 = FACE_BOUND('',#7450,.T.);
#7450 = EDGE_LOOP('',(#7451,#7462));
#7451 = ORIENTED_EDGE('',*,*,#7452,.F.);
#7452 = EDGE_CURVE('',#7453,#7455,#7457,.T.);
#7453 = VERTEX_POINT('',#7454);
#7454 = CARTESIAN_POINT('',(148.4,-26.25000223678,1.51));
#7455 = VERTEX_POINT('',#7456);
#7456 = CARTESIAN_POINT('',(151.6,-26.250001,1.51));
#7457 = CIRCLE('',#7458,1.6);
#7458 = AXIS2_PLACEMENT_3D('',#7459,#7460,#7461);
#7459 = CARTESIAN_POINT('',(150.,-26.250001,1.51));
#7460 = DIRECTION('',(0.,0.,1.));
#7461 = DIRECTION('',(1.,0.,-0.));
#7462 = ORIENTED_EDGE('',*,*,#7463,.F.);
#7463 = EDGE_CURVE('',#7455,#7453,#7464,.T.);
#7464 = CIRCLE('',#7465,1.6);
#7465 = AXIS2_PLACEMENT_3D('',#7466,#7467,#7468);
#7466 = CARTESIAN_POINT('',(150.,-26.250001,1.51));
#7467 = DIRECTION('',(0.,0.,1.));
#7468 = DIRECTION('',(1.,0.,-0.));
#7469 = PLANE('',#7470);
#7470 = AXIS2_PLACEMENT_3D('',#7471,#7472,#7473);
#7471 = CARTESIAN_POINT('',(0.,0.,1.51));
#7472 = DIRECTION('',(0.,0.,1.));
#7473 = DIRECTION('',(1.,0.,-0.));
#7474 = ADVANCED_FACE('',(#7475),#7481,.T.);
#7475 = FACE_BOUND('',#7476,.T.);
#7476 = EDGE_LOOP('',(#7477,#7478,#7479,#7480));
#7477 = ORIENTED_EDGE('',*,*,#7210,.T.);
#7478 = ORIENTED_EDGE('',*,*,#7357,.T.);
#7479 = ORIENTED_EDGE('',*,*,#7170,.F.);
#7480 = ORIENTED_EDGE('',*,*,#7234,.F.);
#7481 = PLANE('',#7482);
#7482 = AXIS2_PLACEMENT_3D('',#7483,#7484,#7485);
#7483 = CARTESIAN_POINT('',(142.5,-23.250001,0.));
#7484 = DIRECTION('',(0.,1.,0.));
#7485 = DIRECTION('',(1.,0.,0.));
#7486 = ADVANCED_FACE('',(#7487),#7503,.F.);
#7487 = FACE_BOUND('',#7488,.T.);
#7488 = EDGE_LOOP('',(#7489,#7495,#7496,#7502));
#7489 = ORIENTED_EDGE('',*,*,#7490,.F.);
#7490 = EDGE_CURVE('',#7246,#7369,#7491,.T.);
#7491 = LINE('',#7492,#7493);
#7492 = CARTESIAN_POINT('',(151.6,-148.750001,0.));
#7493 = VECTOR('',#7494,1.);
#7494 = DIRECTION('',(0.,0.,1.));
#7495 = ORIENTED_EDGE('',*,*,#7243,.F.);
#7496 = ORIENTED_EDGE('',*,*,#7497,.F.);
#7497 = EDGE_CURVE('',#7367,#7244,#7498,.T.);
#7498 = LINE('',#7499,#7500);
#7499 = CARTESIAN_POINT('',(148.4,-148.7500004906,0.));
#7500 = VECTOR('',#7501,1.);
#7501 = DIRECTION('',(-0.,-0.,-1.));
#7502 = ORIENTED_EDGE('',*,*,#7366,.T.);
#7503 = CYLINDRICAL_SURFACE('',#7504,1.6);
#7504 = AXIS2_PLACEMENT_3D('',#7505,#7506,#7507);
#7505 = CARTESIAN_POINT('',(150.,-148.750001,0.));
#7506 = DIRECTION('',(-0.,-0.,-1.));
#7507 = DIRECTION('',(1.,0.,-0.));
#7508 = ADVANCED_FACE('',(#7509),#7515,.F.);
#7509 = FACE_BOUND('',#7510,.T.);
#7510 = EDGE_LOOP('',(#7511,#7512,#7513,#7514));
#7511 = ORIENTED_EDGE('',*,*,#7254,.F.);
#7512 = ORIENTED_EDGE('',*,*,#7490,.T.);
#7513 = ORIENTED_EDGE('',*,*,#7377,.T.);
#7514 = ORIENTED_EDGE('',*,*,#7497,.T.);
#7515 = CYLINDRICAL_SURFACE('',#7516,1.6);
#7516 = AXIS2_PLACEMENT_3D('',#7517,#7518,#7519);
#7517 = CARTESIAN_POINT('',(150.,-148.750001,0.));
#7518 = DIRECTION('',(-0.,-0.,-1.));
#7519 = DIRECTION('',(1.,0.,-0.));
#7520 = ADVANCED_FACE('',(#7521),#7532,.F.);
#7521 = FACE_BOUND('',#7522,.T.);
#7522 = EDGE_LOOP('',(#7523,#7524,#7530,#7531));
#7523 = ORIENTED_EDGE('',*,*,#7263,.T.);
#7524 = ORIENTED_EDGE('',*,*,#7525,.T.);
#7525 = EDGE_CURVE('',#7264,#7387,#7526,.T.);
#7526 = LINE('',#7527,#7528);
#7527 = CARTESIAN_POINT('',(150.,-135.499999,-4.6E-02));
#7528 = VECTOR('',#7529,1.);
#7529 = DIRECTION('',(0.,0.,1.));
#7530 = ORIENTED_EDGE('',*,*,#7386,.F.);
#7531 = ORIENTED_EDGE('',*,*,#7525,.F.);
#7532 = CYLINDRICAL_SURFACE('',#7533,3.);
#7533 = AXIS2_PLACEMENT_3D('',#7534,#7535,#7536);
#7534 = CARTESIAN_POINT('',(150.,-132.499999,-4.6E-02));
#7535 = DIRECTION('',(-0.,-0.,-1.));
#7536 = DIRECTION('',(-0.,-1.,0.));
#7537 = ADVANCED_FACE('',(#7538),#7549,.F.);
#7538 = FACE_BOUND('',#7539,.T.);
#7539 = EDGE_LOOP('',(#7540,#7541,#7547,#7548));
#7540 = ORIENTED_EDGE('',*,*,#7274,.T.);
#7541 = ORIENTED_EDGE('',*,*,#7542,.T.);
#7542 = EDGE_CURVE('',#7275,#7398,#7543,.T.);
#7543 = LINE('',#7544,#7545);
#7544 = CARTESIAN_POINT('',(150.,-120.499999,-4.6E-02));
#7545 = VECTOR('',#7546,1.);
#7546 = DIRECTION('',(0.,0.,1.));
#7547 = ORIENTED_EDGE('',*,*,#7397,.F.);
#7548 = ORIENTED_EDGE('',*,*,#7542,.F.);
#7549 = CYLINDRICAL_SURFACE('',#7550,3.);
#7550 = AXIS2_PLACEMENT_3D('',#7551,#7552,#7553);
#7551 = CARTESIAN_POINT('',(150.,-117.499999,-4.6E-02));
#7552 = DIRECTION('',(-0.,-0.,-1.));
#7553 = DIRECTION('',(-0.,-1.,0.));
#7554 = ADVANCED_FACE('',(#7555),#7566,.F.);
#7555 = FACE_BOUND('',#7556,.T.);
#7556 = EDGE_LOOP('',(#7557,#7558,#7564,#7565));
#7557 = ORIENTED_EDGE('',*,*,#7285,.T.);
#7558 = ORIENTED_EDGE('',*,*,#7559,.T.);
#7559 = EDGE_CURVE('',#7286,#7409,#7560,.T.);
#7560 = LINE('',#7561,#7562);
#7561 = CARTESIAN_POINT('',(150.,-100.999999,-4.6E-02));
#7562 = VECTOR('',#7563,1.);
#7563 = DIRECTION('',(0.,0.,1.));
#7564 = ORIENTED_EDGE('',*,*,#7408,.F.);
#7565 = ORIENTED_EDGE('',*,*,#7559,.F.);
#7566 = CYLINDRICAL_SURFACE('',#7567,3.5);
#7567 = AXIS2_PLACEMENT_3D('',#7568,#7569,#7570);
#7568 = CARTESIAN_POINT('',(150.,-97.499999,-4.6E-02));
#7569 = DIRECTION('',(-0.,-0.,-1.));
#7570 = DIRECTION('',(-0.,-1.,0.));
#7571 = ADVANCED_FACE('',(#7572),#7583,.F.);
#7572 = FACE_BOUND('',#7573,.T.);
#7573 = EDGE_LOOP('',(#7574,#7575,#7581,#7582));
#7574 = ORIENTED_EDGE('',*,*,#7296,.T.);
#7575 = ORIENTED_EDGE('',*,*,#7576,.T.);
#7576 = EDGE_CURVE('',#7297,#7420,#7577,.T.);
#7577 = LINE('',#7578,#7579);
#7578 = CARTESIAN_POINT('',(150.,-80.499999,-4.6E-02));
#7579 = VECTOR('',#7580,1.);
#7580 = DIRECTION('',(0.,0.,1.));
#7581 = ORIENTED_EDGE('',*,*,#7419,.F.);
#7582 = ORIENTED_EDGE('',*,*,#7576,.F.);
#7583 = CYLINDRICAL_SURFACE('',#7584,3.);
#7584 = AXIS2_PLACEMENT_3D('',#7585,#7586,#7587);
#7585 = CARTESIAN_POINT('',(150.,-77.499999,-4.6E-02));
#7586 = DIRECTION('',(-0.,-0.,-1.));
#7587 = DIRECTION('',(-0.,-1.,0.));
#7588 = ADVANCED_FACE('',(#7589),#7600,.F.);
#7589 = FACE_BOUND('',#7590,.T.);
#7590 = EDGE_LOOP('',(#7591,#7592,#7598,#7599));
#7591 = ORIENTED_EDGE('',*,*,#7307,.T.);
#7592 = ORIENTED_EDGE('',*,*,#7593,.T.);
#7593 = EDGE_CURVE('',#7308,#7431,#7594,.T.);
#7594 = LINE('',#7595,#7596);
#7595 = CARTESIAN_POINT('',(150.,-65.499999,-4.6E-02));
#7596 = VECTOR('',#7597,1.);
#7597 = DIRECTION('',(0.,0.,1.));
#7598 = ORIENTED_EDGE('',*,*,#7430,.F.);
#7599 = ORIENTED_EDGE('',*,*,#7593,.F.);
#7600 = CYLINDRICAL_SURFACE('',#7601,3.);
#7601 = AXIS2_PLACEMENT_3D('',#7602,#7603,#7604);
#7602 = CARTESIAN_POINT('',(150.,-62.499999,-4.6E-02));
#7603 = DIRECTION('',(-0.,-0.,-1.));
#7604 = DIRECTION('',(-0.,-1.,0.));
#7605 = ADVANCED_FACE('',(#7606),#7617,.F.);
#7606 = FACE_BOUND('',#7607,.T.);
#7607 = EDGE_LOOP('',(#7608,#7609,#7615,#7616));
#7608 = ORIENTED_EDGE('',*,*,#7318,.T.);
#7609 = ORIENTED_EDGE('',*,*,#7610,.T.);
#7610 = EDGE_CURVE('',#7319,#7442,#7611,.T.);
#7611 = LINE('',#7612,#7613);
#7612 = CARTESIAN_POINT('',(150.,-45.999999,-4.6E-02));
#7613 = VECTOR('',#7614,1.);
#7614 = DIRECTION('',(0.,0.,1.));
#7615 = ORIENTED_EDGE('',*,*,#7441,.F.);
#7616 = ORIENTED_EDGE('',*,*,#7610,.F.);
#7617 = CYLINDRICAL_SURFACE('',#7618,3.5);
#7618 = AXIS2_PLACEMENT_3D('',#7619,#7620,#7621);
#7619 = CARTESIAN_POINT('',(150.,-42.499999,-4.6E-02));
#7620 = DIRECTION('',(-0.,-0.,-1.));
#7621 = DIRECTION('',(-0.,-1.,0.));
#7622 = ADVANCED_FACE('',(#7623),#7639,.F.);
#7623 = FACE_BOUND('',#7624,.T.);
#7624 = EDGE_LOOP('',(#7625,#7631,#7632,#7638));
#7625 = ORIENTED_EDGE('',*,*,#7626,.F.);
#7626 = EDGE_CURVE('',#7332,#7455,#7627,.T.);
#7627 = LINE('',#7628,#7629);
#7628 = CARTESIAN_POINT('',(151.6,-26.250001,0.));
#7629 = VECTOR('',#7630,1.);
#7630 = DIRECTION('',(0.,0.,1.));
#7631 = ORIENTED_EDGE('',*,*,#7329,.F.);
#7632 = ORIENTED_EDGE('',*,*,#7633,.F.);
#7633 = EDGE_CURVE('',#7453,#7330,#7634,.T.);
#7634 = LINE('',#7635,#7636);
#7635 = CARTESIAN_POINT('',(148.4,-26.24999999905,0.));
#7636 = VECTOR('',#7637,1.);
#7637 = DIRECTION('',(-0.,-0.,-1.));
#7638 = ORIENTED_EDGE('',*,*,#7452,.T.);
#7639 = CYLINDRICAL_SURFACE('',#7640,1.6);
#7640 = AXIS2_PLACEMENT_3D('',#7641,#7642,#7643);
#7641 = CARTESIAN_POINT('',(150.,-26.250001,0.));
#7642 = DIRECTION('',(-0.,-0.,-1.));
#7643 = DIRECTION('',(1.,0.,-0.));
#7644 = ADVANCED_FACE('',(#7645),#7651,.F.);
#7645 = FACE_BOUND('',#7646,.T.);
#7646 = EDGE_LOOP('',(#7647,#7648,#7649,#7650));
#7647 = ORIENTED_EDGE('',*,*,#7340,.F.);
#7648 = ORIENTED_EDGE('',*,*,#7626,.T.);
#7649 = ORIENTED_EDGE('',*,*,#7463,.T.);
#7650 = ORIENTED_EDGE('',*,*,#7633,.T.);
#7651 = CYLINDRICAL_SURFACE('',#7652,1.6);
#7652 = AXIS2_PLACEMENT_3D('',#7653,#7654,#7655);
#7653 = CARTESIAN_POINT('',(150.,-26.250001,0.));
#7654 = DIRECTION('',(-0.,-0.,-1.));
#7655 = DIRECTION('',(1.,0.,-0.));
#7656 = ( GEOMETRIC_REPRESENTATION_CONTEXT(3) 
GLOBAL_UNCERTAINTY_ASSIGNED_CONTEXT((#7660)) 
GLOBAL_UNIT_ASSIGNED_CONTEXT((#7657,#7658,#7659)) REPRESENTATION_CONTEXT
('Context #1','3D Context with UNIT and UNCERTAINTY') );
#7657 = ( LENGTH_UNIT() NAMED_UNIT(*) SI_UNIT(.MILLI.,.METRE.) );
#7658 = ( NAMED_UNIT(*) PLANE_ANGLE_UNIT() SI_UNIT($,.RADIAN.) );
#7659 = ( NAMED_UNIT(*) SI_UNIT($,.STERADIAN.) SOLID_ANGLE_UNIT() );
#7660 = UNCERTAINTY_MEASURE_WITH_UNIT(LENGTH_MEASURE(1.E-06),#7657,
  'distance_accuracy_value','confusion accuracy');
#7661 = CONTEXT_DEPENDENT_SHAPE_REPRESENTATION(#7662,#7664);
#7662 = ( REPRESENTATION_RELATIONSHIP('','',#7123,#10) 
REPRESENTATION_RELATIONSHIP_WITH_TRANSFORMATION(#7663) 
SHAPE_REPRESENTATION_RELATIONSHIP() );
#7663 = ITEM_DEFINED_TRANSFORMATION('','',#11,#31);
#7664 = PRODUCT_DEFINITION_SHAPE('Placement','Placement of an item',
  #7665);
#7665 = NEXT_ASSEMBLY_USAGE_OCCURRENCE('5','=>[0:1:1:6]','',#5,#7118,$);
#7666 = PRODUCT_RELATED_PRODUCT_CATEGORY('part',$,(#7120));
#7667 = MECHANICAL_DESIGN_GEOMETRIC_PRESENTATION_REPRESENTATION('',(
    #7668),#651);
#7668 = STYLED_ITEM('color',(#7669),#49);
#7669 = PRESENTATION_STYLE_ASSIGNMENT((#7670));
#7670 = SURFACE_STYLE_USAGE(.BOTH.,#7671);
#7671 = SURFACE_SIDE_STYLE('',(#7672));
#7672 = SURFACE_STYLE_FILL_AREA(#7673);
#7673 = FILL_AREA_STYLE('',(#7674));
#7674 = FILL_AREA_STYLE_COLOUR('',#7675);
#7675 = COLOUR_RGB('',0.854305825093,0.803630995277,0.);
#7676 = MECHANICAL_DESIGN_GEOMETRIC_PRESENTATION_REPRESENTATION('',(
    #7677),#6956);
#7677 = STYLED_ITEM('color',(#7678),#6828);
#7678 = PRESENTATION_STYLE_ASSIGNMENT((#7679));
#7679 = SURFACE_STYLE_USAGE(.BOTH.,#7680);
#7680 = SURFACE_SIDE_STYLE('',(#7681,#7685));
#7681 = SURFACE_STYLE_FILL_AREA(#7682);
#7682 = FILL_AREA_STYLE('',(#7683));
#7683 = FILL_AREA_STYLE_COLOUR('',#7684);
#7684 = COLOUR_RGB('',0.890440242649,0.890440242649,0.890440242649);
#7685 = SURFACE_STYLE_RENDERING_WITH_PROPERTIES(.NORMAL_SHADING.,#7684,(
    #7686));
#7686 = SURFACE_STYLE_TRANSPARENT(0.170000016689);
#7687 = MECHANICAL_DESIGN_GEOMETRIC_PRESENTATION_REPRESENTATION('',(
    #7688),#7105);
#7688 = STYLED_ITEM('color',(#7689),#6977);
#7689 = PRESENTATION_STYLE_ASSIGNMENT((#7690));
#7690 = SURFACE_STYLE_USAGE(.BOTH.,#7691);
#7691 = SURFACE_SIDE_STYLE('',(#7692,#7696));
#7692 = SURFACE_STYLE_FILL_AREA(#7693);
#7693 = FILL_AREA_STYLE('',(#7694));
#7694 = FILL_AREA_STYLE_COLOUR('',#7695);
#7695 = COLOUR_RGB('',0.313304153717,0.484529207832,0.410020903123);
#7696 = SURFACE_STYLE_RENDERING_WITH_PROPERTIES(.NORMAL_SHADING.,#7695,(
    #7697));
#7697 = SURFACE_STYLE_TRANSPARENT(0.170000016689);
#7698 = MECHANICAL_DESIGN_GEOMETRIC_PRESENTATION_REPRESENTATION('',(
    #7699,#7707,#7714,#7721,#7728,#7735,#7742,#7749,#7756,#7763,#7770,
    #7777,#7784,#7791,#7798,#7805,#7812,#7819,#7826,#7833,#7840,#7847,
    #7854,#7861,#7868,#7875,#7882,#7889,#7896,#7903,#7910,#7917,#7924,
    #7931,#7938,#7945,#7952,#7959,#7966,#7973,#7980,#7987,#7994,#8001,
    #8008,#8015,#8022,#8029,#8036,#8043,#8050,#8057,#8064,#8071,#8078,
    #8085,#8092),#6807);
#7699 = STYLED_ITEM('color',(#7700),#672);
#7700 = PRESENTATION_STYLE_ASSIGNMENT((#7701));
#7701 = SURFACE_STYLE_USAGE(.BOTH.,#7702);
#7702 = SURFACE_SIDE_STYLE('',(#7703));
#7703 = SURFACE_STYLE_FILL_AREA(#7704);
#7704 = FILL_AREA_STYLE('',(#7705));
#7705 = FILL_AREA_STYLE_COLOUR('',#7706);
#7706 = COLOUR_RGB('',0.229735100727,0.229735100727,0.229735100727);
#7707 = STYLED_ITEM('color',(#7708),#1690);
#7708 = PRESENTATION_STYLE_ASSIGNMENT((#7709));
#7709 = SURFACE_STYLE_USAGE(.BOTH.,#7710);
#7710 = SURFACE_SIDE_STYLE('',(#7711));
#7711 = SURFACE_STYLE_FILL_AREA(#7712);
#7712 = FILL_AREA_STYLE('',(#7713));
#7713 = FILL_AREA_STYLE_COLOUR('',#7706);
#7714 = STYLED_ITEM('color',(#7715),#2132);
#7715 = PRESENTATION_STYLE_ASSIGNMENT((#7716));
#7716 = SURFACE_STYLE_USAGE(.BOTH.,#7717);
#7717 = SURFACE_SIDE_STYLE('',(#7718));
#7718 = SURFACE_STYLE_FILL_AREA(#7719);
#7719 = FILL_AREA_STYLE('',(#7720));
#7720 = FILL_AREA_STYLE_COLOUR('',#7706);
#7721 = STYLED_ITEM('color',(#7722),#2206);
#7722 = PRESENTATION_STYLE_ASSIGNMENT((#7723));
#7723 = SURFACE_STYLE_USAGE(.BOTH.,#7724);
#7724 = SURFACE_SIDE_STYLE('',(#7725));
#7725 = SURFACE_STYLE_FILL_AREA(#7726);
#7726 = FILL_AREA_STYLE('',(#7727));
#7727 = FILL_AREA_STYLE_COLOUR('',#7706);
#7728 = STYLED_ITEM('color',(#7729),#2248);
#7729 = PRESENTATION_STYLE_ASSIGNMENT((#7730));
#7730 = SURFACE_STYLE_USAGE(.BOTH.,#7731);
#7731 = SURFACE_SIDE_STYLE('',(#7732));
#7732 = SURFACE_STYLE_FILL_AREA(#7733);
#7733 = FILL_AREA_STYLE('',(#7734));
#7734 = FILL_AREA_STYLE_COLOUR('',#7706);
#7735 = STYLED_ITEM('color',(#7736),#2498);
#7736 = PRESENTATION_STYLE_ASSIGNMENT((#7737));
#7737 = SURFACE_STYLE_USAGE(.BOTH.,#7738);
#7738 = SURFACE_SIDE_STYLE('',(#7739));
#7739 = SURFACE_STYLE_FILL_AREA(#7740);
#7740 = FILL_AREA_STYLE('',(#7741));
#7741 = FILL_AREA_STYLE_COLOUR('',#7706);
#7742 = STYLED_ITEM('color',(#7743),#2864);
#7743 = PRESENTATION_STYLE_ASSIGNMENT((#7744));
#7744 = SURFACE_STYLE_USAGE(.BOTH.,#7745);
#7745 = SURFACE_SIDE_STYLE('',(#7746));
#7746 = SURFACE_STYLE_FILL_AREA(#7747);
#7747 = FILL_AREA_STYLE('',(#7748));
#7748 = FILL_AREA_STYLE_COLOUR('',#7706);
#7749 = STYLED_ITEM('color',(#7750),#2894);
#7750 = PRESENTATION_STYLE_ASSIGNMENT((#7751));
#7751 = SURFACE_STYLE_USAGE(.BOTH.,#7752);
#7752 = SURFACE_SIDE_STYLE('',(#7753));
#7753 = SURFACE_STYLE_FILL_AREA(#7754);
#7754 = FILL_AREA_STYLE('',(#7755));
#7755 = FILL_AREA_STYLE_COLOUR('',#7706);
#7756 = STYLED_ITEM('color',(#7757),#2961);
#7757 = PRESENTATION_STYLE_ASSIGNMENT((#7758));
#7758 = SURFACE_STYLE_USAGE(.BOTH.,#7759);
#7759 = SURFACE_SIDE_STYLE('',(#7760));
#7760 = SURFACE_STYLE_FILL_AREA(#7761);
#7761 = FILL_AREA_STYLE('',(#7762));
#7762 = FILL_AREA_STYLE_COLOUR('',#7706);
#7763 = STYLED_ITEM('color',(#7764),#3012);
#7764 = PRESENTATION_STYLE_ASSIGNMENT((#7765));
#7765 = SURFACE_STYLE_USAGE(.BOTH.,#7766);
#7766 = SURFACE_SIDE_STYLE('',(#7767));
#7767 = SURFACE_STYLE_FILL_AREA(#7768);
#7768 = FILL_AREA_STYLE('',(#7769));
#7769 = FILL_AREA_STYLE_COLOUR('',#7706);
#7770 = STYLED_ITEM('color',(#7771),#3079);
#7771 = PRESENTATION_STYLE_ASSIGNMENT((#7772));
#7772 = SURFACE_STYLE_USAGE(.BOTH.,#7773);
#7773 = SURFACE_SIDE_STYLE('',(#7774));
#7774 = SURFACE_STYLE_FILL_AREA(#7775);
#7775 = FILL_AREA_STYLE('',(#7776));
#7776 = FILL_AREA_STYLE_COLOUR('',#7706);
#7777 = STYLED_ITEM('color',(#7778),#3130);
#7778 = PRESENTATION_STYLE_ASSIGNMENT((#7779));
#7779 = SURFACE_STYLE_USAGE(.BOTH.,#7780);
#7780 = SURFACE_SIDE_STYLE('',(#7781));
#7781 = SURFACE_STYLE_FILL_AREA(#7782);
#7782 = FILL_AREA_STYLE('',(#7783));
#7783 = FILL_AREA_STYLE_COLOUR('',#7706);
#7784 = STYLED_ITEM('color',(#7785),#3197);
#7785 = PRESENTATION_STYLE_ASSIGNMENT((#7786));
#7786 = SURFACE_STYLE_USAGE(.BOTH.,#7787);
#7787 = SURFACE_SIDE_STYLE('',(#7788));
#7788 = SURFACE_STYLE_FILL_AREA(#7789);
#7789 = FILL_AREA_STYLE('',(#7790));
#7790 = FILL_AREA_STYLE_COLOUR('',#7706);
#7791 = STYLED_ITEM('color',(#7792),#3248);
#7792 = PRESENTATION_STYLE_ASSIGNMENT((#7793));
#7793 = SURFACE_STYLE_USAGE(.BOTH.,#7794);
#7794 = SURFACE_SIDE_STYLE('',(#7795));
#7795 = SURFACE_STYLE_FILL_AREA(#7796);
#7796 = FILL_AREA_STYLE('',(#7797));
#7797 = FILL_AREA_STYLE_COLOUR('',#7706);
#7798 = STYLED_ITEM('color',(#7799),#3315);
#7799 = PRESENTATION_STYLE_ASSIGNMENT((#7800));
#7800 = SURFACE_STYLE_USAGE(.BOTH.,#7801);
#7801 = SURFACE_SIDE_STYLE('',(#7802));
#7802 = SURFACE_STYLE_FILL_AREA(#7803);
#7803 = FILL_AREA_STYLE('',(#7804));
#7804 = FILL_AREA_STYLE_COLOUR('',#7706);
#7805 = STYLED_ITEM('color',(#7806),#3366);
#7806 = PRESENTATION_STYLE_ASSIGNMENT((#7807));
#7807 = SURFACE_STYLE_USAGE(.BOTH.,#7808);
#7808 = SURFACE_SIDE_STYLE('',(#7809));
#7809 = SURFACE_STYLE_FILL_AREA(#7810);
#7810 = FILL_AREA_STYLE('',(#7811));
#7811 = FILL_AREA_STYLE_COLOUR('',#7706);
#7812 = STYLED_ITEM('color',(#7813),#3425);
#7813 = PRESENTATION_STYLE_ASSIGNMENT((#7814));
#7814 = SURFACE_STYLE_USAGE(.BOTH.,#7815);
#7815 = SURFACE_SIDE_STYLE('',(#7816));
#7816 = SURFACE_STYLE_FILL_AREA(#7817);
#7817 = FILL_AREA_STYLE('',(#7818));
#7818 = FILL_AREA_STYLE_COLOUR('',#7706);
#7819 = STYLED_ITEM('color',(#7820),#3468);
#7820 = PRESENTATION_STYLE_ASSIGNMENT((#7821));
#7821 = SURFACE_STYLE_USAGE(.BOTH.,#7822);
#7822 = SURFACE_SIDE_STYLE('',(#7823));
#7823 = SURFACE_STYLE_FILL_AREA(#7824);
#7824 = FILL_AREA_STYLE('',(#7825));
#7825 = FILL_AREA_STYLE_COLOUR('',#7706);
#7826 = STYLED_ITEM('color',(#7827),#3535);
#7827 = PRESENTATION_STYLE_ASSIGNMENT((#7828));
#7828 = SURFACE_STYLE_USAGE(.BOTH.,#7829);
#7829 = SURFACE_SIDE_STYLE('',(#7830));
#7830 = SURFACE_STYLE_FILL_AREA(#7831);
#7831 = FILL_AREA_STYLE('',(#7832));
#7832 = FILL_AREA_STYLE_COLOUR('',#7706);
#7833 = STYLED_ITEM('color',(#7834),#3586);
#7834 = PRESENTATION_STYLE_ASSIGNMENT((#7835));
#7835 = SURFACE_STYLE_USAGE(.BOTH.,#7836);
#7836 = SURFACE_SIDE_STYLE('',(#7837));
#7837 = SURFACE_STYLE_FILL_AREA(#7838);
#7838 = FILL_AREA_STYLE('',(#7839));
#7839 = FILL_AREA_STYLE_COLOUR('',#7706);
#7840 = STYLED_ITEM('color',(#7841),#3653);
#7841 = PRESENTATION_STYLE_ASSIGNMENT((#7842));
#7842 = SURFACE_STYLE_USAGE(.BOTH.,#7843);
#7843 = SURFACE_SIDE_STYLE('',(#7844));
#7844 = SURFACE_STYLE_FILL_AREA(#7845);
#7845 = FILL_AREA_STYLE('',(#7846));
#7846 = FILL_AREA_STYLE_COLOUR('',#7706);
#7847 = STYLED_ITEM('color',(#7848),#3704);
#7848 = PRESENTATION_STYLE_ASSIGNMENT((#7849));
#7849 = SURFACE_STYLE_USAGE(.BOTH.,#7850);
#7850 = SURFACE_SIDE_STYLE('',(#7851));
#7851 = SURFACE_STYLE_FILL_AREA(#7852);
#7852 = FILL_AREA_STYLE('',(#7853));
#7853 = FILL_AREA_STYLE_COLOUR('',#7706);
#7854 = STYLED_ITEM('color',(#7855),#3771);
#7855 = PRESENTATION_STYLE_ASSIGNMENT((#7856));
#7856 = SURFACE_STYLE_USAGE(.BOTH.,#7857);
#7857 = SURFACE_SIDE_STYLE('',(#7858));
#7858 = SURFACE_STYLE_FILL_AREA(#7859);
#7859 = FILL_AREA_STYLE('',(#7860));
#7860 = FILL_AREA_STYLE_COLOUR('',#7706);
#7861 = STYLED_ITEM('color',(#7862),#3822);
#7862 = PRESENTATION_STYLE_ASSIGNMENT((#7863));
#7863 = SURFACE_STYLE_USAGE(.BOTH.,#7864);
#7864 = SURFACE_SIDE_STYLE('',(#7865));
#7865 = SURFACE_STYLE_FILL_AREA(#7866);
#7866 = FILL_AREA_STYLE('',(#7867));
#7867 = FILL_AREA_STYLE_COLOUR('',#7706);
#7868 = STYLED_ITEM('color',(#7869),#3889);
#7869 = PRESENTATION_STYLE_ASSIGNMENT((#7870));
#7870 = SURFACE_STYLE_USAGE(.BOTH.,#7871);
#7871 = SURFACE_SIDE_STYLE('',(#7872));
#7872 = SURFACE_STYLE_FILL_AREA(#7873);
#7873 = FILL_AREA_STYLE('',(#7874));
#7874 = FILL_AREA_STYLE_COLOUR('',#7706);
#7875 = STYLED_ITEM('color',(#7876),#3932);
#7876 = PRESENTATION_STYLE_ASSIGNMENT((#7877));
#7877 = SURFACE_STYLE_USAGE(.BOTH.,#7878);
#7878 = SURFACE_SIDE_STYLE('',(#7879));
#7879 = SURFACE_STYLE_FILL_AREA(#7880);
#7880 = FILL_AREA_STYLE('',(#7881));
#7881 = FILL_AREA_STYLE_COLOUR('',#7706);
#7882 = STYLED_ITEM('color',(#7883),#3991);
#7883 = PRESENTATION_STYLE_ASSIGNMENT((#7884));
#7884 = SURFACE_STYLE_USAGE(.BOTH.,#7885);
#7885 = SURFACE_SIDE_STYLE('',(#7886));
#7886 = SURFACE_STYLE_FILL_AREA(#7887);
#7887 = FILL_AREA_STYLE('',(#7888));
#7888 = FILL_AREA_STYLE_COLOUR('',#7706);
#7889 = STYLED_ITEM('color',(#7890),#4050);
#7890 = PRESENTATION_STYLE_ASSIGNMENT((#7891));
#7891 = SURFACE_STYLE_USAGE(.BOTH.,#7892);
#7892 = SURFACE_SIDE_STYLE('',(#7893));
#7893 = SURFACE_STYLE_FILL_AREA(#7894);
#7894 = FILL_AREA_STYLE('',(#7895));
#7895 = FILL_AREA_STYLE_COLOUR('',#7706);
#7896 = STYLED_ITEM('color',(#7897),#4133);
#7897 = PRESENTATION_STYLE_ASSIGNMENT((#7898));
#7898 = SURFACE_STYLE_USAGE(.BOTH.,#7899);
#7899 = SURFACE_SIDE_STYLE('',(#7900));
#7900 = SURFACE_STYLE_FILL_AREA(#7901);
#7901 = FILL_AREA_STYLE('',(#7902));
#7902 = FILL_AREA_STYLE_COLOUR('',#7706);
#7903 = STYLED_ITEM('color',(#7904),#4175);
#7904 = PRESENTATION_STYLE_ASSIGNMENT((#7905));
#7905 = SURFACE_STYLE_USAGE(.BOTH.,#7906);
#7906 = SURFACE_SIDE_STYLE('',(#7907));
#7907 = SURFACE_STYLE_FILL_AREA(#7908);
#7908 = FILL_AREA_STYLE('',(#7909));
#7909 = FILL_AREA_STYLE_COLOUR('',#7706);
#7910 = STYLED_ITEM('color',(#7911),#4205);
#7911 = PRESENTATION_STYLE_ASSIGNMENT((#7912));
#7912 = SURFACE_STYLE_USAGE(.BOTH.,#7913);
#7913 = SURFACE_SIDE_STYLE('',(#7914));
#7914 = SURFACE_STYLE_FILL_AREA(#7915);
#7915 = FILL_AREA_STYLE('',(#7916));
#7916 = FILL_AREA_STYLE_COLOUR('',#7706);
#7917 = STYLED_ITEM('color',(#7918),#4272);
#7918 = PRESENTATION_STYLE_ASSIGNMENT((#7919));
#7919 = SURFACE_STYLE_USAGE(.BOTH.,#7920);
#7920 = SURFACE_SIDE_STYLE('',(#7921));
#7921 = SURFACE_STYLE_FILL_AREA(#7922);
#7922 = FILL_AREA_STYLE('',(#7923));
#7923 = FILL_AREA_STYLE_COLOUR('',#7706);
#7924 = STYLED_ITEM('color',(#7925),#4323);
#7925 = PRESENTATION_STYLE_ASSIGNMENT((#7926));
#7926 = SURFACE_STYLE_USAGE(.BOTH.,#7927);
#7927 = SURFACE_SIDE_STYLE('',(#7928));
#7928 = SURFACE_STYLE_FILL_AREA(#7929);
#7929 = FILL_AREA_STYLE('',(#7930));
#7930 = FILL_AREA_STYLE_COLOUR('',#7706);
#7931 = STYLED_ITEM('color',(#7932),#4390);
#7932 = PRESENTATION_STYLE_ASSIGNMENT((#7933));
#7933 = SURFACE_STYLE_USAGE(.BOTH.,#7934);
#7934 = SURFACE_SIDE_STYLE('',(#7935));
#7935 = SURFACE_STYLE_FILL_AREA(#7936);
#7936 = FILL_AREA_STYLE('',(#7937));
#7937 = FILL_AREA_STYLE_COLOUR('',#7706);
#7938 = STYLED_ITEM('color',(#7939),#4441);
#7939 = PRESENTATION_STYLE_ASSIGNMENT((#7940));
#7940 = SURFACE_STYLE_USAGE(.BOTH.,#7941);
#7941 = SURFACE_SIDE_STYLE('',(#7942));
#7942 = SURFACE_STYLE_FILL_AREA(#7943);
#7943 = FILL_AREA_STYLE('',(#7944));
#7944 = FILL_AREA_STYLE_COLOUR('',#7706);
#7945 = STYLED_ITEM('color',(#7946),#4508);
#7946 = PRESENTATION_STYLE_ASSIGNMENT((#7947));
#7947 = SURFACE_STYLE_USAGE(.BOTH.,#7948);
#7948 = SURFACE_SIDE_STYLE('',(#7949));
#7949 = SURFACE_STYLE_FILL_AREA(#7950);
#7950 = FILL_AREA_STYLE('',(#7951));
#7951 = FILL_AREA_STYLE_COLOUR('',#7706);
#7952 = STYLED_ITEM('color',(#7953),#4559);
#7953 = PRESENTATION_STYLE_ASSIGNMENT((#7954));
#7954 = SURFACE_STYLE_USAGE(.BOTH.,#7955);
#7955 = SURFACE_SIDE_STYLE('',(#7956));
#7956 = SURFACE_STYLE_FILL_AREA(#7957);
#7957 = FILL_AREA_STYLE('',(#7958));
#7958 = FILL_AREA_STYLE_COLOUR('',#7706);
#7959 = STYLED_ITEM('color',(#7960),#4626);
#7960 = PRESENTATION_STYLE_ASSIGNMENT((#7961));
#7961 = SURFACE_STYLE_USAGE(.BOTH.,#7962);
#7962 = SURFACE_SIDE_STYLE('',(#7963));
#7963 = SURFACE_STYLE_FILL_AREA(#7964);
#7964 = FILL_AREA_STYLE('',(#7965));
#7965 = FILL_AREA_STYLE_COLOUR('',#7706);
#7966 = STYLED_ITEM('color',(#7967),#4677);
#7967 = PRESENTATION_STYLE_ASSIGNMENT((#7968));
#7968 = SURFACE_STYLE_USAGE(.BOTH.,#7969);
#7969 = SURFACE_SIDE_STYLE('',(#7970));
#7970 = SURFACE_STYLE_FILL_AREA(#7971);
#7971 = FILL_AREA_STYLE('',(#7972));
#7972 = FILL_AREA_STYLE_COLOUR('',#7706);
#7973 = STYLED_ITEM('color',(#7974),#4736);
#7974 = PRESENTATION_STYLE_ASSIGNMENT((#7975));
#7975 = SURFACE_STYLE_USAGE(.BOTH.,#7976);
#7976 = SURFACE_SIDE_STYLE('',(#7977));
#7977 = SURFACE_STYLE_FILL_AREA(#7978);
#7978 = FILL_AREA_STYLE('',(#7979));
#7979 = FILL_AREA_STYLE_COLOUR('',#7706);
#7980 = STYLED_ITEM('color',(#7981),#4779);
#7981 = PRESENTATION_STYLE_ASSIGNMENT((#7982));
#7982 = SURFACE_STYLE_USAGE(.BOTH.,#7983);
#7983 = SURFACE_SIDE_STYLE('',(#7984));
#7984 = SURFACE_STYLE_FILL_AREA(#7985);
#7985 = FILL_AREA_STYLE('',(#7986));
#7986 = FILL_AREA_STYLE_COLOUR('',#7706);
#7987 = STYLED_ITEM('color',(#7988),#4846);
#7988 = PRESENTATION_STYLE_ASSIGNMENT((#7989));
#7989 = SURFACE_STYLE_USAGE(.BOTH.,#7990);
#7990 = SURFACE_SIDE_STYLE('',(#7991));
#7991 = SURFACE_STYLE_FILL_AREA(#7992);
#7992 = FILL_AREA_STYLE('',(#7993));
#7993 = FILL_AREA_STYLE_COLOUR('',#7706);
#7994 = STYLED_ITEM('color',(#7995),#4897);
#7995 = PRESENTATION_STYLE_ASSIGNMENT((#7996));
#7996 = SURFACE_STYLE_USAGE(.BOTH.,#7997);
#7997 = SURFACE_SIDE_STYLE('',(#7998));
#7998 = SURFACE_STYLE_FILL_AREA(#7999);
#7999 = FILL_AREA_STYLE('',(#8000));
#8000 = FILL_AREA_STYLE_COLOUR('',#7706);
#8001 = STYLED_ITEM('color',(#8002),#4964);
#8002 = PRESENTATION_STYLE_ASSIGNMENT((#8003));
#8003 = SURFACE_STYLE_USAGE(.BOTH.,#8004);
#8004 = SURFACE_SIDE_STYLE('',(#8005));
#8005 = SURFACE_STYLE_FILL_AREA(#8006);
#8006 = FILL_AREA_STYLE('',(#8007));
#8007 = FILL_AREA_STYLE_COLOUR('',#7706);
#8008 = STYLED_ITEM('color',(#8009),#5015);
#8009 = PRESENTATION_STYLE_ASSIGNMENT((#8010));
#8010 = SURFACE_STYLE_USAGE(.BOTH.,#8011);
#8011 = SURFACE_SIDE_STYLE('',(#8012));
#8012 = SURFACE_STYLE_FILL_AREA(#8013);
#8013 = FILL_AREA_STYLE('',(#8014));
#8014 = FILL_AREA_STYLE_COLOUR('',#7706);
#8015 = STYLED_ITEM('color',(#8016),#5082);
#8016 = PRESENTATION_STYLE_ASSIGNMENT((#8017));
#8017 = SURFACE_STYLE_USAGE(.BOTH.,#8018);
#8018 = SURFACE_SIDE_STYLE('',(#8019));
#8019 = SURFACE_STYLE_FILL_AREA(#8020);
#8020 = FILL_AREA_STYLE('',(#8021));
#8021 = FILL_AREA_STYLE_COLOUR('',#7706);
#8022 = STYLED_ITEM('color',(#8023),#5133);
#8023 = PRESENTATION_STYLE_ASSIGNMENT((#8024));
#8024 = SURFACE_STYLE_USAGE(.BOTH.,#8025);
#8025 = SURFACE_SIDE_STYLE('',(#8026));
#8026 = SURFACE_STYLE_FILL_AREA(#8027);
#8027 = FILL_AREA_STYLE('',(#8028));
#8028 = FILL_AREA_STYLE_COLOUR('',#7706);
#8029 = STYLED_ITEM('color',(#8030),#5200);
#8030 = PRESENTATION_STYLE_ASSIGNMENT((#8031));
#8031 = SURFACE_STYLE_USAGE(.BOTH.,#8032);
#8032 = SURFACE_SIDE_STYLE('',(#8033));
#8033 = SURFACE_STYLE_FILL_AREA(#8034);
#8034 = FILL_AREA_STYLE('',(#8035));
#8035 = FILL_AREA_STYLE_COLOUR('',#7706);
#8036 = STYLED_ITEM('color',(#8037),#5243);
#8037 = PRESENTATION_STYLE_ASSIGNMENT((#8038));
#8038 = SURFACE_STYLE_USAGE(.BOTH.,#8039);
#8039 = SURFACE_SIDE_STYLE('',(#8040));
#8040 = SURFACE_STYLE_FILL_AREA(#8041);
#8041 = FILL_AREA_STYLE('',(#8042));
#8042 = FILL_AREA_STYLE_COLOUR('',#7706);
#8043 = STYLED_ITEM('color',(#8044),#5302);
#8044 = PRESENTATION_STYLE_ASSIGNMENT((#8045));
#8045 = SURFACE_STYLE_USAGE(.BOTH.,#8046);
#8046 = SURFACE_SIDE_STYLE('',(#8047));
#8047 = SURFACE_STYLE_FILL_AREA(#8048);
#8048 = FILL_AREA_STYLE('',(#8049));
#8049 = FILL_AREA_STYLE_COLOUR('',#7706);
#8050 = STYLED_ITEM('color',(#8051),#5361);
#8051 = PRESENTATION_STYLE_ASSIGNMENT((#8052));
#8052 = SURFACE_STYLE_USAGE(.BOTH.,#8053);
#8053 = SURFACE_SIDE_STYLE('',(#8054));
#8054 = SURFACE_STYLE_FILL_AREA(#8055);
#8055 = FILL_AREA_STYLE('',(#8056));
#8056 = FILL_AREA_STYLE_COLOUR('',#7706);
#8057 = STYLED_ITEM('color',(#8058),#5444);
#8058 = PRESENTATION_STYLE_ASSIGNMENT((#8059));
#8059 = SURFACE_STYLE_USAGE(.BOTH.,#8060);
#8060 = SURFACE_SIDE_STYLE('',(#8061));
#8061 = SURFACE_STYLE_FILL_AREA(#8062);
#8062 = FILL_AREA_STYLE('',(#8063));
#8063 = FILL_AREA_STYLE_COLOUR('',#7706);
#8064 = STYLED_ITEM('color',(#8065),#5502);
#8065 = PRESENTATION_STYLE_ASSIGNMENT((#8066));
#8066 = SURFACE_STYLE_USAGE(.BOTH.,#8067);
#8067 = SURFACE_SIDE_STYLE('',(#8068));
#8068 = SURFACE_STYLE_FILL_AREA(#8069);
#8069 = FILL_AREA_STYLE('',(#8070));
#8070 = FILL_AREA_STYLE_COLOUR('',#7706);
#8071 = STYLED_ITEM('color',(#8072),#5805);
#8072 = PRESENTATION_STYLE_ASSIGNMENT((#8073));
#8073 = SURFACE_STYLE_USAGE(.BOTH.,#8074);
#8074 = SURFACE_SIDE_STYLE('',(#8075));
#8075 = SURFACE_STYLE_FILL_AREA(#8076);
#8076 = FILL_AREA_STYLE('',(#8077));
#8077 = FILL_AREA_STYLE_COLOUR('',#7706);
#8078 = STYLED_ITEM('color',(#8079),#5871);
#8079 = PRESENTATION_STYLE_ASSIGNMENT((#8080));
#8080 = SURFACE_STYLE_USAGE(.BOTH.,#8081);
#8081 = SURFACE_SIDE_STYLE('',(#8082));
#8082 = SURFACE_STYLE_FILL_AREA(#8083);
#8083 = FILL_AREA_STYLE('',(#8084));
#8084 = FILL_AREA_STYLE_COLOUR('',#7706);
#8085 = STYLED_ITEM('color',(#8086),#6174);
#8086 = PRESENTATION_STYLE_ASSIGNMENT((#8087));
#8087 = SURFACE_STYLE_USAGE(.BOTH.,#8088);
#8088 = SURFACE_SIDE_STYLE('',(#8089));
#8089 = SURFACE_STYLE_FILL_AREA(#8090);
#8090 = FILL_AREA_STYLE('',(#8091));
#8091 = FILL_AREA_STYLE_COLOUR('',#7706);
#8092 = STYLED_ITEM('color',(#8093),#6297);
#8093 = PRESENTATION_STYLE_ASSIGNMENT((#8094));
#8094 = SURFACE_STYLE_USAGE(.BOTH.,#8095);
#8095 = SURFACE_SIDE_STYLE('',(#8096));
#8096 = SURFACE_STYLE_FILL_AREA(#8097);
#8097 = FILL_AREA_STYLE('',(#8098));
#8098 = FILL_AREA_STYLE_COLOUR('',#7706);
#8099 = MECHANICAL_DESIGN_GEOMETRIC_PRESENTATION_REPRESENTATION('',(
    #8100),#7656);
#8100 = STYLED_ITEM('color',(#8101),#7124);
#8101 = PRESENTATION_STYLE_ASSIGNMENT((#8102));
#8102 = SURFACE_STYLE_USAGE(.BOTH.,#8103);
#8103 = SURFACE_SIDE_STYLE('',(#8104,#8108));
#8104 = SURFACE_STYLE_FILL_AREA(#8105);
#8105 = FILL_AREA_STYLE('',(#8106));
#8106 = FILL_AREA_STYLE_COLOUR('',#8107);
#8107 = COLOUR_RGB('',0.679975718802,0.701410709185,0.574871009914);
#8108 = SURFACE_STYLE_RENDERING_WITH_PROPERTIES(.NORMAL_SHADING.,#8107,(
    #8109));
#8109 = SURFACE_STYLE_TRANSPARENT(1.999998092651E-02);
ENDSEC;
END-ISO-10303-21;
